** Drc report for MI250X_8OAM_PCBWay_Chassis_Stub.kicad_pcb **
** Created on 2026-08-22T00:25:32+0000 **
** Report includes: Errors, Warnings, Exclusions **

** Found 54 DRC violations **
[copper_edge_clearance]: Board edge clearance violation (board setup constraints edge clearance 0.5000 mm; actual 0.0000 mm)
    Rule: board setup constraints edge; error
    @(0.0000 mm, 0.0000 mm): Rectangle on Edge.Cuts
    @(55.7000 mm, 370.0000 mm): NPTH pad of J_SB175
[copper_edge_clearance]: Board edge clearance violation (board setup constraints edge clearance 0.5000 mm; actual 0.0000 mm)
    Rule: board setup constraints edge; error
    @(0.0000 mm, 0.0000 mm): Rectangle on Edge.Cuts
    @(84.3000 mm, 370.0000 mm): NPTH pad of J_SB175
[clearance]: Clearance violation (netclass 'P48V' clearance 0.6400 mm; actual 0.4000 mm)
    Rule: netclass 'P48V'; error
    @(46.0500 mm, 157.0000 mm): Pad H58 [<no net>] of J0_Conn0 on F.Cu
    @(45.1500 mm, 157.0000 mm): Pad H59 [P48V] of J0_Conn0 on F.Cu
[clearance]: Clearance violation (netclass 'P48V' clearance 0.6400 mm; actual 0.4000 mm)
    Rule: netclass 'P48V'; error
    @(44.0500 mm, 158.5000 mm): Pad J60 [<no net>] of J0_Conn0 on F.Cu
    @(43.1500 mm, 158.5000 mm): Pad J61 [P48V] of J0_Conn0 on F.Cu
[clearance]: Clearance violation (netclass 'P48V' clearance 0.6400 mm; actual 0.4000 mm)
    Rule: netclass 'P48V'; error
    @(46.0500 mm, 160.0000 mm): Pad K58 [<no net>] of J0_Conn0 on F.Cu
    @(45.1500 mm, 160.0000 mm): Pad K59 [P48V] of J0_Conn0 on F.Cu
[clearance]: Clearance violation (netclass 'P48V' clearance 0.6400 mm; actual 0.4000 mm)
    Rule: netclass 'P48V'; error
    @(44.0500 mm, 161.5000 mm): Pad L60 [<no net>] of J0_Conn0 on F.Cu
    @(43.1500 mm, 161.5000 mm): Pad L61 [P48V] of J0_Conn0 on F.Cu
[clearance]: Clearance violation (netclass 'P48V' clearance 0.6400 mm; actual 0.4000 mm)
    Rule: netclass 'P48V'; error
    @(149.0500 mm, 157.0000 mm): Pad H58 [<no net>] of J1_Conn0 on F.Cu
    @(148.1500 mm, 157.0000 mm): Pad H59 [P48V] of J1_Conn0 on F.Cu
[clearance]: Clearance violation (netclass 'P48V' clearance 0.6400 mm; actual 0.4000 mm)
    Rule: netclass 'P48V'; error
    @(147.0500 mm, 158.5000 mm): Pad J60 [<no net>] of J1_Conn0 on F.Cu
    @(146.1500 mm, 158.5000 mm): Pad J61 [P48V] of J1_Conn0 on F.Cu
[clearance]: Clearance violation (netclass 'P48V' clearance 0.6400 mm; actual 0.4000 mm)
    Rule: netclass 'P48V'; error
    @(149.0500 mm, 160.0000 mm): Pad K58 [<no net>] of J1_Conn0 on F.Cu
    @(148.1500 mm, 160.0000 mm): Pad K59 [P48V] of J1_Conn0 on F.Cu
[clearance]: Clearance violation (netclass 'P48V' clearance 0.6400 mm; actual 0.4000 mm)
    Rule: netclass 'P48V'; error
    @(147.0500 mm, 161.5000 mm): Pad L60 [<no net>] of J1_Conn0 on F.Cu
    @(146.1500 mm, 161.5000 mm): Pad L61 [P48V] of J1_Conn0 on F.Cu
[clearance]: Clearance violation (netclass 'P48V' clearance 0.6400 mm; actual 0.4000 mm)
    Rule: netclass 'P48V'; error
    @(252.0500 mm, 157.0000 mm): Pad H58 [<no net>] of J2_Conn0 on F.Cu
    @(251.1500 mm, 157.0000 mm): Pad H59 [P48V] of J2_Conn0 on F.Cu
[clearance]: Clearance violation (netclass 'P48V' clearance 0.6400 mm; actual 0.4000 mm)
    Rule: netclass 'P48V'; error
    @(250.0500 mm, 158.5000 mm): Pad J60 [<no net>] of J2_Conn0 on F.Cu
    @(249.1500 mm, 158.5000 mm): Pad J61 [P48V] of J2_Conn0 on F.Cu
[clearance]: Clearance violation (netclass 'P48V' clearance 0.6400 mm; actual 0.4000 mm)
    Rule: netclass 'P48V'; error
    @(252.0500 mm, 160.0000 mm): Pad K58 [<no net>] of J2_Conn0 on F.Cu
    @(251.1500 mm, 160.0000 mm): Pad K59 [P48V] of J2_Conn0 on F.Cu
[clearance]: Clearance violation (netclass 'P48V' clearance 0.6400 mm; actual 0.4000 mm)
    Rule: netclass 'P48V'; error
    @(250.0500 mm, 161.5000 mm): Pad L60 [<no net>] of J2_Conn0 on F.Cu
    @(249.1500 mm, 161.5000 mm): Pad L61 [P48V] of J2_Conn0 on F.Cu
[clearance]: Clearance violation (netclass 'P48V' clearance 0.6400 mm; actual 0.4000 mm)
    Rule: netclass 'P48V'; error
    @(355.0500 mm, 157.0000 mm): Pad H58 [<no net>] of J3_Conn0 on F.Cu
    @(354.1500 mm, 157.0000 mm): Pad H59 [P48V] of J3_Conn0 on F.Cu
[clearance]: Clearance violation (netclass 'P48V' clearance 0.6400 mm; actual 0.4000 mm)
    Rule: netclass 'P48V'; error
    @(353.0500 mm, 158.5000 mm): Pad J60 [<no net>] of J3_Conn0 on F.Cu
    @(352.1500 mm, 158.5000 mm): Pad J61 [P48V] of J3_Conn0 on F.Cu
[clearance]: Clearance violation (netclass 'P48V' clearance 0.6400 mm; actual 0.4000 mm)
    Rule: netclass 'P48V'; error
    @(355.0500 mm, 160.0000 mm): Pad K58 [<no net>] of J3_Conn0 on F.Cu
    @(354.1500 mm, 160.0000 mm): Pad K59 [P48V] of J3_Conn0 on F.Cu
[clearance]: Clearance violation (netclass 'P48V' clearance 0.6400 mm; actual 0.4000 mm)
    Rule: netclass 'P48V'; error
    @(353.0500 mm, 161.5000 mm): Pad L60 [<no net>] of J3_Conn0 on F.Cu
    @(352.1500 mm, 161.5000 mm): Pad L61 [P48V] of J3_Conn0 on F.Cu
[clearance]: Clearance violation (netclass 'P48V' clearance 0.6400 mm; actual 0.4000 mm)
    Rule: netclass 'P48V'; error
    @(46.0500 mm, 323.0000 mm): Pad H58 [<no net>] of J4_Conn0 on F.Cu
    @(45.1500 mm, 323.0000 mm): Pad H59 [P48V] of J4_Conn0 on F.Cu
[clearance]: Clearance violation (netclass 'P48V' clearance 0.6400 mm; actual 0.4000 mm)
    Rule: netclass 'P48V'; error
    @(44.0500 mm, 324.5000 mm): Pad J60 [<no net>] of J4_Conn0 on F.Cu
    @(43.1500 mm, 324.5000 mm): Pad J61 [P48V] of J4_Conn0 on F.Cu
[clearance]: Clearance violation (netclass 'P48V' clearance 0.6400 mm; actual 0.4000 mm)
    Rule: netclass 'P48V'; error
    @(46.0500 mm, 326.0000 mm): Pad K58 [<no net>] of J4_Conn0 on F.Cu
    @(45.1500 mm, 326.0000 mm): Pad K59 [P48V] of J4_Conn0 on F.Cu
[clearance]: Clearance violation (netclass 'P48V' clearance 0.6400 mm; actual 0.4000 mm)
    Rule: netclass 'P48V'; error
    @(44.0500 mm, 327.5000 mm): Pad L60 [<no net>] of J4_Conn0 on F.Cu
    @(43.1500 mm, 327.5000 mm): Pad L61 [P48V] of J4_Conn0 on F.Cu
[clearance]: Clearance violation (netclass 'P48V' clearance 0.6400 mm; actual 0.4000 mm)
    Rule: netclass 'P48V'; error
    @(149.0500 mm, 323.0000 mm): Pad H58 [<no net>] of J5_Conn0 on F.Cu
    @(148.1500 mm, 323.0000 mm): Pad H59 [P48V] of J5_Conn0 on F.Cu
[clearance]: Clearance violation (netclass 'P48V' clearance 0.6400 mm; actual 0.4000 mm)
    Rule: netclass 'P48V'; error
    @(147.0500 mm, 324.5000 mm): Pad J60 [<no net>] of J5_Conn0 on F.Cu
    @(146.1500 mm, 324.5000 mm): Pad J61 [P48V] of J5_Conn0 on F.Cu
[clearance]: Clearance violation (netclass 'P48V' clearance 0.6400 mm; actual 0.4000 mm)
    Rule: netclass 'P48V'; error
    @(149.0500 mm, 326.0000 mm): Pad K58 [<no net>] of J5_Conn0 on F.Cu
    @(148.1500 mm, 326.0000 mm): Pad K59 [P48V] of J5_Conn0 on F.Cu
[clearance]: Clearance violation (netclass 'P48V' clearance 0.6400 mm; actual 0.4000 mm)
    Rule: netclass 'P48V'; error
    @(147.0500 mm, 327.5000 mm): Pad L60 [<no net>] of J5_Conn0 on F.Cu
    @(146.1500 mm, 327.5000 mm): Pad L61 [P48V] of J5_Conn0 on F.Cu
[clearance]: Clearance violation (netclass 'P48V' clearance 0.6400 mm; actual 0.4000 mm)
    Rule: netclass 'P48V'; error
    @(252.0500 mm, 323.0000 mm): Pad H58 [<no net>] of J6_Conn0 on F.Cu
    @(251.1500 mm, 323.0000 mm): Pad H59 [P48V] of J6_Conn0 on F.Cu
[clearance]: Clearance violation (netclass 'P48V' clearance 0.6400 mm; actual 0.4000 mm)
    Rule: netclass 'P48V'; error
    @(250.0500 mm, 324.5000 mm): Pad J60 [<no net>] of J6_Conn0 on F.Cu
    @(249.1500 mm, 324.5000 mm): Pad J61 [P48V] of J6_Conn0 on F.Cu
[clearance]: Clearance violation (netclass 'P48V' clearance 0.6400 mm; actual 0.4000 mm)
    Rule: netclass 'P48V'; error
    @(252.0500 mm, 326.0000 mm): Pad K58 [<no net>] of J6_Conn0 on F.Cu
    @(251.1500 mm, 326.0000 mm): Pad K59 [P48V] of J6_Conn0 on F.Cu
[clearance]: Clearance violation (netclass 'P48V' clearance 0.6400 mm; actual 0.4000 mm)
    Rule: netclass 'P48V'; error
    @(250.0500 mm, 327.5000 mm): Pad L60 [<no net>] of J6_Conn0 on F.Cu
    @(249.1500 mm, 327.5000 mm): Pad L61 [P48V] of J6_Conn0 on F.Cu
[clearance]: Clearance violation (netclass 'P48V' clearance 0.6400 mm; actual 0.4000 mm)
    Rule: netclass 'P48V'; error
    @(355.0500 mm, 323.0000 mm): Pad H58 [<no net>] of J7_Conn0 on F.Cu
    @(354.1500 mm, 323.0000 mm): Pad H59 [P48V] of J7_Conn0 on F.Cu
[clearance]: Clearance violation (netclass 'P48V' clearance 0.6400 mm; actual 0.4000 mm)
    Rule: netclass 'P48V'; error
    @(353.0500 mm, 324.5000 mm): Pad J60 [<no net>] of J7_Conn0 on F.Cu
    @(352.1500 mm, 324.5000 mm): Pad J61 [P48V] of J7_Conn0 on F.Cu
[clearance]: Clearance violation (netclass 'P48V' clearance 0.6400 mm; actual 0.4000 mm)
    Rule: netclass 'P48V'; error
    @(355.0500 mm, 326.0000 mm): Pad K58 [<no net>] of J7_Conn0 on F.Cu
    @(354.1500 mm, 326.0000 mm): Pad K59 [P48V] of J7_Conn0 on F.Cu
[clearance]: Clearance violation (netclass 'P48V' clearance 0.6400 mm; actual 0.4000 mm)
    Rule: netclass 'P48V'; error
    @(353.0500 mm, 327.5000 mm): Pad L60 [<no net>] of J7_Conn0 on F.Cu
    @(352.1500 mm, 327.5000 mm): Pad L61 [P48V] of J7_Conn0 on F.Cu
[silk_overlap]: Silkscreen overlap
    Rule: board setup constraints silk; warning
    @(472.0000 mm, 170.0000 mm): PCB text 'HOST CABLE KEEPOUT' on F.Silkscreen
    @(472.0000 mm, 170.0000 mm): PCB text '3x x16 + 4x x8 Gen3  MPN Unknown' on F.Silkscreen
[silk_overlap]: Silkscreen overlap
    Rule: board setup constraints silk; warning
    @(70.0000 mm, 334.0000 mm): Reference field of J_SB175
    @(71.5000 mm, 334.0000 mm): Reference field of J4_Conn0
[lib_footprint_mismatch]: Footprint '218910-1115_candidate' does not match copy in library 'footprints'.
    Local override; warning
    @(71.5000 mm, 154.0000 mm): Footprint J0_Conn0
[lib_footprint_mismatch]: Footprint '218910-1115_candidate' does not match copy in library 'footprints'.
    Local override; warning
    @(71.5000 mm, 52.0000 mm): Footprint J0_Conn1
[lib_footprint_mismatch]: Footprint '218910-1115_candidate' does not match copy in library 'footprints'.
    Local override; warning
    @(174.5000 mm, 154.0000 mm): Footprint J1_Conn0
[lib_footprint_mismatch]: Footprint '218910-1115_candidate' does not match copy in library 'footprints'.
    Local override; warning
    @(174.5000 mm, 52.0000 mm): Footprint J1_Conn1
[lib_footprint_mismatch]: Footprint '218910-1115_candidate' does not match copy in library 'footprints'.
    Local override; warning
    @(277.5000 mm, 154.0000 mm): Footprint J2_Conn0
[lib_footprint_mismatch]: Footprint '218910-1115_candidate' does not match copy in library 'footprints'.
    Local override; warning
    @(277.5000 mm, 52.0000 mm): Footprint J2_Conn1
[lib_footprint_mismatch]: Footprint '218910-1115_candidate' does not match copy in library 'footprints'.
    Local override; warning
    @(380.5000 mm, 154.0000 mm): Footprint J3_Conn0
[lib_footprint_mismatch]: Footprint '218910-1115_candidate' does not match copy in library 'footprints'.
    Local override; warning
    @(380.5000 mm, 52.0000 mm): Footprint J3_Conn1
[lib_footprint_mismatch]: Footprint '218910-1115_candidate' does not match copy in library 'footprints'.
    Local override; warning
    @(71.5000 mm, 320.0000 mm): Footprint J4_Conn0
[lib_footprint_mismatch]: Footprint '218910-1115_candidate' does not match copy in library 'footprints'.
    Local override; warning
    @(71.5000 mm, 218.0000 mm): Footprint J4_Conn1
[lib_footprint_mismatch]: Footprint '218910-1115_candidate' does not match copy in library 'footprints'.
    Local override; warning
    @(174.5000 mm, 320.0000 mm): Footprint J5_Conn0
[lib_footprint_mismatch]: Footprint '218910-1115_candidate' does not match copy in library 'footprints'.
    Local override; warning
    @(174.5000 mm, 218.0000 mm): Footprint J5_Conn1
[lib_footprint_mismatch]: Footprint '218910-1115_candidate' does not match copy in library 'footprints'.
    Local override; warning
    @(277.5000 mm, 320.0000 mm): Footprint J6_Conn0
[lib_footprint_mismatch]: Footprint '218910-1115_candidate' does not match copy in library 'footprints'.
    Local override; warning
    @(277.5000 mm, 218.0000 mm): Footprint J6_Conn1
[lib_footprint_mismatch]: Footprint '218910-1115_candidate' does not match copy in library 'footprints'.
    Local override; warning
    @(380.5000 mm, 320.0000 mm): Footprint J7_Conn0
[lib_footprint_mismatch]: Footprint '218910-1115_candidate' does not match copy in library 'footprints'.
    Local override; warning
    @(380.5000 mm, 218.0000 mm): Footprint J7_Conn1
[lib_footprint_mismatch]: Footprint 'Anderson_SB175_2pole' does not match copy in library 'footprints'.
    Local override; warning
    @(70.0000 mm, 362.0000 mm): Footprint J_SB175
[silk_edge_clearance]: Silkscreen clipped by board edge
    Rule: board setup constraints silk; warning
    @(0.0000 mm, 0.0000 mm): Rectangle on Edge.Cuts
    @(43.4500 mm, 344.3000 mm): Rectangle of J_SB175 on F.Silkscreen

** Found 499 unconnected pads **
[unconnected_items]: Missing connection between items
    Local override; error
    @(39.8500 mm, 49.0000 mm): Pad D64 [GND] of J0_Conn1 on F.Cu
    @(41.1500 mm, 49.0000 mm): Pad D63 [GND] of J0_Conn1 on F.Cu
[unconnected_items]: Missing connection between items
    Local override; error
    @(39.8500 mm, 52.0000 mm): Pad F64 [GND] of J0_Conn1 on F.Cu
    @(41.1500 mm, 52.0000 mm): Pad F63 [GND] of J0_Conn1 on F.Cu
[unconnected_items]: Missing connection between items
    Local override; error
    @(39.8500 mm, 55.0000 mm): Pad H64 [GND] of J0_Conn1 on F.Cu
    @(41.1500 mm, 55.0000 mm): Pad H63 [GND] of J0_Conn1 on F.Cu
[unconnected_items]: Missing connection between items
    Local override; error
    @(39.8500 mm, 215.0000 mm): Pad D64 [GND] of J4_Conn1 on F.Cu
    @(41.1500 mm, 215.0000 mm): Pad D63 [GND] of J4_Conn1 on F.Cu
[unconnected_items]: Missing connection between items
    Local override; error
    @(39.8500 mm, 218.0000 mm): Pad F64 [GND] of J4_Conn1 on F.Cu
    @(41.1500 mm, 218.0000 mm): Pad F63 [GND] of J4_Conn1 on F.Cu
[unconnected_items]: Missing connection between items
    Local override; error
    @(39.8500 mm, 221.0000 mm): Pad H64 [GND] of J4_Conn1 on F.Cu
    @(41.1500 mm, 221.0000 mm): Pad H63 [GND] of J4_Conn1 on F.Cu
[unconnected_items]: Missing connection between items
    Local override; error
    @(40.0500 mm, 155.5000 mm): Pad G64 [GND] of J0_Conn0 on F.Cu
    @(40.9500 mm, 155.5000 mm): Pad G63 [GND] of J0_Conn0 on F.Cu
[unconnected_items]: Missing connection between items
    Local override; error
    @(40.9500 mm, 321.5000 mm): Pad G63 [GND] of J4_Conn0 on F.Cu
    @(41.8500 mm, 321.5000 mm): Pad G62 [GND] of J4_Conn0 on F.Cu
[unconnected_items]: Missing connection between items
    Local override; error
    @(40.9500 mm, 321.5000 mm): Pad G63 [GND] of J4_Conn0 on F.Cu
    @(40.0500 mm, 321.5000 mm): Pad G64 [GND] of J4_Conn0 on F.Cu
[unconnected_items]: Missing connection between items
    Local override; error
    @(41.1500 mm, 49.0000 mm): Pad D63 [GND] of J0_Conn1 on F.Cu
    @(41.8500 mm, 50.5000 mm): Pad E62 [GND] of J0_Conn1 on F.Cu
[unconnected_items]: Missing connection between items
    Local override; error
    @(41.1500 mm, 52.0000 mm): Pad F63 [GND] of J0_Conn1 on F.Cu
    @(41.8500 mm, 50.5000 mm): Pad E62 [GND] of J0_Conn1 on F.Cu
[unconnected_items]: Missing connection between items
    Local override; error
    @(41.1500 mm, 215.0000 mm): Pad D63 [GND] of J4_Conn1 on F.Cu
    @(41.8500 mm, 213.5000 mm): Pad C62 [GND] of J4_Conn1 on F.Cu
[unconnected_items]: Missing connection between items
    Local override; error
    @(41.1500 mm, 218.0000 mm): Pad F63 [GND] of J4_Conn1 on F.Cu
    @(41.8500 mm, 216.5000 mm): Pad E62 [GND] of J4_Conn1 on F.Cu
[unconnected_items]: Missing connection between items
    Local override; error
    @(41.1500 mm, 221.0000 mm): Pad H63 [GND] of J4_Conn1 on F.Cu
    @(41.8500 mm, 219.5000 mm): Pad G62 [GND] of J4_Conn1 on F.Cu
[unconnected_items]: Missing connection between items
    Local override; error
    @(41.8500 mm, 47.5000 mm): Pad C62 [GND] of J0_Conn1 on F.Cu
    @(43.1500 mm, 47.5000 mm): Pad C61 [GND] of J0_Conn1 on F.Cu
[unconnected_items]: Missing connection between items
    Local override; error
    @(41.8500 mm, 50.5000 mm): Pad E62 [GND] of J0_Conn1 on F.Cu
    @(43.1500 mm, 50.5000 mm): Pad E61 [GND] of J0_Conn1 on F.Cu
[unconnected_items]: Missing connection between items
    Local override; error
    @(41.8500 mm, 53.5000 mm): Pad G62 [GND] of J0_Conn1 on F.Cu
    @(41.1500 mm, 52.0000 mm): Pad F63 [GND] of J0_Conn1 on F.Cu
[unconnected_items]: Missing connection between items
    Local override; error
    @(41.8500 mm, 53.5000 mm): Pad G62 [GND] of J0_Conn1 on F.Cu
    @(41.1500 mm, 55.0000 mm): Pad H63 [GND] of J0_Conn1 on F.Cu
[unconnected_items]: Missing connection between items
    Local override; error
    @(41.8500 mm, 56.5000 mm): Pad J62 [GND] of J0_Conn1 on F.Cu
    @(43.1500 mm, 56.5000 mm): Pad J61 [GND] of J0_Conn1 on F.Cu
[unconnected_items]: Missing connection between items
    Local override; error
    @(41.8500 mm, 56.5000 mm): Pad J62 [GND] of J0_Conn1 on F.Cu
    @(41.1500 mm, 55.0000 mm): Pad H63 [GND] of J0_Conn1 on F.Cu
[unconnected_items]: Missing connection between items
    Local override; error
    @(41.8500 mm, 59.5000 mm): Pad L62 [GND] of J0_Conn1 on F.Cu
    @(43.1500 mm, 59.5000 mm): Pad L61 [GND] of J0_Conn1 on F.Cu
[unconnected_items]: Missing connection between items
    Local override; error
    @(41.8500 mm, 155.5000 mm): Pad G62 [GND] of J0_Conn0 on F.Cu
    @(40.9500 mm, 155.5000 mm): Pad G63 [GND] of J0_Conn0 on F.Cu
[unconnected_items]: Missing connection between items
    Local override; error
    @(41.8500 mm, 210.5000 mm): Pad A62 [GND] of J4_Conn1 on F.Cu
    @(43.1500 mm, 210.5000 mm): Pad A61 [GND] of J4_Conn1 on F.Cu
[unconnected_items]: Missing connection between items
    Local override; error
    @(41.8500 mm, 216.5000 mm): Pad E62 [GND] of J4_Conn1 on F.Cu
    @(41.1500 mm, 215.0000 mm): Pad D63 [GND] of J4_Conn1 on F.Cu
[unconnected_items]: Missing connection between items
    Local override; error
    @(41.8500 mm, 219.5000 mm): Pad G62 [GND] of J4_Conn1 on F.Cu
    @(41.1500 mm, 218.0000 mm): Pad F63 [GND] of J4_Conn1 on F.Cu
[unconnected_items]: Missing connection between items
    Local override; error
    @(41.8500 mm, 222.5000 mm): Pad J62 [GND] of J4_Conn1 on F.Cu
    @(41.1500 mm, 221.0000 mm): Pad H63 [GND] of J4_Conn1 on F.Cu
[unconnected_items]: Missing connection between items
    Local override; error
    @(41.8500 mm, 225.5000 mm): Pad L62 [GND] of J4_Conn1 on F.Cu
    @(43.1500 mm, 225.5000 mm): Pad L61 [GND] of J4_Conn1 on F.Cu
[unconnected_items]: Missing connection between items
    Local override; error
    @(43.1500 mm, 44.5000 mm): Pad A61 [GND] of J0_Conn1 on F.Cu
    @(41.8500 mm, 44.5000 mm): Pad A62 [GND] of J0_Conn1 on F.Cu
[unconnected_items]: Missing connection between items
    Local override; error
    @(43.1500 mm, 47.5000 mm): Pad C61 [GND] of J0_Conn1 on F.Cu
    @(43.8500 mm, 49.0000 mm): Pad D60 [GND] of J0_Conn1 on F.Cu
[unconnected_items]: Missing connection between items
    Local override; error
    @(43.1500 mm, 50.5000 mm): Pad E61 [GND] of J0_Conn1 on F.Cu
    @(43.8500 mm, 49.0000 mm): Pad D60 [GND] of J0_Conn1 on F.Cu
[unconnected_items]: Missing connection between items
    Local override; error
    @(43.1500 mm, 53.5000 mm): Pad G61 [GND] of J0_Conn1 on F.Cu
    @(41.8500 mm, 53.5000 mm): Pad G62 [GND] of J0_Conn1 on F.Cu
[unconnected_items]: Missing connection between items
    Local override; error
    @(43.1500 mm, 155.5000 mm): Pad G61 [GND] of J0_Conn0 on F.Cu
    @(41.8500 mm, 155.5000 mm): Pad G62 [GND] of J0_Conn0 on F.Cu
[unconnected_items]: Missing connection between items
    Local override; error
    @(43.1500 mm, 213.5000 mm): Pad C61 [GND] of J4_Conn1 on F.Cu
    @(41.8500 mm, 213.5000 mm): Pad C62 [GND] of J4_Conn1 on F.Cu
[unconnected_items]: Missing connection between items
    Local override; error
    @(43.1500 mm, 213.5000 mm): Pad C61 [GND] of J4_Conn1 on F.Cu
    @(43.8500 mm, 212.0000 mm): Pad B60 [GND] of J4_Conn1 on F.Cu
[unconnected_items]: Missing connection between items
    Local override; error
    @(43.1500 mm, 216.5000 mm): Pad E61 [GND] of J4_Conn1 on F.Cu
    @(41.8500 mm, 216.5000 mm): Pad E62 [GND] of J4_Conn1 on F.Cu
[unconnected_items]: Missing connection between items
    Local override; error
    @(43.1500 mm, 216.5000 mm): Pad E61 [GND] of J4_Conn1 on F.Cu
    @(43.8500 mm, 215.0000 mm): Pad D60 [GND] of J4_Conn1 on F.Cu
[unconnected_items]: Missing connection between items
    Local override; error
    @(43.1500 mm, 219.5000 mm): Pad G61 [GND] of J4_Conn1 on F.Cu
    @(41.8500 mm, 219.5000 mm): Pad G62 [GND] of J4_Conn1 on F.Cu
[unconnected_items]: Missing connection between items
    Local override; error
    @(43.1500 mm, 222.5000 mm): Pad J61 [GND] of J4_Conn1 on F.Cu
    @(41.8500 mm, 222.5000 mm): Pad J62 [GND] of J4_Conn1 on F.Cu
[unconnected_items]: Missing connection between items
    Local override; error
    @(43.1500 mm, 225.5000 mm): Pad L61 [GND] of J4_Conn1 on F.Cu
    @(43.8500 mm, 224.0000 mm): Pad K60 [GND] of J4_Conn1 on F.Cu
[unconnected_items]: Missing connection between items
    Local override; error
    @(43.1500 mm, 321.5000 mm): Pad G61 [GND] of J4_Conn0 on F.Cu
    @(41.8500 mm, 321.5000 mm): Pad G62 [GND] of J4_Conn0 on F.Cu
[unconnected_items]: Missing connection between items
    Local override; error
    @(43.8500 mm, 46.0000 mm): Pad B60 [GND] of J0_Conn1 on F.Cu
    @(43.1500 mm, 44.5000 mm): Pad A61 [GND] of J0_Conn1 on F.Cu
[unconnected_items]: Missing connection between items
    Local override; error
    @(43.8500 mm, 49.0000 mm): Pad D60 [GND] of J0_Conn1 on F.Cu
    @(45.1500 mm, 49.0000 mm): Pad D59 [GND] of J0_Conn1 on F.Cu
[unconnected_items]: Missing connection between items
    Local override; error
    @(43.8500 mm, 52.0000 mm): Pad F60 [GND] of J0_Conn1 on F.Cu
    @(43.1500 mm, 50.5000 mm): Pad E61 [GND] of J0_Conn1 on F.Cu
[unconnected_items]: Missing connection between items
    Local override; error
    @(43.8500 mm, 55.0000 mm): Pad H60 [GND] of J0_Conn1 on F.Cu
    @(43.1500 mm, 53.5000 mm): Pad G61 [GND] of J0_Conn1 on F.Cu
[unconnected_items]: Missing connection between items
    Local override; error
    @(43.8500 mm, 58.0000 mm): Pad K60 [GND] of J0_Conn1 on F.Cu
    @(43.1500 mm, 59.5000 mm): Pad L61 [GND] of J0_Conn1 on F.Cu
[unconnected_items]: Missing connection between items
    Local override; error
    @(43.8500 mm, 212.0000 mm): Pad B60 [GND] of J4_Conn1 on F.Cu
    @(43.1500 mm, 210.5000 mm): Pad A61 [GND] of J4_Conn1 on F.Cu
[unconnected_items]: Missing connection between items
    Local override; error
    @(43.8500 mm, 218.0000 mm): Pad F60 [GND] of J4_Conn1 on F.Cu
    @(43.1500 mm, 219.5000 mm): Pad G61 [GND] of J4_Conn1 on F.Cu
[unconnected_items]: Missing connection between items
    Local override; error
    @(43.8500 mm, 221.0000 mm): Pad H60 [GND] of J4_Conn1 on F.Cu
    @(43.1500 mm, 222.5000 mm): Pad J61 [GND] of J4_Conn1 on F.Cu
[unconnected_items]: Missing connection between items
    Local override; error
    @(43.8500 mm, 224.0000 mm): Pad K60 [GND] of J4_Conn1 on F.Cu
    @(45.1500 mm, 224.0000 mm): Pad K59 [GND] of J4_Conn1 on F.Cu
[unconnected_items]: Missing connection between items
    Local override; error
    @(43.8500 mm, 224.0000 mm): Pad K60 [GND] of J4_Conn1 on F.Cu
    @(43.1500 mm, 222.5000 mm): Pad J61 [GND] of J4_Conn1 on F.Cu
[unconnected_items]: Missing connection between items
    Local override; error
    @(44.0500 mm, 155.5000 mm): Pad G60 [GND] of J0_Conn0 on F.Cu
    @(43.1500 mm, 155.5000 mm): Pad G61 [GND] of J0_Conn0 on F.Cu
[unconnected_items]: Missing connection between items
    Local override; error
    @(44.0500 mm, 321.5000 mm): Pad G60 [GND] of J4_Conn0 on F.Cu
    @(43.1500 mm, 321.5000 mm): Pad G61 [GND] of J4_Conn0 on F.Cu
[unconnected_items]: Missing connection between items
    Local override; error
    @(44.9500 mm, 155.5000 mm): Pad G59 [GND] of J0_Conn0 on F.Cu
    @(44.0500 mm, 155.5000 mm): Pad G60 [GND] of J0_Conn0 on F.Cu
[unconnected_items]: Missing connection between items
    Local override; error
    @(44.9500 mm, 158.5000 mm): Pad J59 [GND] of J0_Conn0 on F.Cu
    @(45.8500 mm, 158.5000 mm): Pad J58 [GND] of J0_Conn0 on F.Cu
[unconnected_items]: Missing connection between items
    Local override; error
    @(44.9500 mm, 161.5000 mm): Pad L59 [GND] of J0_Conn0 on F.Cu
    @(45.8500 mm, 161.5000 mm): Pad L58 [GND] of J0_Conn0 on F.Cu
[unconnected_items]: Missing connection between items
    Local override; error
    @(44.9500 mm, 321.5000 mm): Pad G59 [GND] of J4_Conn0 on F.Cu
    @(44.0500 mm, 321.5000 mm): Pad G60 [GND] of J4_Conn0 on F.Cu
[unconnected_items]: Missing connection between items
    Local override; error
    @(44.9500 mm, 324.5000 mm): Pad J59 [GND] of J4_Conn0 on F.Cu
    @(45.8500 mm, 324.5000 mm): Pad J58 [GND] of J4_Conn0 on F.Cu
[unconnected_items]: Missing connection between items
    Local override; error
    @(45.1500 mm, 46.0000 mm): Pad B59 [GND] of J0_Conn1 on F.Cu
    @(43.8500 mm, 46.0000 mm): Pad B60 [GND] of J0_Conn1 on F.Cu
[unconnected_items]: Missing connection between items
    Local override; error
    @(45.1500 mm, 46.0000 mm): Pad B59 [GND] of J0_Conn1 on F.Cu
    @(45.8500 mm, 47.5000 mm): Pad C58 [GND] of J0_Conn1 on F.Cu
[unconnected_items]: Missing connection between items
    Local override; error
    @(45.1500 mm, 49.0000 mm): Pad D59 [GND] of J0_Conn1 on F.Cu
    @(45.8500 mm, 47.5000 mm): Pad C58 [GND] of J0_Conn1 on F.Cu
[unconnected_items]: Missing connection between items
    Local override; error
    @(45.1500 mm, 52.0000 mm): Pad F59 [GND] of J0_Conn1 on F.Cu
    @(43.8500 mm, 52.0000 mm): Pad F60 [GND] of J0_Conn1 on F.Cu
[unconnected_items]: Missing connection between items
    Local override; error
    @(45.1500 mm, 52.0000 mm): Pad F59 [GND] of J0_Conn1 on F.Cu
    @(45.8500 mm, 50.5000 mm): Pad E58 [GND] of J0_Conn1 on F.Cu
[unconnected_items]: Missing connection between items
    Local override; error
    @(45.1500 mm, 55.0000 mm): Pad H59 [GND] of J0_Conn1 on F.Cu
    @(43.8500 mm, 55.0000 mm): Pad H60 [GND] of J0_Conn1 on F.Cu
[unconnected_items]: Missing connection between items
    Local override; error
    @(45.1500 mm, 58.0000 mm): Pad K59 [GND] of J0_Conn1 on F.Cu
    @(43.8500 mm, 58.0000 mm): Pad K60 [GND] of J0_Conn1 on F.Cu
[unconnected_items]: Missing connection between items
    Local override; error
    @(45.1500 mm, 58.0000 mm): Pad K59 [GND] of J0_Conn1 on F.Cu
    @(45.8500 mm, 59.5000 mm): Pad L58 [GND] of J0_Conn1 on F.Cu
[unconnected_items]: Missing connection between items
    Local override; error
    @(45.1500 mm, 212.0000 mm): Pad B59 [GND] of J4_Conn1 on F.Cu
    @(43.8500 mm, 212.0000 mm): Pad B60 [GND] of J4_Conn1 on F.Cu
[unconnected_items]: Missing connection between items
    Local override; error
    @(45.1500 mm, 215.0000 mm): Pad D59 [GND] of J4_Conn1 on F.Cu
    @(43.8500 mm, 215.0000 mm): Pad D60 [GND] of J4_Conn1 on F.Cu
[unconnected_items]: Missing connection between items
    Local override; error
    @(45.1500 mm, 215.0000 mm): Pad D59 [GND] of J4_Conn1 on F.Cu
    @(45.8500 mm, 213.5000 mm): Pad C58 [GND] of J4_Conn1 on F.Cu
[unconnected_items]: Missing connection between items
    Local override; error
    @(45.1500 mm, 218.0000 mm): Pad F59 [GND] of J4_Conn1 on F.Cu
    @(43.8500 mm, 218.0000 mm): Pad F60 [GND] of J4_Conn1 on F.Cu
[unconnected_items]: Missing connection between items
    Local override; error
    @(45.1500 mm, 221.0000 mm): Pad H59 [GND] of J4_Conn1 on F.Cu
    @(43.8500 mm, 221.0000 mm): Pad H60 [GND] of J4_Conn1 on F.Cu
[unconnected_items]: Missing connection between items
    Local override; error
    @(45.8500 mm, 53.5000 mm): Pad G58 [GND] of J0_Conn1 on F.Cu
    @(45.1500 mm, 52.0000 mm): Pad F59 [GND] of J0_Conn1 on F.Cu
[unconnected_items]: Missing connection between items
    Local override; error
    @(45.8500 mm, 56.5000 mm): Pad J58 [GND] of J0_Conn1 on F.Cu
    @(45.1500 mm, 55.0000 mm): Pad H59 [GND] of J0_Conn1 on F.Cu
[unconnected_items]: Missing connection between items
    Local override; error
    @(45.8500 mm, 59.5000 mm): Pad L58 [GND] of J0_Conn1 on F.Cu
    @(47.1500 mm, 59.5000 mm): Pad L57 [GND] of J0_Conn1 on F.Cu
[unconnected_items]: Missing connection between items
    Local override; error
    @(45.8500 mm, 149.5000 mm): Pad C58 [GND] of J0_Conn0 on F.Cu
    @(47.1500 mm, 149.5000 mm): Pad C57 [GND] of J0_Conn0 on F.Cu
[unconnected_items]: Missing connection between items
    Local override; error
    @(45.8500 mm, 149.5000 mm): Pad C58 [GND] of J0_Conn0 on F.Cu
    @(46.0500 mm, 148.0000 mm): Pad B58 [GND] of J0_Conn0 on F.Cu
[unconnected_items]: Missing connection between items
    Local override; error
    @(45.8500 mm, 149.5000 mm): Pad C58 [GND] of J0_Conn0 on F.Cu
    @(46.0500 mm, 151.0000 mm): Pad D58 [GND] of J0_Conn0 on F.Cu
[unconnected_items]: Missing connection between items
    Local override; error
    @(45.8500 mm, 152.5000 mm): Pad E58 [GND] of J0_Conn0 on F.Cu
    @(47.1500 mm, 152.5000 mm): Pad E57 [GND] of J0_Conn0 on F.Cu
[unconnected_items]: Missing connection between items
    Local override; error
    @(45.8500 mm, 155.5000 mm): Pad G58 [GND] of J0_Conn0 on F.Cu
    @(44.9500 mm, 155.5000 mm): Pad G59 [GND] of J0_Conn0 on F.Cu
[unconnected_items]: Missing connection between items
    Local override; error
    @(45.8500 mm, 155.5000 mm): Pad G58 [GND] of J0_Conn0 on F.Cu
    @(47.1500 mm, 155.5000 mm): Pad G57 [GND] of J0_Conn0 on F.Cu
[unconnected_items]: Missing connection between items
    Local override; error
    @(45.8500 mm, 158.5000 mm): Pad J58 [GND] of J0_Conn0 on F.Cu
    @(47.1500 mm, 158.5000 mm): Pad J57 [GND] of J0_Conn0 on F.Cu
[unconnected_items]: Missing connection between items
    Local override; error
    @(45.8500 mm, 213.5000 mm): Pad C58 [GND] of J4_Conn1 on F.Cu
    @(47.1500 mm, 213.5000 mm): Pad C57 [GND] of J4_Conn1 on F.Cu
[unconnected_items]: Missing connection between items
    Local override; error
    @(45.8500 mm, 216.5000 mm): Pad E58 [GND] of J4_Conn1 on F.Cu
    @(47.1500 mm, 216.5000 mm): Pad E57 [GND] of J4_Conn1 on F.Cu
[unconnected_items]: Missing connection between items
    Local override; error
    @(45.8500 mm, 219.5000 mm): Pad G58 [GND] of J4_Conn1 on F.Cu
    @(47.1500 mm, 219.5000 mm): Pad G57 [GND] of J4_Conn1 on F.Cu
[unconnected_items]: Missing connection between items
    Local override; error
    @(45.8500 mm, 222.5000 mm): Pad J58 [GND] of J4_Conn1 on F.Cu
    @(47.1500 mm, 222.5000 mm): Pad J57 [GND] of J4_Conn1 on F.Cu
[unconnected_items]: Missing connection between items
    Local override; error
    @(45.8500 mm, 225.5000 mm): Pad L58 [GND] of J4_Conn1 on F.Cu
    @(47.1500 mm, 225.5000 mm): Pad L57 [GND] of J4_Conn1 on F.Cu
[unconnected_items]: Missing connection between items
    Local override; error
    @(45.8500 mm, 315.5000 mm): Pad C58 [GND] of J4_Conn0 on F.Cu
    @(47.1500 mm, 315.5000 mm): Pad C57 [GND] of J4_Conn0 on F.Cu
[unconnected_items]: Missing connection between items
    Local override; error
    @(45.8500 mm, 318.5000 mm): Pad E58 [GND] of J4_Conn0 on F.Cu
    @(47.1500 mm, 318.5000 mm): Pad E57 [GND] of J4_Conn0 on F.Cu
[unconnected_items]: Missing connection between items
    Local override; error
    @(45.8500 mm, 321.5000 mm): Pad G58 [GND] of J4_Conn0 on F.Cu
    @(44.9500 mm, 321.5000 mm): Pad G59 [GND] of J4_Conn0 on F.Cu
[unconnected_items]: Missing connection between items
    Local override; error
    @(45.8500 mm, 321.5000 mm): Pad G58 [GND] of J4_Conn0 on F.Cu
    @(47.1500 mm, 321.5000 mm): Pad G57 [GND] of J4_Conn0 on F.Cu
[unconnected_items]: Missing connection between items
    Local override; error
    @(45.8500 mm, 324.5000 mm): Pad J58 [GND] of J4_Conn0 on F.Cu
    @(47.1500 mm, 324.5000 mm): Pad J57 [GND] of J4_Conn0 on F.Cu
[unconnected_items]: Missing connection between items
    Local override; error
    @(45.8500 mm, 327.5000 mm): Pad L58 [GND] of J4_Conn0 on F.Cu
    @(44.9500 mm, 327.5000 mm): Pad L59 [GND] of J4_Conn0 on F.Cu
[unconnected_items]: Missing connection between items
    Local override; error
    @(46.0500 mm, 148.0000 mm): Pad B58 [GND] of J0_Conn0 on F.Cu
    @(46.9500 mm, 148.0000 mm): Pad B57 [GND] of J0_Conn0 on F.Cu
[unconnected_items]: Missing connection between items
    Local override; error
    @(46.0500 mm, 148.0000 mm): Pad B58 [GND] of J0_Conn0 on F.Cu
    @(45.8500 mm, 146.5000 mm): Pad A58 [GND] of J0_Conn0 on F.Cu
[unconnected_items]: Missing connection between items
    Local override; error
    @(46.0500 mm, 151.0000 mm): Pad D58 [GND] of J0_Conn0 on F.Cu
    @(46.9500 mm, 151.0000 mm): Pad D57 [GND] of J0_Conn0 on F.Cu
[unconnected_items]: Missing connection between items
    Local override; error
    @(46.0500 mm, 154.0000 mm): Pad F58 [GND] of J0_Conn0 on F.Cu
    @(46.9500 mm, 154.0000 mm): Pad F57 [GND] of J0_Conn0 on F.Cu
[unconnected_items]: Missing connection between items
    Local override; error
    @(46.0500 mm, 314.0000 mm): Pad B58 [GND] of J4_Conn0 on F.Cu
    @(46.9500 mm, 314.0000 mm): Pad B57 [GND] of J4_Conn0 on F.Cu
[unconnected_items]: Missing connection between items
    Local override; error
    @(46.0500 mm, 314.0000 mm): Pad B58 [GND] of J4_Conn0 on F.Cu
    @(45.8500 mm, 312.5000 mm): Pad A58 [GND] of J4_Conn0 on F.Cu
[unconnected_items]: Missing connection between items
    Local override; error
    @(46.0500 mm, 314.0000 mm): Pad B58 [GND] of J4_Conn0 on F.Cu
    @(45.8500 mm, 315.5000 mm): Pad C58 [GND] of J4_Conn0 on F.Cu
[unconnected_items]: Missing connection between items
    Local override; error
    @(46.0500 mm, 317.0000 mm): Pad D58 [GND] of J4_Conn0 on F.Cu
    @(46.9500 mm, 317.0000 mm): Pad D57 [GND] of J4_Conn0 on F.Cu
[unconnected_items]: Missing connection between items
    Local override; error
    @(46.0500 mm, 320.0000 mm): Pad F58 [GND] of J4_Conn0 on F.Cu
    @(46.9500 mm, 320.0000 mm): Pad F57 [GND] of J4_Conn0 on F.Cu
[unconnected_items]: Missing connection between items
    Local override; error
    @(46.9500 mm, 151.0000 mm): Pad D57 [GND] of J0_Conn0 on F.Cu
    @(47.8500 mm, 151.0000 mm): Pad D56 [GND] of J0_Conn0 on F.Cu
[unconnected_items]: Missing connection between items
    Local override; error
    @(46.9500 mm, 151.0000 mm): Pad D57 [GND] of J0_Conn0 on F.Cu
    @(47.1500 mm, 152.5000 mm): Pad E57 [GND] of J0_Conn0 on F.Cu
[unconnected_items]: Missing connection between items
    Local override; error
    @(46.9500 mm, 154.0000 mm): Pad F57 [GND] of J0_Conn0 on F.Cu
    @(47.8500 mm, 154.0000 mm): Pad F56 [GND] of J0_Conn0 on F.Cu
[unconnected_items]: Missing connection between items
    Local override; error
    @(46.9500 mm, 160.0000 mm): Pad K57 [GND] of J0_Conn0 on F.Cu
    @(47.1500 mm, 158.5000 mm): Pad J57 [GND] of J0_Conn0 on F.Cu
[unconnected_items]: Missing connection between items
    Local override; error
    @(46.9500 mm, 160.0000 mm): Pad K57 [GND] of J0_Conn0 on F.Cu
    @(47.1500 mm, 161.5000 mm): Pad L57 [GND] of J0_Conn0 on F.Cu
[unconnected_items]: Missing connection between items
    Local override; error
    @(46.9500 mm, 314.0000 mm): Pad B57 [GND] of J4_Conn0 on F.Cu
    @(47.8500 mm, 314.0000 mm): Pad B56 [GND] of J4_Conn0 on F.Cu
[unconnected_items]: Missing connection between items
    Local override; error
    @(46.9500 mm, 317.0000 mm): Pad D57 [GND] of J4_Conn0 on F.Cu
    @(47.8500 mm, 317.0000 mm): Pad D56 [GND] of J4_Conn0 on F.Cu
[unconnected_items]: Missing connection between items
    Local override; error
    @(46.9500 mm, 317.0000 mm): Pad D57 [GND] of J4_Conn0 on F.Cu
    @(47.1500 mm, 315.5000 mm): Pad C57 [GND] of J4_Conn0 on F.Cu
[unconnected_items]: Missing connection between items
    Local override; error
    @(46.9500 mm, 323.0000 mm): Pad H57 [GND] of J4_Conn0 on F.Cu
    @(47.1500 mm, 321.5000 mm): Pad G57 [GND] of J4_Conn0 on F.Cu
[unconnected_items]: Missing connection between items
    Local override; error
    @(46.9500 mm, 323.0000 mm): Pad H57 [GND] of J4_Conn0 on F.Cu
    @(47.1500 mm, 324.5000 mm): Pad J57 [GND] of J4_Conn0 on F.Cu
[unconnected_items]: Missing connection between items
    Local override; error
    @(46.9500 mm, 326.0000 mm): Pad K57 [GND] of J4_Conn0 on F.Cu
    @(47.8500 mm, 326.0000 mm): Pad K56 [GND] of J4_Conn0 on F.Cu
[unconnected_items]: Missing connection between items
    Local override; error
    @(47.1500 mm, 44.5000 mm): Pad A57 [GND] of J0_Conn1 on F.Cu
    @(45.8500 mm, 44.5000 mm): Pad A58 [GND] of J0_Conn1 on F.Cu
[unconnected_items]: Missing connection between items
    Local override; error
    @(47.1500 mm, 44.5000 mm): Pad A57 [GND] of J0_Conn1 on F.Cu
    @(47.8500 mm, 46.0000 mm): Pad B56 [GND] of J0_Conn1 on F.Cu
[unconnected_items]: Missing connection between items
    Local override; error
    @(47.1500 mm, 47.5000 mm): Pad C57 [GND] of J0_Conn1 on F.Cu
    @(45.8500 mm, 47.5000 mm): Pad C58 [GND] of J0_Conn1 on F.Cu
[unconnected_items]: Missing connection between items
    Local override; error
    @(47.1500 mm, 47.5000 mm): Pad C57 [GND] of J0_Conn1 on F.Cu
    @(47.8500 mm, 46.0000 mm): Pad B56 [GND] of J0_Conn1 on F.Cu
[unconnected_items]: Missing connection between items
    Local override; error
    @(47.1500 mm, 47.5000 mm): Pad C57 [GND] of J0_Conn1 on F.Cu
    @(47.8500 mm, 49.0000 mm): Pad D56 [GND] of J0_Conn1 on F.Cu
[unconnected_items]: Missing connection between items
    Local override; error
    @(47.1500 mm, 50.5000 mm): Pad E57 [GND] of J0_Conn1 on F.Cu
    @(45.8500 mm, 50.5000 mm): Pad E58 [GND] of J0_Conn1 on F.Cu
[unconnected_items]: Missing connection between items
    Local override; error
    @(47.1500 mm, 53.5000 mm): Pad G57 [GND] of J0_Conn1 on F.Cu
    @(45.8500 mm, 53.5000 mm): Pad G58 [GND] of J0_Conn1 on F.Cu
[unconnected_items]: Missing connection between items
    Local override; error
    @(47.1500 mm, 56.5000 mm): Pad J57 [GND] of J0_Conn1 on F.Cu
    @(45.8500 mm, 56.5000 mm): Pad J58 [GND] of J0_Conn1 on F.Cu
[unconnected_items]: Missing connection between items
    Local override; error
    @(47.1500 mm, 56.5000 mm): Pad J57 [GND] of J0_Conn1 on F.Cu
    @(47.8500 mm, 58.0000 mm): Pad K56 [GND] of J0_Conn1 on F.Cu
[unconnected_items]: Missing connection between items
    Local override; error
    @(47.1500 mm, 146.5000 mm): Pad A57 [GND] of J0_Conn0 on F.Cu
    @(45.8500 mm, 146.5000 mm): Pad A58 [GND] of J0_Conn0 on F.Cu
[unconnected_items]: Missing connection between items
    Local override; error
    @(47.1500 mm, 152.5000 mm): Pad E57 [GND] of J0_Conn0 on F.Cu
    @(48.0500 mm, 152.5000 mm): Pad E56 [GND] of J0_Conn0 on F.Cu
[unconnected_items]: Missing connection between items
    Local override; error
    @(47.1500 mm, 158.5000 mm): Pad J57 [GND] of J0_Conn0 on F.Cu
    @(46.9500 mm, 157.0000 mm): Pad H57 [GND] of J0_Conn0 on F.Cu
[unconnected_items]: Missing connection between items
    Local override; error
    @(47.1500 mm, 161.5000 mm): Pad L57 [GND] of J0_Conn0 on F.Cu
    @(45.8500 mm, 161.5000 mm): Pad L58 [GND] of J0_Conn0 on F.Cu
[unconnected_items]: Missing connection between items
    Local override; error
    @(47.1500 mm, 210.5000 mm): Pad A57 [GND] of J4_Conn1 on F.Cu
    @(45.8500 mm, 210.5000 mm): Pad A58 [GND] of J4_Conn1 on F.Cu
[unconnected_items]: Missing connection between items
    Local override; error
    @(47.1500 mm, 210.5000 mm): Pad A57 [GND] of J4_Conn1 on F.Cu
    @(47.8500 mm, 212.0000 mm): Pad B56 [GND] of J4_Conn1 on F.Cu
[unconnected_items]: Missing connection between items
    Local override; error
    @(47.1500 mm, 213.5000 mm): Pad C57 [GND] of J4_Conn1 on F.Cu
    @(47.8500 mm, 215.0000 mm): Pad D56 [GND] of J4_Conn1 on F.Cu
[unconnected_items]: Missing connection between items
    Local override; error
    @(47.1500 mm, 216.5000 mm): Pad E57 [GND] of J4_Conn1 on F.Cu
    @(47.8500 mm, 215.0000 mm): Pad D56 [GND] of J4_Conn1 on F.Cu
[unconnected_items]: Missing connection between items
    Local override; error
    @(47.1500 mm, 219.5000 mm): Pad G57 [GND] of J4_Conn1 on F.Cu
    @(47.8500 mm, 218.0000 mm): Pad F56 [GND] of J4_Conn1 on F.Cu
[unconnected_items]: Missing connection between items
    Local override; error
    @(47.1500 mm, 222.5000 mm): Pad J57 [GND] of J4_Conn1 on F.Cu
    @(47.8500 mm, 221.0000 mm): Pad H56 [GND] of J4_Conn1 on F.Cu
[unconnected_items]: Missing connection between items
    Local override; error
    @(47.1500 mm, 312.5000 mm): Pad A57 [GND] of J4_Conn0 on F.Cu
    @(45.8500 mm, 312.5000 mm): Pad A58 [GND] of J4_Conn0 on F.Cu
[unconnected_items]: Missing connection between items
    Local override; error
    @(47.1500 mm, 321.5000 mm): Pad G57 [GND] of J4_Conn0 on F.Cu
    @(48.0500 mm, 321.5000 mm): Pad G56 [GND] of J4_Conn0 on F.Cu
[unconnected_items]: Missing connection between items
    Local override; error
    @(47.1500 mm, 324.5000 mm): Pad J57 [GND] of J4_Conn0 on F.Cu
    @(46.9500 mm, 326.0000 mm): Pad K57 [GND] of J4_Conn0 on F.Cu
[unconnected_items]: Missing connection between items
    Local override; error
    @(47.1500 mm, 327.5000 mm): Pad L57 [GND] of J4_Conn0 on F.Cu
    @(45.8500 mm, 327.5000 mm): Pad L58 [GND] of J4_Conn0 on F.Cu
[unconnected_items]: Missing connection between items
    Local override; error
    @(47.1500 mm, 327.5000 mm): Pad L57 [GND] of J4_Conn0 on F.Cu
    @(46.9500 mm, 326.0000 mm): Pad K57 [GND] of J4_Conn0 on F.Cu
[unconnected_items]: Missing connection between items
    Local override; error
    @(47.8500 mm, 52.0000 mm): Pad F56 [GND] of J0_Conn1 on F.Cu
    @(49.1500 mm, 52.0000 mm): Pad F55 [GND] of J0_Conn1 on F.Cu
[unconnected_items]: Missing connection between items
    Local override; error
    @(47.8500 mm, 52.0000 mm): Pad F56 [GND] of J0_Conn1 on F.Cu
    @(47.1500 mm, 50.5000 mm): Pad E57 [GND] of J0_Conn1 on F.Cu
[unconnected_items]: Missing connection between items
    Local override; error
    @(47.8500 mm, 55.0000 mm): Pad H56 [GND] of J0_Conn1 on F.Cu
    @(49.1500 mm, 55.0000 mm): Pad H55 [GND] of J0_Conn1 on F.Cu
[unconnected_items]: Missing connection between items
    Local override; error
    @(47.8500 mm, 58.0000 mm): Pad K56 [GND] of J0_Conn1 on F.Cu
    @(49.1500 mm, 58.0000 mm): Pad K55 [GND] of J0_Conn1 on F.Cu
[unconnected_items]: Missing connection between items
    Local override; error
    @(47.8500 mm, 58.0000 mm): Pad K56 [GND] of J0_Conn1 on F.Cu
    @(47.1500 mm, 59.5000 mm): Pad L57 [GND] of J0_Conn1 on F.Cu
[unconnected_items]: Missing connection between items
    Local override; error
    @(47.8500 mm, 148.0000 mm): Pad B56 [GND] of J0_Conn0 on F.Cu
    @(46.9500 mm, 148.0000 mm): Pad B57 [GND] of J0_Conn0 on F.Cu
[unconnected_items]: Missing connection between items
    Local override; error
    @(47.8500 mm, 148.0000 mm): Pad B56 [GND] of J0_Conn0 on F.Cu
    @(49.1500 mm, 148.0000 mm): Pad B55 [GND] of J0_Conn0 on F.Cu
[unconnected_items]: Missing connection between items
    Local override; error
    @(47.8500 mm, 157.0000 mm): Pad H56 [GND] of J0_Conn0 on F.Cu
    @(46.9500 mm, 157.0000 mm): Pad H57 [GND] of J0_Conn0 on F.Cu
[unconnected_items]: Missing connection between items
    Local override; error
    @(47.8500 mm, 157.0000 mm): Pad H56 [GND] of J0_Conn0 on F.Cu
    @(49.1500 mm, 157.0000 mm): Pad H55 [GND] of J0_Conn0 on F.Cu
[unconnected_items]: Missing connection between items
    Local override; error
    @(47.8500 mm, 160.0000 mm): Pad K56 [GND] of J0_Conn0 on F.Cu
    @(46.9500 mm, 160.0000 mm): Pad K57 [GND] of J0_Conn0 on F.Cu
[unconnected_items]: Missing connection between items
    Local override; error
    @(47.8500 mm, 160.0000 mm): Pad K56 [GND] of J0_Conn0 on F.Cu
    @(49.1500 mm, 160.0000 mm): Pad K55 [GND] of J0_Conn0 on F.Cu
[unconnected_items]: Missing connection between items
    Local override; error
    @(47.8500 mm, 221.0000 mm): Pad H56 [GND] of J4_Conn1 on F.Cu
    @(49.1500 mm, 221.0000 mm): Pad H55 [GND] of J4_Conn1 on F.Cu
[unconnected_items]: Missing connection between items
    Local override; error
    @(47.8500 mm, 224.0000 mm): Pad K56 [GND] of J4_Conn1 on F.Cu
    @(49.1500 mm, 224.0000 mm): Pad K55 [GND] of J4_Conn1 on F.Cu
[unconnected_items]: Missing connection between items
    Local override; error
    @(47.8500 mm, 224.0000 mm): Pad K56 [GND] of J4_Conn1 on F.Cu
    @(47.1500 mm, 225.5000 mm): Pad L57 [GND] of J4_Conn1 on F.Cu
[unconnected_items]: Missing connection between items
    Local override; error
    @(47.8500 mm, 314.0000 mm): Pad B56 [GND] of J4_Conn0 on F.Cu
    @(49.1500 mm, 314.0000 mm): Pad B55 [GND] of J4_Conn0 on F.Cu
[unconnected_items]: Missing connection between items
    Local override; error
    @(47.8500 mm, 320.0000 mm): Pad F56 [GND] of J4_Conn0 on F.Cu
    @(46.9500 mm, 320.0000 mm): Pad F57 [GND] of J4_Conn0 on F.Cu
[unconnected_items]: Missing connection between items
    Local override; error
    @(47.8500 mm, 320.0000 mm): Pad F56 [GND] of J4_Conn0 on F.Cu
    @(49.1500 mm, 320.0000 mm): Pad F55 [GND] of J4_Conn0 on F.Cu
[unconnected_items]: Missing connection between items
    Local override; error
    @(47.8500 mm, 323.0000 mm): Pad H56 [GND] of J4_Conn0 on F.Cu
    @(46.9500 mm, 323.0000 mm): Pad H57 [GND] of J4_Conn0 on F.Cu
[unconnected_items]: Missing connection between items
    Local override; error
    @(48.0500 mm, 152.5000 mm): Pad E56 [GND] of J0_Conn0 on F.Cu
    @(48.9500 mm, 152.5000 mm): Pad E55 [GND] of J0_Conn0 on F.Cu
[unconnected_items]: Missing connection between items
    Local override; error
    @(48.0500 mm, 155.5000 mm): Pad G56 [GND] of J0_Conn0 on F.Cu
    @(48.9500 mm, 155.5000 mm): Pad G55 [GND] of J0_Conn0 on F.Cu
[unconnected_items]: Missing connection between items
    Local override; error
    @(48.0500 mm, 155.5000 mm): Pad G56 [GND] of J0_Conn0 on F.Cu
    @(47.1500 mm, 155.5000 mm): Pad G57 [GND] of J0_Conn0 on F.Cu
[unconnected_items]: Missing connection between items
    Local override; error
    @(48.0500 mm, 155.5000 mm): Pad G56 [GND] of J0_Conn0 on F.Cu
    @(47.8500 mm, 154.0000 mm): Pad F56 [GND] of J0_Conn0 on F.Cu
[unconnected_items]: Missing connection between items
    Local override; error
    @(48.0500 mm, 318.5000 mm): Pad E56 [GND] of J4_Conn0 on F.Cu
    @(48.9500 mm, 318.5000 mm): Pad E55 [GND] of J4_Conn0 on F.Cu
[unconnected_items]: Missing connection between items
    Local override; error
    @(48.0500 mm, 318.5000 mm): Pad E56 [GND] of J4_Conn0 on F.Cu
    @(47.1500 mm, 318.5000 mm): Pad E57 [GND] of J4_Conn0 on F.Cu
[unconnected_items]: Missing connection between items
    Local override; error
    @(48.0500 mm, 318.5000 mm): Pad E56 [GND] of J4_Conn0 on F.Cu
    @(47.8500 mm, 317.0000 mm): Pad D56 [GND] of J4_Conn0 on F.Cu
[unconnected_items]: Missing connection between items
    Local override; error
    @(48.0500 mm, 321.5000 mm): Pad G56 [GND] of J4_Conn0 on F.Cu
    @(48.9500 mm, 321.5000 mm): Pad G55 [GND] of J4_Conn0 on F.Cu
[unconnected_items]: Missing connection between items
    Local override; error
    @(48.9500 mm, 155.5000 mm): Pad G55 [GND] of J0_Conn0 on F.Cu
    @(49.8500 mm, 155.5000 mm): Pad G54 [GND] of J0_Conn0 on F.Cu
[unconnected_items]: Missing connection between items
    Local override; error
    @(48.9500 mm, 318.5000 mm): Pad E55 [GND] of J4_Conn0 on F.Cu
    @(49.8500 mm, 318.5000 mm): Pad E54 [GND] of J4_Conn0 on F.Cu
[unconnected_items]: Missing connection between items
    Local override; error
    @(48.9500 mm, 321.5000 mm): Pad G55 [GND] of J4_Conn0 on F.Cu
    @(49.8500 mm, 321.5000 mm): Pad G54 [GND] of J4_Conn0 on F.Cu
[unconnected_items]: Missing connection between items
    Local override; error
    @(48.9500 mm, 321.5000 mm): Pad G55 [GND] of J4_Conn0 on F.Cu
    @(49.1500 mm, 320.0000 mm): Pad F55 [GND] of J4_Conn0 on F.Cu
[unconnected_items]: Missing connection between items
    Local override; error
    @(49.1500 mm, 46.0000 mm): Pad B55 [GND] of J0_Conn1 on F.Cu
    @(47.8500 mm, 46.0000 mm): Pad B56 [GND] of J0_Conn1 on F.Cu
[unconnected_items]: Missing connection between items
    Local override; error
    @(49.1500 mm, 46.0000 mm): Pad B55 [GND] of J0_Conn1 on F.Cu
    @(49.8500 mm, 47.5000 mm): Pad C54 [GND] of J0_Conn1 on F.Cu
[unconnected_items]: Missing connection between items
    Local override; error
    @(49.1500 mm, 49.0000 mm): Pad D55 [GND] of J0_Conn1 on F.Cu
    @(47.8500 mm, 49.0000 mm): Pad D56 [GND] of J0_Conn1 on F.Cu
[unconnected_items]: Missing connection between items
    Local override; error
    @(49.1500 mm, 49.0000 mm): Pad D55 [GND] of J0_Conn1 on F.Cu
    @(49.8500 mm, 50.5000 mm): Pad E54 [GND] of J0_Conn1 on F.Cu
[unconnected_items]: Missing connection between items
    Local override; error
    @(49.1500 mm, 55.0000 mm): Pad H55 [GND] of J0_Conn1 on F.Cu
    @(49.8500 mm, 56.5000 mm): Pad J54 [GND] of J0_Conn1 on F.Cu
[unconnected_items]: Missing connection between items
    Local override; error
    @(49.1500 mm, 58.0000 mm): Pad K55 [GND] of J0_Conn1 on F.Cu
    @(49.8500 mm, 56.5000 mm): Pad J54 [GND] of J0_Conn1 on F.Cu
[unconnected_items]: Missing connection between items
    Local override; error
    @(49.1500 mm, 151.0000 mm): Pad D55 [GND] of J0_Conn0 on F.Cu
    @(47.8500 mm, 151.0000 mm): Pad D56 [GND] of J0_Conn0 on F.Cu
[unconnected_items]: Missing connection between items
    Local override; error
    @(49.1500 mm, 154.0000 mm): Pad F55 [GND] of J0_Conn0 on F.Cu
    @(50.0500 mm, 154.0000 mm): Pad F54 [GND] of J0_Conn0 on F.Cu
[unconnected_items]: Missing connection between items
    Local override; error
    @(49.1500 mm, 154.0000 mm): Pad F55 [GND] of J0_Conn0 on F.Cu
    @(47.8500 mm, 154.0000 mm): Pad F56 [GND] of J0_Conn0 on F.Cu
[unconnected_items]: Missing connection between items
    Local override; error
    @(49.1500 mm, 157.0000 mm): Pad H55 [GND] of J0_Conn0 on F.Cu
    @(48.9500 mm, 155.5000 mm): Pad G55 [GND] of J0_Conn0 on F.Cu
[unconnected_items]: Missing connection between items
    Local override; error
    @(49.1500 mm, 160.0000 mm): Pad K55 [GND] of J0_Conn0 on F.Cu
    @(49.8500 mm, 158.5000 mm): Pad J54 [GND] of J0_Conn0 on F.Cu
[unconnected_items]: Missing connection between items
    Local override; error
    @(49.1500 mm, 212.0000 mm): Pad B55 [GND] of J4_Conn1 on F.Cu
    @(47.8500 mm, 212.0000 mm): Pad B56 [GND] of J4_Conn1 on F.Cu
[unconnected_items]: Missing connection between items
    Local override; error
    @(49.1500 mm, 212.0000 mm): Pad B55 [GND] of J4_Conn1 on F.Cu
    @(49.8500 mm, 213.5000 mm): Pad C54 [GND] of J4_Conn1 on F.Cu
[unconnected_items]: Missing connection between items
    Local override; error
    @(49.1500 mm, 215.0000 mm): Pad D55 [GND] of J4_Conn1 on F.Cu
    @(47.8500 mm, 215.0000 mm): Pad D56 [GND] of J4_Conn1 on F.Cu
[unconnected_items]: Missing connection between items
    Local override; error
    @(49.1500 mm, 215.0000 mm): Pad D55 [GND] of J4_Conn1 on F.Cu
    @(49.8500 mm, 216.5000 mm): Pad E54 [GND] of J4_Conn1 on F.Cu
[unconnected_items]: Missing connection between items
    Local override; error
    @(49.1500 mm, 215.0000 mm): Pad D55 [GND] of J4_Conn1 on F.Cu
    @(49.8500 mm, 213.5000 mm): Pad C54 [GND] of J4_Conn1 on F.Cu
[unconnected_items]: Missing connection between items
    Local override; error
    @(49.1500 mm, 218.0000 mm): Pad F55 [GND] of J4_Conn1 on F.Cu
    @(47.8500 mm, 218.0000 mm): Pad F56 [GND] of J4_Conn1 on F.Cu
[unconnected_items]: Missing connection between items
    Local override; error
    @(49.1500 mm, 218.0000 mm): Pad F55 [GND] of J4_Conn1 on F.Cu
    @(49.8500 mm, 219.5000 mm): Pad G54 [GND] of J4_Conn1 on F.Cu
[unconnected_items]: Missing connection between items
    Local override; error
    @(49.1500 mm, 218.0000 mm): Pad F55 [GND] of J4_Conn1 on F.Cu
    @(49.8500 mm, 216.5000 mm): Pad E54 [GND] of J4_Conn1 on F.Cu
[unconnected_items]: Missing connection between items
    Local override; error
    @(49.1500 mm, 221.0000 mm): Pad H55 [GND] of J4_Conn1 on F.Cu
    @(49.8500 mm, 222.5000 mm): Pad J54 [GND] of J4_Conn1 on F.Cu
[unconnected_items]: Missing connection between items
    Local override; error
    @(49.1500 mm, 221.0000 mm): Pad H55 [GND] of J4_Conn1 on F.Cu
    @(49.8500 mm, 219.5000 mm): Pad G54 [GND] of J4_Conn1 on F.Cu
[unconnected_items]: Missing connection between items
    Local override; error
    @(49.1500 mm, 224.0000 mm): Pad K55 [GND] of J4_Conn1 on F.Cu
    @(49.8500 mm, 222.5000 mm): Pad J54 [GND] of J4_Conn1 on F.Cu
[unconnected_items]: Missing connection between items
    Local override; error
    @(49.1500 mm, 224.0000 mm): Pad K55 [GND] of J4_Conn1 on F.Cu
    @(49.8500 mm, 225.5000 mm): Pad L54 [GND] of J4_Conn1 on F.Cu
[unconnected_items]: Missing connection between items
    Local override; error
    @(49.1500 mm, 314.0000 mm): Pad B55 [GND] of J4_Conn0 on F.Cu
    @(49.8500 mm, 312.5000 mm): Pad A54 [GND] of J4_Conn0 on F.Cu
[unconnected_items]: Missing connection between items
    Local override; error
    @(49.1500 mm, 317.0000 mm): Pad D55 [GND] of J4_Conn0 on F.Cu
    @(47.8500 mm, 317.0000 mm): Pad D56 [GND] of J4_Conn0 on F.Cu
[unconnected_items]: Missing connection between items
    Local override; error
    @(49.1500 mm, 323.0000 mm): Pad H55 [GND] of J4_Conn0 on F.Cu
    @(47.8500 mm, 323.0000 mm): Pad H56 [GND] of J4_Conn0 on F.Cu
[unconnected_items]: Missing connection between items
    Local override; error
    @(49.1500 mm, 326.0000 mm): Pad K55 [GND] of J4_Conn0 on F.Cu
    @(47.8500 mm, 326.0000 mm): Pad K56 [GND] of J4_Conn0 on F.Cu
[unconnected_items]: Missing connection between items
    Local override; error
    @(49.8500 mm, 44.5000 mm): Pad A54 [GND] of J0_Conn1 on F.Cu
    @(49.1500 mm, 46.0000 mm): Pad B55 [GND] of J0_Conn1 on F.Cu
[unconnected_items]: Missing connection between items
    Local override; error
    @(49.8500 mm, 47.5000 mm): Pad C54 [GND] of J0_Conn1 on F.Cu
    @(51.1500 mm, 47.5000 mm): Pad C53 [GND] of J0_Conn1 on F.Cu
[unconnected_items]: Missing connection between items
    Local override; error
    @(49.8500 mm, 50.5000 mm): Pad E54 [GND] of J0_Conn1 on F.Cu
    @(51.1500 mm, 50.5000 mm): Pad E53 [GND] of J0_Conn1 on F.Cu
[unconnected_items]: Missing connection between items
    Local override; error
    @(49.8500 mm, 53.5000 mm): Pad G54 [GND] of J0_Conn1 on F.Cu
    @(51.1500 mm, 53.5000 mm): Pad G53 [GND] of J0_Conn1 on F.Cu
[unconnected_items]: Missing connection between items
    Local override; error
    @(49.8500 mm, 56.5000 mm): Pad J54 [GND] of J0_Conn1 on F.Cu
    @(51.1500 mm, 56.5000 mm): Pad J53 [GND] of J0_Conn1 on F.Cu
[unconnected_items]: Missing connection between items
    Local override; error
    @(49.8500 mm, 59.5000 mm): Pad L54 [GND] of J0_Conn1 on F.Cu
    @(49.1500 mm, 58.0000 mm): Pad K55 [GND] of J0_Conn1 on F.Cu
[unconnected_items]: Missing connection between items
    Local override; error
    @(49.8500 mm, 146.5000 mm): Pad A54 [GND] of J0_Conn0 on F.Cu
    @(51.1500 mm, 146.5000 mm): Pad A53 [GND] of J0_Conn0 on F.Cu
[unconnected_items]: Missing connection between items
    Local override; error
    @(49.8500 mm, 149.5000 mm): Pad C54 [GND] of J0_Conn0 on F.Cu
    @(51.1500 mm, 149.5000 mm): Pad C53 [GND] of J0_Conn0 on F.Cu
[unconnected_items]: Missing connection between items
    Local override; error
    @(49.8500 mm, 149.5000 mm): Pad C54 [GND] of J0_Conn0 on F.Cu
    @(49.1500 mm, 151.0000 mm): Pad D55 [GND] of J0_Conn0 on F.Cu
[unconnected_items]: Missing connection between items
    Local override; error
    @(49.8500 mm, 152.5000 mm): Pad E54 [GND] of J0_Conn0 on F.Cu
    @(48.9500 mm, 152.5000 mm): Pad E55 [GND] of J0_Conn0 on F.Cu
[unconnected_items]: Missing connection between items
    Local override; error
    @(49.8500 mm, 152.5000 mm): Pad E54 [GND] of J0_Conn0 on F.Cu
    @(51.1500 mm, 152.5000 mm): Pad E53 [GND] of J0_Conn0 on F.Cu
[unconnected_items]: Missing connection between items
    Local override; error
    @(49.8500 mm, 158.5000 mm): Pad J54 [GND] of J0_Conn0 on F.Cu
    @(51.1500 mm, 158.5000 mm): Pad J53 [GND] of J0_Conn0 on F.Cu
[unconnected_items]: Missing connection between items
    Local override; error
    @(49.8500 mm, 161.5000 mm): Pad L54 [GND] of J0_Conn0 on F.Cu
    @(49.1500 mm, 160.0000 mm): Pad K55 [GND] of J0_Conn0 on F.Cu
[unconnected_items]: Missing connection between items
    Local override; error
    @(49.8500 mm, 210.5000 mm): Pad A54 [GND] of J4_Conn1 on F.Cu
    @(51.1500 mm, 210.5000 mm): Pad A53 [GND] of J4_Conn1 on F.Cu
[unconnected_items]: Missing connection between items
    Local override; error
    @(49.8500 mm, 210.5000 mm): Pad A54 [GND] of J4_Conn1 on F.Cu
    @(49.1500 mm, 212.0000 mm): Pad B55 [GND] of J4_Conn1 on F.Cu
[unconnected_items]: Missing connection between items
    Local override; error
    @(49.8500 mm, 213.5000 mm): Pad C54 [GND] of J4_Conn1 on F.Cu
    @(51.1500 mm, 213.5000 mm): Pad C53 [GND] of J4_Conn1 on F.Cu
[unconnected_items]: Missing connection between items
    Local override; error
    @(49.8500 mm, 216.5000 mm): Pad E54 [GND] of J4_Conn1 on F.Cu
    @(51.1500 mm, 216.5000 mm): Pad E53 [GND] of J4_Conn1 on F.Cu
[unconnected_items]: Missing connection between items
    Local override; error
    @(49.8500 mm, 219.5000 mm): Pad G54 [GND] of J4_Conn1 on F.Cu
    @(51.1500 mm, 219.5000 mm): Pad G53 [GND] of J4_Conn1 on F.Cu
[unconnected_items]: Missing connection between items
    Local override; error
    @(49.8500 mm, 222.5000 mm): Pad J54 [GND] of J4_Conn1 on F.Cu
    @(51.1500 mm, 222.5000 mm): Pad J53 [GND] of J4_Conn1 on F.Cu
[unconnected_items]: Missing connection between items
    Local override; error
    @(49.8500 mm, 225.5000 mm): Pad L54 [GND] of J4_Conn1 on F.Cu
    @(51.1500 mm, 225.5000 mm): Pad L53 [GND] of J4_Conn1 on F.Cu
[unconnected_items]: Missing connection between items
    Local override; error
    @(49.8500 mm, 315.5000 mm): Pad C54 [GND] of J4_Conn0 on F.Cu
    @(51.1500 mm, 315.5000 mm): Pad C53 [GND] of J4_Conn0 on F.Cu
[unconnected_items]: Missing connection between items
    Local override; error
    @(49.8500 mm, 318.5000 mm): Pad E54 [GND] of J4_Conn0 on F.Cu
    @(51.1500 mm, 318.5000 mm): Pad E53 [GND] of J4_Conn0 on F.Cu
[unconnected_items]: Missing connection between items
    Local override; error
    @(49.8500 mm, 324.5000 mm): Pad J54 [GND] of J4_Conn0 on F.Cu
    @(49.1500 mm, 326.0000 mm): Pad K55 [GND] of J4_Conn0 on F.Cu
[unconnected_items]: Missing connection between items
    Local override; error
    @(49.8500 mm, 327.5000 mm): Pad L54 [GND] of J4_Conn0 on F.Cu
    @(49.1500 mm, 326.0000 mm): Pad K55 [GND] of J4_Conn0 on F.Cu
[unconnected_items]: Missing connection between items
    Local override; error
    @(50.0500 mm, 154.0000 mm): Pad F54 [GND] of J0_Conn0 on F.Cu
    @(50.9500 mm, 154.0000 mm): Pad F53 [GND] of J0_Conn0 on F.Cu
[unconnected_items]: Missing connection between items
    Local override; error
    @(50.0500 mm, 154.0000 mm): Pad F54 [GND] of J0_Conn0 on F.Cu
    @(49.8500 mm, 152.5000 mm): Pad E54 [GND] of J0_Conn0 on F.Cu
[unconnected_items]: Missing connection between items
    Local override; error
    @(50.0500 mm, 320.0000 mm): Pad F54 [GND] of J4_Conn0 on F.Cu
    @(49.1500 mm, 320.0000 mm): Pad F55 [GND] of J4_Conn0 on F.Cu
[unconnected_items]: Missing connection between items
    Local override; error
    @(50.9500 mm, 154.0000 mm): Pad F53 [GND] of J0_Conn0 on F.Cu
    @(51.8500 mm, 154.0000 mm): Pad F52 [GND] of J0_Conn0 on F.Cu
[unconnected_items]: Missing connection between items
    Local override; error
    @(50.9500 mm, 320.0000 mm): Pad F53 [GND] of J4_Conn0 on F.Cu
    @(51.8500 mm, 320.0000 mm): Pad F52 [GND] of J4_Conn0 on F.Cu
[unconnected_items]: Missing connection between items
    Local override; error
    @(50.9500 mm, 320.0000 mm): Pad F53 [GND] of J4_Conn0 on F.Cu
    @(50.0500 mm, 320.0000 mm): Pad F54 [GND] of J4_Conn0 on F.Cu
[unconnected_items]: Missing connection between items
    Local override; error
    @(50.9500 mm, 320.0000 mm): Pad F53 [GND] of J4_Conn0 on F.Cu
    @(51.1500 mm, 318.5000 mm): Pad E53 [GND] of J4_Conn0 on F.Cu
[unconnected_items]: Missing connection between items
    Local override; error
    @(51.1500 mm, 44.5000 mm): Pad A53 [GND] of J0_Conn1 on F.Cu
    @(49.8500 mm, 44.5000 mm): Pad A54 [GND] of J0_Conn1 on F.Cu
[unconnected_items]: Missing connection between items
    Local override; error
    @(51.1500 mm, 44.5000 mm): Pad A53 [GND] of J0_Conn1 on F.Cu
    @(51.8500 mm, 46.0000 mm): Pad B52 [GND] of J0_Conn1 on F.Cu
[unconnected_items]: Missing connection between items
    Local override; error
    @(51.1500 mm, 47.5000 mm): Pad C53 [GND] of J0_Conn1 on F.Cu
    @(51.8500 mm, 49.0000 mm): Pad D52 [GND] of J0_Conn1 on F.Cu
[unconnected_items]: Missing connection between items
    Local override; error
    @(51.1500 mm, 53.5000 mm): Pad G53 [GND] of J0_Conn1 on F.Cu
    @(51.8500 mm, 55.0000 mm): Pad H52 [GND] of J0_Conn1 on F.Cu
[unconnected_items]: Missing connection between items
    Local override; error
    @(51.1500 mm, 56.5000 mm): Pad J53 [GND] of J0_Conn1 on F.Cu
    @(51.8500 mm, 55.0000 mm): Pad H52 [GND] of J0_Conn1 on F.Cu
[unconnected_items]: Missing connection between items
    Local override; error
    @(51.1500 mm, 59.5000 mm): Pad L53 [GND] of J0_Conn1 on F.Cu
    @(49.8500 mm, 59.5000 mm): Pad L54 [GND] of J0_Conn1 on F.Cu
[unconnected_items]: Missing connection between items
    Local override; error
    @(51.1500 mm, 149.5000 mm): Pad C53 [GND] of J0_Conn0 on F.Cu
    @(51.8500 mm, 148.0000 mm): Pad B52 [GND] of J0_Conn0 on F.Cu
[unconnected_items]: Missing connection between items
    Local override; error
    @(51.1500 mm, 155.5000 mm): Pad G53 [GND] of J0_Conn0 on F.Cu
    @(49.8500 mm, 155.5000 mm): Pad G54 [GND] of J0_Conn0 on F.Cu
[unconnected_items]: Missing connection between items
    Local override; error
    @(51.1500 mm, 161.5000 mm): Pad L53 [GND] of J0_Conn0 on F.Cu
    @(49.8500 mm, 161.5000 mm): Pad L54 [GND] of J0_Conn0 on F.Cu
[unconnected_items]: Missing connection between items
    Local override; error
    @(51.1500 mm, 161.5000 mm): Pad L53 [GND] of J0_Conn0 on F.Cu
    @(51.8500 mm, 160.0000 mm): Pad K52 [GND] of J0_Conn0 on F.Cu
[unconnected_items]: Missing connection between items
    Local override; error
    @(51.1500 mm, 312.5000 mm): Pad A53 [GND] of J4_Conn0 on F.Cu
    @(49.8500 mm, 312.5000 mm): Pad A54 [GND] of J4_Conn0 on F.Cu
[unconnected_items]: Missing connection between items
    Local override; error
    @(51.1500 mm, 321.5000 mm): Pad G53 [GND] of J4_Conn0 on F.Cu
    @(49.8500 mm, 321.5000 mm): Pad G54 [GND] of J4_Conn0 on F.Cu
[unconnected_items]: Missing connection between items
    Local override; error
    @(51.1500 mm, 321.5000 mm): Pad G53 [GND] of J4_Conn0 on F.Cu
    @(51.8500 mm, 323.0000 mm): Pad H52 [GND] of J4_Conn0 on F.Cu
[unconnected_items]: Missing connection between items
    Local override; error
    @(51.1500 mm, 324.5000 mm): Pad J53 [GND] of J4_Conn0 on F.Cu
    @(49.8500 mm, 324.5000 mm): Pad J54 [GND] of J4_Conn0 on F.Cu
[unconnected_items]: Missing connection between items
    Local override; error
    @(51.1500 mm, 327.5000 mm): Pad L53 [GND] of J4_Conn0 on F.Cu
    @(49.8500 mm, 327.5000 mm): Pad L54 [GND] of J4_Conn0 on F.Cu
[unconnected_items]: Missing connection between items
    Local override; error
    @(51.8500 mm, 46.0000 mm): Pad B52 [GND] of J0_Conn1 on F.Cu
    @(53.1500 mm, 46.0000 mm): Pad B51 [GND] of J0_Conn1 on F.Cu
[unconnected_items]: Missing connection between items
    Local override; error
    @(51.8500 mm, 58.0000 mm): Pad K52 [GND] of J0_Conn1 on F.Cu
    @(51.1500 mm, 56.5000 mm): Pad J53 [GND] of J0_Conn1 on F.Cu
[unconnected_items]: Missing connection between items
    Local override; error
    @(51.8500 mm, 148.0000 mm): Pad B52 [GND] of J0_Conn0 on F.Cu
    @(53.1500 mm, 148.0000 mm): Pad B51 [GND] of J0_Conn0 on F.Cu
[unconnected_items]: Missing connection between items
    Local override; error
    @(51.8500 mm, 148.0000 mm): Pad B52 [GND] of J0_Conn0 on F.Cu
    @(51.1500 mm, 146.5000 mm): Pad A53 [GND] of J0_Conn0 on F.Cu
[unconnected_items]: Missing connection between items
    Local override; error
    @(51.8500 mm, 151.0000 mm): Pad D52 [GND] of J0_Conn0 on F.Cu
    @(51.1500 mm, 149.5000 mm): Pad C53 [GND] of J0_Conn0 on F.Cu
[unconnected_items]: Missing connection between items
    Local override; error
    @(51.8500 mm, 157.0000 mm): Pad H52 [GND] of J0_Conn0 on F.Cu
    @(51.1500 mm, 155.5000 mm): Pad G53 [GND] of J0_Conn0 on F.Cu
[unconnected_items]: Missing connection between items
    Local override; error
    @(51.8500 mm, 160.0000 mm): Pad K52 [GND] of J0_Conn0 on F.Cu
    @(53.1500 mm, 160.0000 mm): Pad K51 [GND] of J0_Conn0 on F.Cu
[unconnected_items]: Missing connection between items
    Local override; error
    @(51.8500 mm, 212.0000 mm): Pad B52 [GND] of J4_Conn1 on F.Cu
    @(51.1500 mm, 210.5000 mm): Pad A53 [GND] of J4_Conn1 on F.Cu
[unconnected_items]: Missing connection between items
    Local override; error
    @(51.8500 mm, 215.0000 mm): Pad D52 [GND] of J4_Conn1 on F.Cu
    @(51.1500 mm, 213.5000 mm): Pad C53 [GND] of J4_Conn1 on F.Cu
[unconnected_items]: Missing connection between items
    Local override; error
    @(51.8500 mm, 314.0000 mm): Pad B52 [GND] of J4_Conn0 on F.Cu
    @(53.1500 mm, 314.0000 mm): Pad B51 [GND] of J4_Conn0 on F.Cu
[unconnected_items]: Missing connection between items
    Local override; error
    @(51.8500 mm, 314.0000 mm): Pad B52 [GND] of J4_Conn0 on F.Cu
    @(51.1500 mm, 312.5000 mm): Pad A53 [GND] of J4_Conn0 on F.Cu
[unconnected_items]: Missing connection between items
    Local override; error
    @(51.8500 mm, 314.0000 mm): Pad B52 [GND] of J4_Conn0 on F.Cu
    @(51.1500 mm, 315.5000 mm): Pad C53 [GND] of J4_Conn0 on F.Cu
[unconnected_items]: Missing connection between items
    Local override; error
    @(53.1500 mm, 46.0000 mm): Pad B51 [GND] of J0_Conn1 on F.Cu
    @(53.8500 mm, 47.5000 mm): Pad C50 [GND] of J0_Conn1 on F.Cu
[unconnected_items]: Missing connection between items
    Local override; error
    @(53.1500 mm, 49.0000 mm): Pad D51 [GND] of J0_Conn1 on F.Cu
    @(51.8500 mm, 49.0000 mm): Pad D52 [GND] of J0_Conn1 on F.Cu
[unconnected_items]: Missing connection between items
    Local override; error
    @(53.1500 mm, 52.0000 mm): Pad F51 [GND] of J0_Conn1 on F.Cu
    @(51.8500 mm, 52.0000 mm): Pad F52 [GND] of J0_Conn1 on F.Cu
[unconnected_items]: Missing connection between items
    Local override; error
    @(53.1500 mm, 52.0000 mm): Pad F51 [GND] of J0_Conn1 on F.Cu
    @(53.8500 mm, 53.5000 mm): Pad G50 [GND] of J0_Conn1 on F.Cu
[unconnected_items]: Missing connection between items
    Local override; error
    @(53.1500 mm, 55.0000 mm): Pad H51 [GND] of J0_Conn1 on F.Cu
    @(51.8500 mm, 55.0000 mm): Pad H52 [GND] of J0_Conn1 on F.Cu
[unconnected_items]: Missing connection between items
    Local override; error
    @(53.1500 mm, 55.0000 mm): Pad H51 [GND] of J0_Conn1 on F.Cu
    @(53.8500 mm, 53.5000 mm): Pad G50 [GND] of J0_Conn1 on F.Cu
[unconnected_items]: Missing connection between items
    Local override; error
    @(53.1500 mm, 58.0000 mm): Pad K51 [GND] of J0_Conn1 on F.Cu
    @(51.8500 mm, 58.0000 mm): Pad K52 [GND] of J0_Conn1 on F.Cu
[unconnected_items]: Missing connection between items
    Local override; error
    @(53.1500 mm, 58.0000 mm): Pad K51 [GND] of J0_Conn1 on F.Cu
    @(53.8500 mm, 56.5000 mm): Pad J50 [GND] of J0_Conn1 on F.Cu
[unconnected_items]: Missing connection between items
    Local override; error
    @(53.1500 mm, 151.0000 mm): Pad D51 [GND] of J0_Conn0 on F.Cu
    @(51.8500 mm, 151.0000 mm): Pad D52 [GND] of J0_Conn0 on F.Cu
[unconnected_items]: Missing connection between items
    Local override; error
    @(53.1500 mm, 151.0000 mm): Pad D51 [GND] of J0_Conn0 on F.Cu
    @(53.8500 mm, 149.5000 mm): Pad C50 [GND] of J0_Conn0 on F.Cu
[unconnected_items]: Missing connection between items
    Local override; error
    @(53.1500 mm, 154.0000 mm): Pad F51 [GND] of J0_Conn0 on F.Cu
    @(51.8500 mm, 154.0000 mm): Pad F52 [GND] of J0_Conn0 on F.Cu
[unconnected_items]: Missing connection between items
    Local override; error
    @(53.1500 mm, 157.0000 mm): Pad H51 [GND] of J0_Conn0 on F.Cu
    @(51.8500 mm, 157.0000 mm): Pad H52 [GND] of J0_Conn0 on F.Cu
[unconnected_items]: Missing connection between items
    Local override; error
    @(53.1500 mm, 212.0000 mm): Pad B51 [GND] of J4_Conn1 on F.Cu
    @(51.8500 mm, 212.0000 mm): Pad B52 [GND] of J4_Conn1 on F.Cu
[unconnected_items]: Missing connection between items
    Local override; error
    @(53.1500 mm, 215.0000 mm): Pad D51 [GND] of J4_Conn1 on F.Cu
    @(51.8500 mm, 215.0000 mm): Pad D52 [GND] of J4_Conn1 on F.Cu
[unconnected_items]: Missing connection between items
    Local override; error
    @(53.1500 mm, 215.0000 mm): Pad D51 [GND] of J4_Conn1 on F.Cu
    @(53.8500 mm, 213.5000 mm): Pad C50 [GND] of J4_Conn1 on F.Cu
[unconnected_items]: Missing connection between items
    Local override; error
    @(53.1500 mm, 215.0000 mm): Pad D51 [GND] of J4_Conn1 on F.Cu
    @(53.8500 mm, 216.5000 mm): Pad E50 [GND] of J4_Conn1 on F.Cu
[unconnected_items]: Missing connection between items
    Local override; error
    @(53.1500 mm, 218.0000 mm): Pad F51 [GND] of J4_Conn1 on F.Cu
    @(51.8500 mm, 218.0000 mm): Pad F52 [GND] of J4_Conn1 on F.Cu
[unconnected_items]: Missing connection between items
    Local override; error
    @(53.1500 mm, 218.0000 mm): Pad F51 [GND] of J4_Conn1 on F.Cu
    @(53.8500 mm, 216.5000 mm): Pad E50 [GND] of J4_Conn1 on F.Cu
[unconnected_items]: Missing connection between items
    Local override; error
    @(53.1500 mm, 218.0000 mm): Pad F51 [GND] of J4_Conn1 on F.Cu
    @(53.8500 mm, 219.5000 mm): Pad G50 [GND] of J4_Conn1 on F.Cu
[unconnected_items]: Missing connection between items
    Local override; error
    @(53.1500 mm, 221.0000 mm): Pad H51 [GND] of J4_Conn1 on F.Cu
    @(51.8500 mm, 221.0000 mm): Pad H52 [GND] of J4_Conn1 on F.Cu
[unconnected_items]: Missing connection between items
    Local override; error
    @(53.1500 mm, 221.0000 mm): Pad H51 [GND] of J4_Conn1 on F.Cu
    @(53.8500 mm, 219.5000 mm): Pad G50 [GND] of J4_Conn1 on F.Cu
[unconnected_items]: Missing connection between items
    Local override; error
    @(53.1500 mm, 221.0000 mm): Pad H51 [GND] of J4_Conn1 on F.Cu
    @(53.8500 mm, 222.5000 mm): Pad J50 [GND] of J4_Conn1 on F.Cu
[unconnected_items]: Missing connection between items
    Local override; error
    @(53.1500 mm, 224.0000 mm): Pad K51 [GND] of J4_Conn1 on F.Cu
    @(51.8500 mm, 224.0000 mm): Pad K52 [GND] of J4_Conn1 on F.Cu
[unconnected_items]: Missing connection between items
    Local override; error
    @(53.1500 mm, 224.0000 mm): Pad K51 [GND] of J4_Conn1 on F.Cu
    @(53.8500 mm, 225.5000 mm): Pad L50 [GND] of J4_Conn1 on F.Cu
[unconnected_items]: Missing connection between items
    Local override; error
    @(53.1500 mm, 314.0000 mm): Pad B51 [GND] of J4_Conn0 on F.Cu
    @(53.8500 mm, 312.5000 mm): Pad A50 [GND] of J4_Conn0 on F.Cu
[unconnected_items]: Missing connection between items
    Local override; error
    @(53.1500 mm, 317.0000 mm): Pad D51 [GND] of J4_Conn0 on F.Cu
    @(51.8500 mm, 317.0000 mm): Pad D52 [GND] of J4_Conn0 on F.Cu
[unconnected_items]: Missing connection between items
    Local override; error
    @(53.1500 mm, 317.0000 mm): Pad D51 [GND] of J4_Conn0 on F.Cu
    @(53.8500 mm, 315.5000 mm): Pad C50 [GND] of J4_Conn0 on F.Cu
[unconnected_items]: Missing connection between items
    Local override; error
    @(53.1500 mm, 320.0000 mm): Pad F51 [GND] of J4_Conn0 on F.Cu
    @(51.8500 mm, 320.0000 mm): Pad F52 [GND] of J4_Conn0 on F.Cu
[unconnected_items]: Missing connection between items
    Local override; error
    @(53.1500 mm, 323.0000 mm): Pad H51 [GND] of J4_Conn0 on F.Cu
    @(51.8500 mm, 323.0000 mm): Pad H52 [GND] of J4_Conn0 on F.Cu
[unconnected_items]: Missing connection between items
    Local override; error
    @(53.1500 mm, 326.0000 mm): Pad K51 [GND] of J4_Conn0 on F.Cu
    @(51.8500 mm, 326.0000 mm): Pad K52 [GND] of J4_Conn0 on F.Cu
[unconnected_items]: Missing connection between items
    Local override; error
    @(53.1500 mm, 326.0000 mm): Pad K51 [GND] of J4_Conn0 on F.Cu
    @(53.8500 mm, 324.5000 mm): Pad J50 [GND] of J4_Conn0 on F.Cu
[unconnected_items]: Missing connection between items
    Local override; error
    @(53.8500 mm, 44.5000 mm): Pad A50 [GND] of J0_Conn1 on F.Cu
    @(53.1500 mm, 46.0000 mm): Pad B51 [GND] of J0_Conn1 on F.Cu
[unconnected_items]: Missing connection between items
    Local override; error
    @(53.8500 mm, 50.5000 mm): Pad E50 [GND] of J0_Conn1 on F.Cu
    @(55.1500 mm, 50.5000 mm): Pad E49 [GND] of J0_Conn1 on F.Cu
[unconnected_items]: Missing connection between items
    Local override; error
    @(53.8500 mm, 50.5000 mm): Pad E50 [GND] of J0_Conn1 on F.Cu
    @(53.1500 mm, 52.0000 mm): Pad F51 [GND] of J0_Conn1 on F.Cu
[unconnected_items]: Missing connection between items
    Local override; error
    @(53.8500 mm, 56.5000 mm): Pad J50 [GND] of J0_Conn1 on F.Cu
    @(55.1500 mm, 56.5000 mm): Pad J49 [GND] of J0_Conn1 on F.Cu
[unconnected_items]: Missing connection between items
    Local override; error
    @(53.8500 mm, 146.5000 mm): Pad A50 [GND] of J0_Conn0 on F.Cu
    @(53.1500 mm, 148.0000 mm): Pad B51 [GND] of J0_Conn0 on F.Cu
[unconnected_items]: Missing connection between items
    Local override; error
    @(53.8500 mm, 152.5000 mm): Pad E50 [GND] of J0_Conn0 on F.Cu
    @(53.1500 mm, 154.0000 mm): Pad F51 [GND] of J0_Conn0 on F.Cu
[unconnected_items]: Missing connection between items
    Local override; error
    @(53.8500 mm, 155.5000 mm): Pad G50 [GND] of J0_Conn0 on F.Cu
    @(55.1500 mm, 155.5000 mm): Pad G49 [GND] of J0_Conn0 on F.Cu
[unconnected_items]: Missing connection between items
    Local override; error
    @(53.8500 mm, 155.5000 mm): Pad G50 [GND] of J0_Conn0 on F.Cu
    @(53.1500 mm, 154.0000 mm): Pad F51 [GND] of J0_Conn0 on F.Cu
[unconnected_items]: Missing connection between items
    Local override; error
    @(53.8500 mm, 161.5000 mm): Pad L50 [GND] of J0_Conn0 on F.Cu
    @(55.1500 mm, 161.5000 mm): Pad L49 [GND] of J0_Conn0 on F.Cu
[unconnected_items]: Missing connection between items
    Local override; error
    @(53.8500 mm, 210.5000 mm): Pad A50 [GND] of J4_Conn1 on F.Cu
    @(53.1500 mm, 212.0000 mm): Pad B51 [GND] of J4_Conn1 on F.Cu
[unconnected_items]: Missing connection between items
    Local override; error
    @(53.8500 mm, 222.5000 mm): Pad J50 [GND] of J4_Conn1 on F.Cu
    @(53.1500 mm, 224.0000 mm): Pad K51 [GND] of J4_Conn1 on F.Cu
[unconnected_items]: Missing connection between items
    Local override; error
    @(53.8500 mm, 225.5000 mm): Pad L50 [GND] of J4_Conn1 on F.Cu
    @(55.1500 mm, 225.5000 mm): Pad L49 [GND] of J4_Conn1 on F.Cu
[unconnected_items]: Missing connection between items
    Local override; error
    @(53.8500 mm, 315.5000 mm): Pad C50 [GND] of J4_Conn0 on F.Cu
    @(55.1500 mm, 315.5000 mm): Pad C49 [GND] of J4_Conn0 on F.Cu
[unconnected_items]: Missing connection between items
    Local override; error
    @(53.8500 mm, 318.5000 mm): Pad E50 [GND] of J4_Conn0 on F.Cu
    @(53.1500 mm, 317.0000 mm): Pad D51 [GND] of J4_Conn0 on F.Cu
[unconnected_items]: Missing connection between items
    Local override; error
    @(53.8500 mm, 321.5000 mm): Pad G50 [GND] of J4_Conn0 on F.Cu
    @(55.1500 mm, 321.5000 mm): Pad G49 [GND] of J4_Conn0 on F.Cu
[unconnected_items]: Missing connection between items
    Local override; error
    @(53.8500 mm, 321.5000 mm): Pad G50 [GND] of J4_Conn0 on F.Cu
    @(53.1500 mm, 323.0000 mm): Pad H51 [GND] of J4_Conn0 on F.Cu
[unconnected_items]: Missing connection between items
    Local override; error
    @(53.8500 mm, 324.5000 mm): Pad J50 [GND] of J4_Conn0 on F.Cu
    @(55.1500 mm, 324.5000 mm): Pad J49 [GND] of J4_Conn0 on F.Cu
[unconnected_items]: Missing connection between items
    Local override; error
    @(55.1500 mm, 44.5000 mm): Pad A49 [GND] of J0_Conn1 on F.Cu
    @(53.8500 mm, 44.5000 mm): Pad A50 [GND] of J0_Conn1 on F.Cu
[unconnected_items]: Missing connection between items
    Local override; error
    @(55.1500 mm, 44.5000 mm): Pad A49 [GND] of J0_Conn1 on F.Cu
    @(55.8500 mm, 46.0000 mm): Pad B48 [GND] of J0_Conn1 on F.Cu
[unconnected_items]: Missing connection between items
    Local override; error
    @(55.1500 mm, 47.5000 mm): Pad C49 [GND] of J0_Conn1 on F.Cu
    @(53.8500 mm, 47.5000 mm): Pad C50 [GND] of J0_Conn1 on F.Cu
[unconnected_items]: Missing connection between items
    Local override; error
    @(55.1500 mm, 50.5000 mm): Pad E49 [GND] of J0_Conn1 on F.Cu
    @(55.8500 mm, 52.0000 mm): Pad F48 [GND] of J0_Conn1 on F.Cu
[unconnected_items]: Missing connection between items
    Local override; error
    @(55.1500 mm, 53.5000 mm): Pad G49 [GND] of J0_Conn1 on F.Cu
    @(53.8500 mm, 53.5000 mm): Pad G50 [GND] of J0_Conn1 on F.Cu
[unconnected_items]: Missing connection between items
    Local override; error
    @(55.1500 mm, 53.5000 mm): Pad G49 [GND] of J0_Conn1 on F.Cu
    @(55.8500 mm, 55.0000 mm): Pad H48 [GND] of J0_Conn1 on F.Cu
[unconnected_items]: Missing connection between items
    Local override; error
    @(55.1500 mm, 59.5000 mm): Pad L49 [GND] of J0_Conn1 on F.Cu
    @(53.8500 mm, 59.5000 mm): Pad L50 [GND] of J0_Conn1 on F.Cu
[unconnected_items]: Missing connection between items
    Local override; error
    @(55.1500 mm, 146.5000 mm): Pad A49 [GND] of J0_Conn0 on F.Cu
    @(53.8500 mm, 146.5000 mm): Pad A50 [GND] of J0_Conn0 on F.Cu
[unconnected_items]: Missing connection between items
    Local override; error
    @(55.1500 mm, 146.5000 mm): Pad A49 [GND] of J0_Conn0 on F.Cu
    @(55.1500 mm, 59.5000 mm): Pad L49 [GND] of J0_Conn1 on F.Cu
[unconnected_items]: Missing connection between items
    Local override; error
    @(55.1500 mm, 149.5000 mm): Pad C49 [GND] of J0_Conn0 on F.Cu
    @(53.8500 mm, 149.5000 mm): Pad C50 [GND] of J0_Conn0 on F.Cu
[unconnected_items]: Missing connection between items
    Local override; error
    @(55.1500 mm, 152.5000 mm): Pad E49 [GND] of J0_Conn0 on F.Cu
    @(53.8500 mm, 152.5000 mm): Pad E50 [GND] of J0_Conn0 on F.Cu
[unconnected_items]: Missing connection between items
    Local override; error
    @(55.1500 mm, 158.5000 mm): Pad J49 [GND] of J0_Conn0 on F.Cu
    @(53.8500 mm, 158.5000 mm): Pad J50 [GND] of J0_Conn0 on F.Cu
[unconnected_items]: Missing connection between items
    Local override; error
    @(55.1500 mm, 158.5000 mm): Pad J49 [GND] of J0_Conn0 on F.Cu
    @(55.8500 mm, 160.0000 mm): Pad K48 [GND] of J0_Conn0 on F.Cu
[unconnected_items]: Missing connection between items
    Local override; error
    @(55.1500 mm, 210.5000 mm): Pad A49 [GND] of J4_Conn1 on F.Cu
    @(53.8500 mm, 210.5000 mm): Pad A50 [GND] of J4_Conn1 on F.Cu
[unconnected_items]: Missing connection between items
    Local override; error
    @(55.1500 mm, 213.5000 mm): Pad C49 [GND] of J4_Conn1 on F.Cu
    @(53.8500 mm, 213.5000 mm): Pad C50 [GND] of J4_Conn1 on F.Cu
[unconnected_items]: Missing connection between items
    Local override; error
    @(55.1500 mm, 216.5000 mm): Pad E49 [GND] of J4_Conn1 on F.Cu
    @(53.8500 mm, 216.5000 mm): Pad E50 [GND] of J4_Conn1 on F.Cu
[unconnected_items]: Missing connection between items
    Local override; error
    @(55.1500 mm, 219.5000 mm): Pad G49 [GND] of J4_Conn1 on F.Cu
    @(53.8500 mm, 219.5000 mm): Pad G50 [GND] of J4_Conn1 on F.Cu
[unconnected_items]: Missing connection between items
    Local override; error
    @(55.1500 mm, 222.5000 mm): Pad J49 [GND] of J4_Conn1 on F.Cu
    @(53.8500 mm, 222.5000 mm): Pad J50 [GND] of J4_Conn1 on F.Cu
[unconnected_items]: Missing connection between items
    Local override; error
    @(55.1500 mm, 225.5000 mm): Pad L49 [GND] of J4_Conn1 on F.Cu
    @(55.8500 mm, 224.0000 mm): Pad K48 [GND] of J4_Conn1 on F.Cu
[unconnected_items]: Missing connection between items
    Local override; error
    @(55.1500 mm, 312.5000 mm): Pad A49 [GND] of J4_Conn0 on F.Cu
    @(53.8500 mm, 312.5000 mm): Pad A50 [GND] of J4_Conn0 on F.Cu
[unconnected_items]: Missing connection between items
    Local override; error
    @(55.1500 mm, 315.5000 mm): Pad C49 [GND] of J4_Conn0 on F.Cu
    @(55.8500 mm, 314.0000 mm): Pad B48 [GND] of J4_Conn0 on F.Cu
[unconnected_items]: Missing connection between items
    Local override; error
    @(55.1500 mm, 318.5000 mm): Pad E49 [GND] of J4_Conn0 on F.Cu
    @(53.8500 mm, 318.5000 mm): Pad E50 [GND] of J4_Conn0 on F.Cu
[unconnected_items]: Missing connection between items
    Local override; error
    @(55.1500 mm, 324.5000 mm): Pad J49 [GND] of J4_Conn0 on F.Cu
    @(55.8500 mm, 326.0000 mm): Pad K48 [GND] of J4_Conn0 on F.Cu
[unconnected_items]: Missing connection between items
    Local override; error
    @(55.1500 mm, 327.5000 mm): Pad L49 [GND] of J4_Conn0 on F.Cu
    @(53.8500 mm, 327.5000 mm): Pad L50 [GND] of J4_Conn0 on F.Cu
[unconnected_items]: Missing connection between items
    Local override; error
    @(55.1500 mm, 327.5000 mm): Pad L49 [GND] of J4_Conn0 on F.Cu
    @(55.8500 mm, 326.0000 mm): Pad K48 [GND] of J4_Conn0 on F.Cu
[unconnected_items]: Missing connection between items
    Local override; error
    @(55.8500 mm, 46.0000 mm): Pad B48 [GND] of J0_Conn1 on F.Cu
    @(57.1500 mm, 46.0000 mm): Pad B47 [GND] of J0_Conn1 on F.Cu
[unconnected_items]: Missing connection between items
    Local override; error
    @(55.8500 mm, 49.0000 mm): Pad D48 [GND] of J0_Conn1 on F.Cu
    @(57.1500 mm, 49.0000 mm): Pad D47 [GND] of J0_Conn1 on F.Cu
[unconnected_items]: Missing connection between items
    Local override; error
    @(55.8500 mm, 49.0000 mm): Pad D48 [GND] of J0_Conn1 on F.Cu
    @(55.1500 mm, 50.5000 mm): Pad E49 [GND] of J0_Conn1 on F.Cu
[unconnected_items]: Missing connection between items
    Local override; error
    @(55.8500 mm, 55.0000 mm): Pad H48 [GND] of J0_Conn1 on F.Cu
    @(57.1500 mm, 55.0000 mm): Pad H47 [GND] of J0_Conn1 on F.Cu
[unconnected_items]: Missing connection between items
    Local override; error
    @(55.8500 mm, 58.0000 mm): Pad K48 [GND] of J0_Conn1 on F.Cu
    @(55.1500 mm, 59.5000 mm): Pad L49 [GND] of J0_Conn1 on F.Cu
[unconnected_items]: Missing connection between items
    Local override; error
    @(55.8500 mm, 148.0000 mm): Pad B48 [GND] of J0_Conn0 on F.Cu
    @(57.1500 mm, 148.0000 mm): Pad B47 [GND] of J0_Conn0 on F.Cu
[unconnected_items]: Missing connection between items
    Local override; error
    @(55.8500 mm, 148.0000 mm): Pad B48 [GND] of J0_Conn0 on F.Cu
    @(55.1500 mm, 146.5000 mm): Pad A49 [GND] of J0_Conn0 on F.Cu
[unconnected_items]: Missing connection between items
    Local override; error
    @(55.8500 mm, 151.0000 mm): Pad D48 [GND] of J0_Conn0 on F.Cu
    @(55.1500 mm, 149.5000 mm): Pad C49 [GND] of J0_Conn0 on F.Cu
[unconnected_items]: Missing connection between items
    Local override; error
    @(55.8500 mm, 154.0000 mm): Pad F48 [GND] of J0_Conn0 on F.Cu
    @(57.1500 mm, 154.0000 mm): Pad F47 [GND] of J0_Conn0 on F.Cu
[unconnected_items]: Missing connection between items
    Local override; error
    @(55.8500 mm, 157.0000 mm): Pad H48 [GND] of J0_Conn0 on F.Cu
    @(57.1500 mm, 157.0000 mm): Pad H47 [GND] of J0_Conn0 on F.Cu
[unconnected_items]: Missing connection between items
    Local override; error
    @(55.8500 mm, 160.0000 mm): Pad K48 [GND] of J0_Conn0 on F.Cu
    @(57.1500 mm, 160.0000 mm): Pad K47 [GND] of J0_Conn0 on F.Cu
[unconnected_items]: Missing connection between items
    Local override; error
    @(55.8500 mm, 160.0000 mm): Pad K48 [GND] of J0_Conn0 on F.Cu
    @(55.1500 mm, 161.5000 mm): Pad L49 [GND] of J0_Conn0 on F.Cu
[unconnected_items]: Missing connection between items
    Local override; error
    @(55.8500 mm, 212.0000 mm): Pad B48 [GND] of J4_Conn1 on F.Cu
    @(57.1500 mm, 212.0000 mm): Pad B47 [GND] of J4_Conn1 on F.Cu
[unconnected_items]: Missing connection between items
    Local override; error
    @(55.8500 mm, 212.0000 mm): Pad B48 [GND] of J4_Conn1 on F.Cu
    @(55.1500 mm, 210.5000 mm): Pad A49 [GND] of J4_Conn1 on F.Cu
[unconnected_items]: Missing connection between items
    Local override; error
    @(55.8500 mm, 215.0000 mm): Pad D48 [GND] of J4_Conn1 on F.Cu
    @(57.1500 mm, 215.0000 mm): Pad D47 [GND] of J4_Conn1 on F.Cu
[unconnected_items]: Missing connection between items
    Local override; error
    @(55.8500 mm, 215.0000 mm): Pad D48 [GND] of J4_Conn1 on F.Cu
    @(55.1500 mm, 213.5000 mm): Pad C49 [GND] of J4_Conn1 on F.Cu
[unconnected_items]: Missing connection between items
    Local override; error
    @(55.8500 mm, 218.0000 mm): Pad F48 [GND] of J4_Conn1 on F.Cu
    @(57.1500 mm, 218.0000 mm): Pad F47 [GND] of J4_Conn1 on F.Cu
[unconnected_items]: Missing connection between items
    Local override; error
    @(55.8500 mm, 218.0000 mm): Pad F48 [GND] of J4_Conn1 on F.Cu
    @(55.1500 mm, 216.5000 mm): Pad E49 [GND] of J4_Conn1 on F.Cu
[unconnected_items]: Missing connection between items
    Local override; error
    @(55.8500 mm, 221.0000 mm): Pad H48 [GND] of J4_Conn1 on F.Cu
    @(57.1500 mm, 221.0000 mm): Pad H47 [GND] of J4_Conn1 on F.Cu
[unconnected_items]: Missing connection between items
    Local override; error
    @(55.8500 mm, 221.0000 mm): Pad H48 [GND] of J4_Conn1 on F.Cu
    @(55.1500 mm, 219.5000 mm): Pad G49 [GND] of J4_Conn1 on F.Cu
[unconnected_items]: Missing connection between items
    Local override; error
    @(55.8500 mm, 314.0000 mm): Pad B48 [GND] of J4_Conn0 on F.Cu
    @(55.1500 mm, 312.5000 mm): Pad A49 [GND] of J4_Conn0 on F.Cu
[unconnected_items]: Missing connection between items
    Local override; error
    @(55.8500 mm, 317.0000 mm): Pad D48 [GND] of J4_Conn0 on F.Cu
    @(57.1500 mm, 317.0000 mm): Pad D47 [GND] of J4_Conn0 on F.Cu
[unconnected_items]: Missing connection between items
    Local override; error
    @(55.8500 mm, 317.0000 mm): Pad D48 [GND] of J4_Conn0 on F.Cu
    @(55.1500 mm, 315.5000 mm): Pad C49 [GND] of J4_Conn0 on F.Cu
[unconnected_items]: Missing connection between items
    Local override; error
    @(55.8500 mm, 320.0000 mm): Pad F48 [GND] of J4_Conn0 on F.Cu
    @(57.1500 mm, 320.0000 mm): Pad F47 [GND] of J4_Conn0 on F.Cu
[unconnected_items]: Missing connection between items
    Local override; error
    @(55.8500 mm, 320.0000 mm): Pad F48 [GND] of J4_Conn0 on F.Cu
    @(55.1500 mm, 321.5000 mm): Pad G49 [GND] of J4_Conn0 on F.Cu
[unconnected_items]: Missing connection between items
    Local override; error
    @(57.1500 mm, 52.0000 mm): Pad F47 [GND] of J0_Conn1 on F.Cu
    @(55.8500 mm, 52.0000 mm): Pad F48 [GND] of J0_Conn1 on F.Cu
[unconnected_items]: Missing connection between items
    Local override; error
    @(57.1500 mm, 58.0000 mm): Pad K47 [GND] of J0_Conn1 on F.Cu
    @(55.8500 mm, 58.0000 mm): Pad K48 [GND] of J0_Conn1 on F.Cu
[unconnected_items]: Missing connection between items
    Local override; error
    @(57.1500 mm, 58.0000 mm): Pad K47 [GND] of J0_Conn1 on F.Cu
    @(57.8500 mm, 59.5000 mm): Pad L46 [GND] of J0_Conn1 on F.Cu
[unconnected_items]: Missing connection between items
    Local override; error
    @(57.1500 mm, 148.0000 mm): Pad B47 [GND] of J0_Conn0 on F.Cu
    @(57.8500 mm, 146.5000 mm): Pad A46 [GND] of J0_Conn0 on F.Cu
[unconnected_items]: Missing connection between items
    Local override; error
    @(57.1500 mm, 151.0000 mm): Pad D47 [GND] of J0_Conn0 on F.Cu
    @(55.8500 mm, 151.0000 mm): Pad D48 [GND] of J0_Conn0 on F.Cu
[unconnected_items]: Missing connection between items
    Local override; error
    @(57.1500 mm, 154.0000 mm): Pad F47 [GND] of J0_Conn0 on F.Cu
    @(57.8500 mm, 155.5000 mm): Pad G46 [GND] of J0_Conn0 on F.Cu
[unconnected_items]: Missing connection between items
    Local override; error
    @(57.1500 mm, 157.0000 mm): Pad H47 [GND] of J0_Conn0 on F.Cu
    @(57.8500 mm, 158.5000 mm): Pad J46 [GND] of J0_Conn0 on F.Cu
[unconnected_items]: Missing connection between items
    Local override; error
    @(57.1500 mm, 160.0000 mm): Pad K47 [GND] of J0_Conn0 on F.Cu
    @(57.8500 mm, 161.5000 mm): Pad L46 [GND] of J0_Conn0 on F.Cu
[unconnected_items]: Missing connection between items
    Local override; error
    @(57.1500 mm, 212.0000 mm): Pad B47 [GND] of J4_Conn1 on F.Cu
    @(57.8500 mm, 213.5000 mm): Pad C46 [GND] of J4_Conn1 on F.Cu
[unconnected_items]: Missing connection between items
    Local override; error
    @(57.1500 mm, 215.0000 mm): Pad D47 [GND] of J4_Conn1 on F.Cu
    @(57.8500 mm, 216.5000 mm): Pad E46 [GND] of J4_Conn1 on F.Cu
[unconnected_items]: Missing connection between items
    Local override; error
    @(57.1500 mm, 218.0000 mm): Pad F47 [GND] of J4_Conn1 on F.Cu
    @(57.8500 mm, 219.5000 mm): Pad G46 [GND] of J4_Conn1 on F.Cu
[unconnected_items]: Missing connection between items
    Local override; error
    @(57.1500 mm, 221.0000 mm): Pad H47 [GND] of J4_Conn1 on F.Cu
    @(57.8500 mm, 222.5000 mm): Pad J46 [GND] of J4_Conn1 on F.Cu
[unconnected_items]: Missing connection between items
    Local override; error
    @(57.1500 mm, 224.0000 mm): Pad K47 [GND] of J4_Conn1 on F.Cu
    @(55.8500 mm, 224.0000 mm): Pad K48 [GND] of J4_Conn1 on F.Cu
[unconnected_items]: Missing connection between items
    Local override; error
    @(57.1500 mm, 224.0000 mm): Pad K47 [GND] of J4_Conn1 on F.Cu
    @(57.8500 mm, 225.5000 mm): Pad L46 [GND] of J4_Conn1 on F.Cu
[unconnected_items]: Missing connection between items
    Local override; error
    @(57.1500 mm, 314.0000 mm): Pad B47 [GND] of J4_Conn0 on F.Cu
    @(55.8500 mm, 314.0000 mm): Pad B48 [GND] of J4_Conn0 on F.Cu
[unconnected_items]: Missing connection between items
    Local override; error
    @(57.1500 mm, 317.0000 mm): Pad D47 [GND] of J4_Conn0 on F.Cu
    @(57.8500 mm, 315.5000 mm): Pad C46 [GND] of J4_Conn0 on F.Cu
[unconnected_items]: Missing connection between items
    Local override; error
    @(57.1500 mm, 323.0000 mm): Pad H47 [GND] of J4_Conn0 on F.Cu
    @(55.8500 mm, 323.0000 mm): Pad H48 [GND] of J4_Conn0 on F.Cu
[unconnected_items]: Missing connection between items
    Local override; error
    @(57.1500 mm, 323.0000 mm): Pad H47 [GND] of J4_Conn0 on F.Cu
    @(57.8500 mm, 324.5000 mm): Pad J46 [GND] of J4_Conn0 on F.Cu
[unconnected_items]: Missing connection between items
    Local override; error
    @(57.1500 mm, 323.0000 mm): Pad H47 [GND] of J4_Conn0 on F.Cu
    @(57.8500 mm, 321.5000 mm): Pad G46 [GND] of J4_Conn0 on F.Cu
[unconnected_items]: Missing connection between items
    Local override; error
    @(57.1500 mm, 326.0000 mm): Pad K47 [GND] of J4_Conn0 on F.Cu
    @(55.8500 mm, 326.0000 mm): Pad K48 [GND] of J4_Conn0 on F.Cu
[unconnected_items]: Missing connection between items
    Local override; error
    @(57.1500 mm, 326.0000 mm): Pad K47 [GND] of J4_Conn0 on F.Cu
    @(57.8500 mm, 324.5000 mm): Pad J46 [GND] of J4_Conn0 on F.Cu
[unconnected_items]: Missing connection between items
    Local override; error
    @(57.8500 mm, 47.5000 mm): Pad C46 [GND] of J0_Conn1 on F.Cu
    @(57.1500 mm, 49.0000 mm): Pad D47 [GND] of J0_Conn1 on F.Cu
[unconnected_items]: Missing connection between items
    Local override; error
    @(57.8500 mm, 50.5000 mm): Pad E46 [GND] of J0_Conn1 on F.Cu
    @(57.1500 mm, 49.0000 mm): Pad D47 [GND] of J0_Conn1 on F.Cu
[unconnected_items]: Missing connection between items
    Local override; error
    @(57.8500 mm, 53.5000 mm): Pad G46 [GND] of J0_Conn1 on F.Cu
    @(59.1500 mm, 53.5000 mm): Pad G45 [GND] of J0_Conn1 on F.Cu
[unconnected_items]: Missing connection between items
    Local override; error
    @(57.8500 mm, 56.5000 mm): Pad J46 [GND] of J0_Conn1 on F.Cu
    @(59.1500 mm, 56.5000 mm): Pad J45 [GND] of J0_Conn1 on F.Cu
[unconnected_items]: Missing connection between items
    Local override; error
    @(57.8500 mm, 56.5000 mm): Pad J46 [GND] of J0_Conn1 on F.Cu
    @(57.1500 mm, 58.0000 mm): Pad K47 [GND] of J0_Conn1 on F.Cu
[unconnected_items]: Missing connection between items
    Local override; error
    @(57.8500 mm, 146.5000 mm): Pad A46 [GND] of J0_Conn0 on F.Cu
    @(59.1500 mm, 146.5000 mm): Pad A45 [GND] of J0_Conn0 on F.Cu
[unconnected_items]: Missing connection between items
    Local override; error
    @(57.8500 mm, 152.5000 mm): Pad E46 [GND] of J0_Conn0 on F.Cu
    @(59.1500 mm, 152.5000 mm): Pad E45 [GND] of J0_Conn0 on F.Cu
[unconnected_items]: Missing connection between items
    Local override; error
    @(57.8500 mm, 155.5000 mm): Pad G46 [GND] of J0_Conn0 on F.Cu
    @(59.1500 mm, 155.5000 mm): Pad G45 [GND] of J0_Conn0 on F.Cu
[unconnected_items]: Missing connection between items
    Local override; error
    @(57.8500 mm, 158.5000 mm): Pad J46 [GND] of J0_Conn0 on F.Cu
    @(57.1500 mm, 160.0000 mm): Pad K47 [GND] of J0_Conn0 on F.Cu
[unconnected_items]: Missing connection between items
    Local override; error
    @(57.8500 mm, 161.5000 mm): Pad L46 [GND] of J0_Conn0 on F.Cu
    @(59.1500 mm, 161.5000 mm): Pad L45 [GND] of J0_Conn0 on F.Cu
[unconnected_items]: Missing connection between items
    Local override; error
    @(57.8500 mm, 216.5000 mm): Pad E46 [GND] of J4_Conn1 on F.Cu
    @(59.1500 mm, 216.5000 mm): Pad E45 [GND] of J4_Conn1 on F.Cu
[unconnected_items]: Missing connection between items
    Local override; error
    @(57.8500 mm, 222.5000 mm): Pad J46 [GND] of J4_Conn1 on F.Cu
    @(59.1500 mm, 222.5000 mm): Pad J45 [GND] of J4_Conn1 on F.Cu
[unconnected_items]: Missing connection between items
    Local override; error
    @(57.8500 mm, 225.5000 mm): Pad L46 [GND] of J4_Conn1 on F.Cu
    @(59.1500 mm, 225.5000 mm): Pad L45 [GND] of J4_Conn1 on F.Cu
[unconnected_items]: Missing connection between items
    Local override; error
    @(57.8500 mm, 312.5000 mm): Pad A46 [GND] of J4_Conn0 on F.Cu
    @(59.1500 mm, 312.5000 mm): Pad A45 [GND] of J4_Conn0 on F.Cu
[unconnected_items]: Missing connection between items
    Local override; error
    @(57.8500 mm, 312.5000 mm): Pad A46 [GND] of J4_Conn0 on F.Cu
    @(57.1500 mm, 314.0000 mm): Pad B47 [GND] of J4_Conn0 on F.Cu
[unconnected_items]: Missing connection between items
    Local override; error
    @(57.8500 mm, 318.5000 mm): Pad E46 [GND] of J4_Conn0 on F.Cu
    @(57.1500 mm, 317.0000 mm): Pad D47 [GND] of J4_Conn0 on F.Cu
[unconnected_items]: Missing connection between items
    Local override; error
    @(57.8500 mm, 321.5000 mm): Pad G46 [GND] of J4_Conn0 on F.Cu
    @(57.1500 mm, 320.0000 mm): Pad F47 [GND] of J4_Conn0 on F.Cu
[unconnected_items]: Missing connection between items
    Local override; error
    @(57.8500 mm, 324.5000 mm): Pad J46 [GND] of J4_Conn0 on F.Cu
    @(59.1500 mm, 324.5000 mm): Pad J45 [GND] of J4_Conn0 on F.Cu
[unconnected_items]: Missing connection between items
    Local override; error
    @(59.1500 mm, 44.5000 mm): Pad A45 [GND] of J0_Conn1 on F.Cu
    @(57.8500 mm, 44.5000 mm): Pad A46 [GND] of J0_Conn1 on F.Cu
[unconnected_items]: Missing connection between items
    Local override; error
    @(59.1500 mm, 47.5000 mm): Pad C45 [GND] of J0_Conn1 on F.Cu
    @(57.8500 mm, 47.5000 mm): Pad C46 [GND] of J0_Conn1 on F.Cu
[unconnected_items]: Missing connection between items
    Local override; error
    @(59.1500 mm, 50.5000 mm): Pad E45 [GND] of J0_Conn1 on F.Cu
    @(57.8500 mm, 50.5000 mm): Pad E46 [GND] of J0_Conn1 on F.Cu
[unconnected_items]: Missing connection between items
    Local override; error
    @(59.1500 mm, 59.5000 mm): Pad L45 [GND] of J0_Conn1 on F.Cu
    @(57.8500 mm, 59.5000 mm): Pad L46 [GND] of J0_Conn1 on F.Cu
[unconnected_items]: Missing connection between items
    Local override; error
    @(59.1500 mm, 146.5000 mm): Pad A45 [GND] of J0_Conn0 on F.Cu
    @(59.8500 mm, 148.0000 mm): Pad B44 [GND] of J0_Conn0 on F.Cu
[unconnected_items]: Missing connection between items
    Local override; error
    @(59.1500 mm, 149.5000 mm): Pad C45 [GND] of J0_Conn0 on F.Cu
    @(57.8500 mm, 149.5000 mm): Pad C46 [GND] of J0_Conn0 on F.Cu
[unconnected_items]: Missing connection between items
    Local override; error
    @(59.1500 mm, 149.5000 mm): Pad C45 [GND] of J0_Conn0 on F.Cu
    @(59.8500 mm, 151.0000 mm): Pad D44 [GND] of J0_Conn0 on F.Cu
[unconnected_items]: Missing connection between items
    Local override; error
    @(59.1500 mm, 152.5000 mm): Pad E45 [GND] of J0_Conn0 on F.Cu
    @(59.8500 mm, 154.0000 mm): Pad F44 [GND] of J0_Conn0 on F.Cu
[unconnected_items]: Missing connection between items
    Local override; error
    @(59.1500 mm, 155.5000 mm): Pad G45 [GND] of J0_Conn0 on F.Cu
    @(59.8500 mm, 157.0000 mm): Pad H44 [GND] of J0_Conn0 on F.Cu
[unconnected_items]: Missing connection between items
    Local override; error
    @(59.1500 mm, 158.5000 mm): Pad J45 [GND] of J0_Conn0 on F.Cu
    @(57.8500 mm, 158.5000 mm): Pad J46 [GND] of J0_Conn0 on F.Cu
[unconnected_items]: Missing connection between items
    Local override; error
    @(59.1500 mm, 210.5000 mm): Pad A45 [GND] of J4_Conn1 on F.Cu
    @(57.8500 mm, 210.5000 mm): Pad A46 [GND] of J4_Conn1 on F.Cu
[unconnected_items]: Missing connection between items
    Local override; error
    @(59.1500 mm, 213.5000 mm): Pad C45 [GND] of J4_Conn1 on F.Cu
    @(57.8500 mm, 213.5000 mm): Pad C46 [GND] of J4_Conn1 on F.Cu
[unconnected_items]: Missing connection between items
    Local override; error
    @(59.1500 mm, 213.5000 mm): Pad C45 [GND] of J4_Conn1 on F.Cu
    @(59.8500 mm, 212.0000 mm): Pad B44 [GND] of J4_Conn1 on F.Cu
[unconnected_items]: Missing connection between items
    Local override; error
    @(59.1500 mm, 219.5000 mm): Pad G45 [GND] of J4_Conn1 on F.Cu
    @(57.8500 mm, 219.5000 mm): Pad G46 [GND] of J4_Conn1 on F.Cu
[unconnected_items]: Missing connection between items
    Local override; error
    @(59.1500 mm, 315.5000 mm): Pad C45 [GND] of J4_Conn0 on F.Cu
    @(57.8500 mm, 315.5000 mm): Pad C46 [GND] of J4_Conn0 on F.Cu
[unconnected_items]: Missing connection between items
    Local override; error
    @(59.1500 mm, 318.5000 mm): Pad E45 [GND] of J4_Conn0 on F.Cu
    @(57.8500 mm, 318.5000 mm): Pad E46 [GND] of J4_Conn0 on F.Cu
[unconnected_items]: Missing connection between items
    Local override; error
    @(59.1500 mm, 318.5000 mm): Pad E45 [GND] of J4_Conn0 on F.Cu
    @(59.8500 mm, 317.0000 mm): Pad D44 [GND] of J4_Conn0 on F.Cu
[unconnected_items]: Missing connection between items
    Local override; error
    @(59.1500 mm, 321.5000 mm): Pad G45 [GND] of J4_Conn0 on F.Cu
    @(57.8500 mm, 321.5000 mm): Pad G46 [GND] of J4_Conn0 on F.Cu
[unconnected_items]: Missing connection between items
    Local override; error
    @(59.1500 mm, 327.5000 mm): Pad L45 [GND] of J4_Conn0 on F.Cu
    @(57.8500 mm, 327.5000 mm): Pad L46 [GND] of J4_Conn0 on F.Cu
[unconnected_items]: Missing connection between items
    Local override; error
    @(59.8500 mm, 46.0000 mm): Pad B44 [GND] of J0_Conn1 on F.Cu
    @(59.1500 mm, 47.5000 mm): Pad C45 [GND] of J0_Conn1 on F.Cu
[unconnected_items]: Missing connection between items
    Local override; error
    @(59.8500 mm, 46.0000 mm): Pad B44 [GND] of J0_Conn1 on F.Cu
    @(59.1500 mm, 44.5000 mm): Pad A45 [GND] of J0_Conn1 on F.Cu
[unconnected_items]: Missing connection between items
    Local override; error
    @(59.8500 mm, 49.0000 mm): Pad D44 [GND] of J0_Conn1 on F.Cu
    @(59.1500 mm, 47.5000 mm): Pad C45 [GND] of J0_Conn1 on F.Cu
[unconnected_items]: Missing connection between items
    Local override; error
    @(59.8500 mm, 52.0000 mm): Pad F44 [GND] of J0_Conn1 on F.Cu
    @(61.1500 mm, 52.0000 mm): Pad F43 [GND] of J0_Conn1 on F.Cu
[unconnected_items]: Missing connection between items
    Local override; error
    @(59.8500 mm, 52.0000 mm): Pad F44 [GND] of J0_Conn1 on F.Cu
    @(59.1500 mm, 53.5000 mm): Pad G45 [GND] of J0_Conn1 on F.Cu
[unconnected_items]: Missing connection between items
    Local override; error
    @(59.8500 mm, 55.0000 mm): Pad H44 [GND] of J0_Conn1 on F.Cu
    @(61.1500 mm, 55.0000 mm): Pad H43 [GND] of J0_Conn1 on F.Cu
[unconnected_items]: Missing connection between items
    Local override; error
    @(59.8500 mm, 55.0000 mm): Pad H44 [GND] of J0_Conn1 on F.Cu
    @(59.1500 mm, 56.5000 mm): Pad J45 [GND] of J0_Conn1 on F.Cu
[unconnected_items]: Missing connection between items
    Local override; error
    @(59.8500 mm, 58.0000 mm): Pad K44 [GND] of J0_Conn1 on F.Cu
    @(61.1500 mm, 58.0000 mm): Pad K43 [GND] of J0_Conn1 on F.Cu
[unconnected_items]: Missing connection between items
    Local override; error
    @(59.8500 mm, 58.0000 mm): Pad K44 [GND] of J0_Conn1 on F.Cu
    @(59.1500 mm, 56.5000 mm): Pad J45 [GND] of J0_Conn1 on F.Cu
[unconnected_items]: Missing connection between items
    Local override; error
    @(59.8500 mm, 148.0000 mm): Pad B44 [GND] of J0_Conn0 on F.Cu
    @(61.1500 mm, 148.0000 mm): Pad B43 [GND] of J0_Conn0 on F.Cu
[unconnected_items]: Missing connection between items
    Local override; error
    @(59.8500 mm, 151.0000 mm): Pad D44 [GND] of J0_Conn0 on F.Cu
    @(61.1500 mm, 151.0000 mm): Pad D43 [GND] of J0_Conn0 on F.Cu
[unconnected_items]: Missing connection between items
    Local override; error
    @(59.8500 mm, 151.0000 mm): Pad D44 [GND] of J0_Conn0 on F.Cu
    @(59.1500 mm, 152.5000 mm): Pad E45 [GND] of J0_Conn0 on F.Cu
[unconnected_items]: Missing connection between items
    Local override; error
    @(59.8500 mm, 154.0000 mm): Pad F44 [GND] of J0_Conn0 on F.Cu
    @(59.1500 mm, 155.5000 mm): Pad G45 [GND] of J0_Conn0 on F.Cu
[unconnected_items]: Missing connection between items
    Local override; error
    @(59.8500 mm, 157.0000 mm): Pad H44 [GND] of J0_Conn0 on F.Cu
    @(61.1500 mm, 157.0000 mm): Pad H43 [GND] of J0_Conn0 on F.Cu
[unconnected_items]: Missing connection between items
    Local override; error
    @(59.8500 mm, 157.0000 mm): Pad H44 [GND] of J0_Conn0 on F.Cu
    @(59.1500 mm, 158.5000 mm): Pad J45 [GND] of J0_Conn0 on F.Cu
[unconnected_items]: Missing connection between items
    Local override; error
    @(59.8500 mm, 160.0000 mm): Pad K44 [GND] of J0_Conn0 on F.Cu
    @(61.1500 mm, 160.0000 mm): Pad K43 [GND] of J0_Conn0 on F.Cu
[unconnected_items]: Missing connection between items
    Local override; error
    @(59.8500 mm, 160.0000 mm): Pad K44 [GND] of J0_Conn0 on F.Cu
    @(59.1500 mm, 158.5000 mm): Pad J45 [GND] of J0_Conn0 on F.Cu
[unconnected_items]: Missing connection between items
    Local override; error
    @(59.8500 mm, 212.0000 mm): Pad B44 [GND] of J4_Conn1 on F.Cu
    @(59.1500 mm, 210.5000 mm): Pad A45 [GND] of J4_Conn1 on F.Cu
[unconnected_items]: Missing connection between items
    Local override; error
    @(59.8500 mm, 215.0000 mm): Pad D44 [GND] of J4_Conn1 on F.Cu
    @(59.1500 mm, 213.5000 mm): Pad C45 [GND] of J4_Conn1 on F.Cu
[unconnected_items]: Missing connection between items
    Local override; error
    @(59.8500 mm, 218.0000 mm): Pad F44 [GND] of J4_Conn1 on F.Cu
    @(59.1500 mm, 216.5000 mm): Pad E45 [GND] of J4_Conn1 on F.Cu
[unconnected_items]: Missing connection between items
    Local override; error
    @(59.8500 mm, 221.0000 mm): Pad H44 [GND] of J4_Conn1 on F.Cu
    @(59.1500 mm, 219.5000 mm): Pad G45 [GND] of J4_Conn1 on F.Cu
[unconnected_items]: Missing connection between items
    Local override; error
    @(59.8500 mm, 224.0000 mm): Pad K44 [GND] of J4_Conn1 on F.Cu
    @(59.1500 mm, 222.5000 mm): Pad J45 [GND] of J4_Conn1 on F.Cu
[unconnected_items]: Missing connection between items
    Local override; error
    @(59.8500 mm, 314.0000 mm): Pad B44 [GND] of J4_Conn0 on F.Cu
    @(61.1500 mm, 314.0000 mm): Pad B43 [GND] of J4_Conn0 on F.Cu
[unconnected_items]: Missing connection between items
    Local override; error
    @(59.8500 mm, 317.0000 mm): Pad D44 [GND] of J4_Conn0 on F.Cu
    @(61.1500 mm, 317.0000 mm): Pad D43 [GND] of J4_Conn0 on F.Cu
[unconnected_items]: Missing connection between items
    Local override; error
    @(59.8500 mm, 320.0000 mm): Pad F44 [GND] of J4_Conn0 on F.Cu
    @(59.1500 mm, 321.5000 mm): Pad G45 [GND] of J4_Conn0 on F.Cu
[unconnected_items]: Missing connection between items
    Local override; error
    @(59.8500 mm, 323.0000 mm): Pad H44 [GND] of J4_Conn0 on F.Cu
    @(59.1500 mm, 324.5000 mm): Pad J45 [GND] of J4_Conn0 on F.Cu
[unconnected_items]: Missing connection between items
    Local override; error
    @(59.8500 mm, 326.0000 mm): Pad K44 [GND] of J4_Conn0 on F.Cu
    @(59.1500 mm, 327.5000 mm): Pad L45 [GND] of J4_Conn0 on F.Cu
[unconnected_items]: Missing connection between items
    Local override; error
    @(61.1500 mm, 46.0000 mm): Pad B43 [GND] of J0_Conn1 on F.Cu
    @(59.8500 mm, 46.0000 mm): Pad B44 [GND] of J0_Conn1 on F.Cu
[unconnected_items]: Missing connection between items
    Local override; error
    @(61.1500 mm, 46.0000 mm): Pad B43 [GND] of J0_Conn1 on F.Cu
    @(61.8500 mm, 44.5000 mm): Pad A42 [GND] of J0_Conn1 on F.Cu
[unconnected_items]: Missing connection between items
    Local override; error
    @(61.1500 mm, 49.0000 mm): Pad D43 [GND] of J0_Conn1 on F.Cu
    @(59.8500 mm, 49.0000 mm): Pad D44 [GND] of J0_Conn1 on F.Cu
[unconnected_items]: Missing connection between items
    Local override; error
    @(61.1500 mm, 148.0000 mm): Pad B43 [GND] of J0_Conn0 on F.Cu
    @(61.8500 mm, 149.5000 mm): Pad C42 [GND] of J0_Conn0 on F.Cu
[unconnected_items]: Missing connection between items
    Local override; error
    @(61.1500 mm, 148.0000 mm): Pad B43 [GND] of J0_Conn0 on F.Cu
    @(61.8500 mm, 146.5000 mm): Pad A42 [GND] of J0_Conn0 on F.Cu
[unconnected_items]: Missing connection between items
    Local override; error
    @(61.1500 mm, 154.0000 mm): Pad F43 [GND] of J0_Conn0 on F.Cu
    @(59.8500 mm, 154.0000 mm): Pad F44 [GND] of J0_Conn0 on F.Cu
[unconnected_items]: Missing connection between items
    Local override; error
    @(61.1500 mm, 160.0000 mm): Pad K43 [GND] of J0_Conn0 on F.Cu
    @(61.8500 mm, 161.5000 mm): Pad L42 [GND] of J0_Conn0 on F.Cu
[unconnected_items]: Missing connection between items
    Local override; error
    @(61.1500 mm, 212.0000 mm): Pad B43 [GND] of J4_Conn1 on F.Cu
    @(59.8500 mm, 212.0000 mm): Pad B44 [GND] of J4_Conn1 on F.Cu
[unconnected_items]: Missing connection between items
    Local override; error
    @(61.1500 mm, 215.0000 mm): Pad D43 [GND] of J4_Conn1 on F.Cu
    @(59.8500 mm, 215.0000 mm): Pad D44 [GND] of J4_Conn1 on F.Cu
[unconnected_items]: Missing connection between items
    Local override; error
    @(61.1500 mm, 218.0000 mm): Pad F43 [GND] of J4_Conn1 on F.Cu
    @(59.8500 mm, 218.0000 mm): Pad F44 [GND] of J4_Conn1 on F.Cu
[unconnected_items]: Missing connection between items
    Local override; error
    @(61.1500 mm, 221.0000 mm): Pad H43 [GND] of J4_Conn1 on F.Cu
    @(59.8500 mm, 221.0000 mm): Pad H44 [GND] of J4_Conn1 on F.Cu
[unconnected_items]: Missing connection between items
    Local override; error
    @(61.1500 mm, 224.0000 mm): Pad K43 [GND] of J4_Conn1 on F.Cu
    @(59.8500 mm, 224.0000 mm): Pad K44 [GND] of J4_Conn1 on F.Cu
[unconnected_items]: Missing connection between items
    Local override; error
    @(61.1500 mm, 314.0000 mm): Pad B43 [GND] of J4_Conn0 on F.Cu
    @(61.8500 mm, 315.5000 mm): Pad C42 [GND] of J4_Conn0 on F.Cu
[unconnected_items]: Missing connection between items
    Local override; error
    @(61.1500 mm, 320.0000 mm): Pad F43 [GND] of J4_Conn0 on F.Cu
    @(59.8500 mm, 320.0000 mm): Pad F44 [GND] of J4_Conn0 on F.Cu
[unconnected_items]: Missing connection between items
    Local override; error
    @(61.1500 mm, 323.0000 mm): Pad H43 [GND] of J4_Conn0 on F.Cu
    @(59.8500 mm, 323.0000 mm): Pad H44 [GND] of J4_Conn0 on F.Cu
[unconnected_items]: Missing connection between items
    Local override; error
    @(61.1500 mm, 323.0000 mm): Pad H43 [GND] of J4_Conn0 on F.Cu
    @(61.8500 mm, 324.5000 mm): Pad J42 [GND] of J4_Conn0 on F.Cu
[unconnected_items]: Missing connection between items
    Local override; error
    @(61.1500 mm, 323.0000 mm): Pad H43 [GND] of J4_Conn0 on F.Cu
    @(61.8500 mm, 321.5000 mm): Pad G42 [GND] of J4_Conn0 on F.Cu
[unconnected_items]: Missing connection between items
    Local override; error
    @(61.1500 mm, 326.0000 mm): Pad K43 [GND] of J4_Conn0 on F.Cu
    @(59.8500 mm, 326.0000 mm): Pad K44 [GND] of J4_Conn0 on F.Cu
[unconnected_items]: Missing connection between items
    Local override; error
    @(61.1500 mm, 326.0000 mm): Pad K43 [GND] of J4_Conn0 on F.Cu
    @(61.8500 mm, 324.5000 mm): Pad J42 [GND] of J4_Conn0 on F.Cu
[unconnected_items]: Missing connection between items
    Local override; error
    @(61.8500 mm, 47.5000 mm): Pad C42 [GND] of J0_Conn1 on F.Cu
    @(61.1500 mm, 46.0000 mm): Pad B43 [GND] of J0_Conn1 on F.Cu
[unconnected_items]: Missing connection between items
    Local override; error
    @(61.8500 mm, 50.5000 mm): Pad E42 [GND] of J0_Conn1 on F.Cu
    @(61.1500 mm, 52.0000 mm): Pad F43 [GND] of J0_Conn1 on F.Cu
[unconnected_items]: Missing connection between items
    Local override; error
    @(61.8500 mm, 50.5000 mm): Pad E42 [GND] of J0_Conn1 on F.Cu
    @(61.1500 mm, 49.0000 mm): Pad D43 [GND] of J0_Conn1 on F.Cu
[unconnected_items]: Missing connection between items
    Local override; error
    @(61.8500 mm, 53.5000 mm): Pad G42 [GND] of J0_Conn1 on F.Cu
    @(63.1500 mm, 53.5000 mm): Pad G41 [GND] of J0_Conn1 on F.Cu
[unconnected_items]: Missing connection between items
    Local override; error
    @(61.8500 mm, 53.5000 mm): Pad G42 [GND] of J0_Conn1 on F.Cu
    @(61.1500 mm, 55.0000 mm): Pad H43 [GND] of J0_Conn1 on F.Cu
[unconnected_items]: Missing connection between items
    Local override; error
    @(61.8500 mm, 53.5000 mm): Pad G42 [GND] of J0_Conn1 on F.Cu
    @(61.1500 mm, 52.0000 mm): Pad F43 [GND] of J0_Conn1 on F.Cu
[unconnected_items]: Missing connection between items
    Local override; error
    @(61.8500 mm, 56.5000 mm): Pad J42 [GND] of J0_Conn1 on F.Cu
    @(63.1500 mm, 56.5000 mm): Pad J41 [GND] of J0_Conn1 on F.Cu
[unconnected_items]: Missing connection between items
    Local override; error
    @(61.8500 mm, 56.5000 mm): Pad J42 [GND] of J0_Conn1 on F.Cu
    @(61.1500 mm, 55.0000 mm): Pad H43 [GND] of J0_Conn1 on F.Cu
[unconnected_items]: Missing connection between items
    Local override; error
    @(61.8500 mm, 146.5000 mm): Pad A42 [GND] of J0_Conn0 on F.Cu
    @(63.1500 mm, 146.5000 mm): Pad A41 [GND] of J0_Conn0 on F.Cu
[unconnected_items]: Missing connection between items
    Local override; error
    @(61.8500 mm, 149.5000 mm): Pad C42 [GND] of J0_Conn0 on F.Cu
    @(61.1500 mm, 151.0000 mm): Pad D43 [GND] of J0_Conn0 on F.Cu
[unconnected_items]: Missing connection between items
    Local override; error
    @(61.8500 mm, 152.5000 mm): Pad E42 [GND] of J0_Conn0 on F.Cu
    @(63.1500 mm, 152.5000 mm): Pad E41 [GND] of J0_Conn0 on F.Cu
[unconnected_items]: Missing connection between items
    Local override; error
    @(61.8500 mm, 152.5000 mm): Pad E42 [GND] of J0_Conn0 on F.Cu
    @(61.1500 mm, 154.0000 mm): Pad F43 [GND] of J0_Conn0 on F.Cu
[unconnected_items]: Missing connection between items
    Local override; error
    @(61.8500 mm, 155.5000 mm): Pad G42 [GND] of J0_Conn0 on F.Cu
    @(63.1500 mm, 155.5000 mm): Pad G41 [GND] of J0_Conn0 on F.Cu
[unconnected_items]: Missing connection between items
    Local override; error
    @(61.8500 mm, 155.5000 mm): Pad G42 [GND] of J0_Conn0 on F.Cu
    @(61.1500 mm, 154.0000 mm): Pad F43 [GND] of J0_Conn0 on F.Cu
[unconnected_items]: Missing connection between items
    Local override; error
    @(61.8500 mm, 158.5000 mm): Pad J42 [GND] of J0_Conn0 on F.Cu
    @(63.1500 mm, 158.5000 mm): Pad J41 [GND] of J0_Conn0 on F.Cu
[unconnected_items]: Missing connection between items
    Local override; error
    @(61.8500 mm, 161.5000 mm): Pad L42 [GND] of J0_Conn0 on F.Cu
    @(63.1500 mm, 161.5000 mm): Pad L41 [GND] of J0_Conn0 on F.Cu
[unconnected_items]: Missing connection between items
    Local override; error
    @(61.8500 mm, 210.5000 mm): Pad A42 [GND] of J4_Conn1 on F.Cu
    @(63.1500 mm, 210.5000 mm): Pad A41 [GND] of J4_Conn1 on F.Cu
[unconnected_items]: Missing connection between items
    Local override; error
    @(61.8500 mm, 213.5000 mm): Pad C42 [GND] of J4_Conn1 on F.Cu
    @(63.1500 mm, 213.5000 mm): Pad C41 [GND] of J4_Conn1 on F.Cu
[unconnected_items]: Missing connection between items
    Local override; error
    @(61.8500 mm, 213.5000 mm): Pad C42 [GND] of J4_Conn1 on F.Cu
    @(61.1500 mm, 212.0000 mm): Pad B43 [GND] of J4_Conn1 on F.Cu
[unconnected_items]: Missing connection between items
    Local override; error
    @(61.8500 mm, 216.5000 mm): Pad E42 [GND] of J4_Conn1 on F.Cu
    @(63.1500 mm, 216.5000 mm): Pad E41 [GND] of J4_Conn1 on F.Cu
[unconnected_items]: Missing connection between items
    Local override; error
    @(61.8500 mm, 216.5000 mm): Pad E42 [GND] of J4_Conn1 on F.Cu
    @(61.1500 mm, 215.0000 mm): Pad D43 [GND] of J4_Conn1 on F.Cu
[unconnected_items]: Missing connection between items
    Local override; error
    @(61.8500 mm, 219.5000 mm): Pad G42 [GND] of J4_Conn1 on F.Cu
    @(63.1500 mm, 219.5000 mm): Pad G41 [GND] of J4_Conn1 on F.Cu
[unconnected_items]: Missing connection between items
    Local override; error
    @(61.8500 mm, 219.5000 mm): Pad G42 [GND] of J4_Conn1 on F.Cu
    @(61.1500 mm, 218.0000 mm): Pad F43 [GND] of J4_Conn1 on F.Cu
[unconnected_items]: Missing connection between items
    Local override; error
    @(61.8500 mm, 222.5000 mm): Pad J42 [GND] of J4_Conn1 on F.Cu
    @(63.1500 mm, 222.5000 mm): Pad J41 [GND] of J4_Conn1 on F.Cu
[unconnected_items]: Missing connection between items
    Local override; error
    @(61.8500 mm, 222.5000 mm): Pad J42 [GND] of J4_Conn1 on F.Cu
    @(61.1500 mm, 221.0000 mm): Pad H43 [GND] of J4_Conn1 on F.Cu
[unconnected_items]: Missing connection between items
    Local override; error
    @(61.8500 mm, 225.5000 mm): Pad L42 [GND] of J4_Conn1 on F.Cu
    @(63.1500 mm, 225.5000 mm): Pad L41 [GND] of J4_Conn1 on F.Cu
[unconnected_items]: Missing connection between items
    Local override; error
    @(61.8500 mm, 225.5000 mm): Pad L42 [GND] of J4_Conn1 on F.Cu
    @(61.1500 mm, 224.0000 mm): Pad K43 [GND] of J4_Conn1 on F.Cu
[unconnected_items]: Missing connection between items
    Local override; error
    @(61.8500 mm, 312.5000 mm): Pad A42 [GND] of J4_Conn0 on F.Cu
    @(63.1500 mm, 312.5000 mm): Pad A41 [GND] of J4_Conn0 on F.Cu
[unconnected_items]: Missing connection between items
    Local override; error
    @(61.8500 mm, 312.5000 mm): Pad A42 [GND] of J4_Conn0 on F.Cu
    @(61.1500 mm, 314.0000 mm): Pad B43 [GND] of J4_Conn0 on F.Cu
[unconnected_items]: Missing connection between items
    Local override; error
    @(61.8500 mm, 315.5000 mm): Pad C42 [GND] of J4_Conn0 on F.Cu
    @(63.1500 mm, 315.5000 mm): Pad C41 [GND] of J4_Conn0 on F.Cu
[unconnected_items]: Missing connection between items
    Local override; error
    @(61.8500 mm, 318.5000 mm): Pad E42 [GND] of J4_Conn0 on F.Cu
    @(63.1500 mm, 318.5000 mm): Pad E41 [GND] of J4_Conn0 on F.Cu
[unconnected_items]: Missing connection between items
    Local override; error
    @(61.8500 mm, 318.5000 mm): Pad E42 [GND] of J4_Conn0 on F.Cu
    @(61.1500 mm, 320.0000 mm): Pad F43 [GND] of J4_Conn0 on F.Cu
[unconnected_items]: Missing connection between items
    Local override; error
    @(61.8500 mm, 324.5000 mm): Pad J42 [GND] of J4_Conn0 on F.Cu
    @(63.1500 mm, 324.5000 mm): Pad J41 [GND] of J4_Conn0 on F.Cu
[unconnected_items]: Missing connection between items
    Local override; error
    @(61.8500 mm, 327.5000 mm): Pad L42 [GND] of J4_Conn0 on F.Cu
    @(63.1500 mm, 327.5000 mm): Pad L41 [GND] of J4_Conn0 on F.Cu
[unconnected_items]: Missing connection between items
    Local override; error
    @(63.1500 mm, 44.5000 mm): Pad A41 [GND] of J0_Conn1 on F.Cu
    @(61.8500 mm, 44.5000 mm): Pad A42 [GND] of J0_Conn1 on F.Cu
[unconnected_items]: Missing connection between items
    Local override; error
    @(63.1500 mm, 44.5000 mm): Pad A41 [GND] of J0_Conn1 on F.Cu
    @(63.8500 mm, 46.0000 mm): Pad B40 [GND] of J0_Conn1 on F.Cu
[unconnected_items]: Missing connection between items
    Local override; error
    @(63.1500 mm, 47.5000 mm): Pad C41 [GND] of J0_Conn1 on F.Cu
    @(61.8500 mm, 47.5000 mm): Pad C42 [GND] of J0_Conn1 on F.Cu
[unconnected_items]: Missing connection between items
    Local override; error
    @(63.1500 mm, 50.5000 mm): Pad E41 [GND] of J0_Conn1 on F.Cu
    @(61.8500 mm, 50.5000 mm): Pad E42 [GND] of J0_Conn1 on F.Cu
[unconnected_items]: Missing connection between items
    Local override; error
    @(63.1500 mm, 53.5000 mm): Pad G41 [GND] of J0_Conn1 on F.Cu
    @(63.8500 mm, 52.0000 mm): Pad F40 [GND] of J0_Conn1 on F.Cu
[unconnected_items]: Missing connection between items
    Local override; error
    @(63.1500 mm, 59.5000 mm): Pad L41 [GND] of J0_Conn1 on F.Cu
    @(61.8500 mm, 59.5000 mm): Pad L42 [GND] of J0_Conn1 on F.Cu
[unconnected_items]: Missing connection between items
    Local override; error
    @(63.1500 mm, 59.5000 mm): Pad L41 [GND] of J0_Conn1 on F.Cu
    @(63.8500 mm, 58.0000 mm): Pad K40 [GND] of J0_Conn1 on F.Cu
[unconnected_items]: Missing connection between items
    Local override; error
    @(63.1500 mm, 149.5000 mm): Pad C41 [GND] of J0_Conn0 on F.Cu
    @(61.8500 mm, 149.5000 mm): Pad C42 [GND] of J0_Conn0 on F.Cu
[unconnected_items]: Missing connection between items
    Local override; error
    @(63.1500 mm, 149.5000 mm): Pad C41 [GND] of J0_Conn0 on F.Cu
    @(63.8500 mm, 148.0000 mm): Pad B40 [GND] of J0_Conn0 on F.Cu
[unconnected_items]: Missing connection between items
    Local override; error
    @(63.1500 mm, 210.5000 mm): Pad A41 [GND] of J4_Conn1 on F.Cu
    @(63.8500 mm, 212.0000 mm): Pad B40 [GND] of J4_Conn1 on F.Cu
[unconnected_items]: Missing connection between items
    Local override; error
    @(63.1500 mm, 222.5000 mm): Pad J41 [GND] of J4_Conn1 on F.Cu
    @(63.8500 mm, 224.0000 mm): Pad K40 [GND] of J4_Conn1 on F.Cu
[unconnected_items]: Missing connection between items
    Local override; error
    @(63.1500 mm, 315.5000 mm): Pad C41 [GND] of J4_Conn0 on F.Cu
    @(63.8500 mm, 314.0000 mm): Pad B40 [GND] of J4_Conn0 on F.Cu
[unconnected_items]: Missing connection between items
    Local override; error
    @(63.1500 mm, 321.5000 mm): Pad G41 [GND] of J4_Conn0 on F.Cu
    @(61.8500 mm, 321.5000 mm): Pad G42 [GND] of J4_Conn0 on F.Cu

** Found 0 Footprint errors **

** End of Report **
