connector,pad,v10_signal,class,oam0_net,oam1_net,oam2_net,oam3_net,oam4_net,oam5_net,oam6_net,oam7_net,wired_on_all_8,notes
Conn0,C1,P3V3,power_shared,P3V3,P3V3,P3V3,P3V3,P3V3,P3V3,P3V3,P3V3,yes,OCP-named power/ground on all 8 seats. P48V = local per-seat pour on 16 Conn0 pads after fuse keepout; NOT a 100A flood. P12V2 Unknown/may be NC. Do not tie P48V to D3000E-S1 (12 V). DO NOT ENERGIZE.
Conn0,D1,PERST#,clock_reset,OAM0_PERST#,OAM1_PERST#,OAM2_PERST#,OAM3_PERST#,OAM4_PERST#,OAM5_PERST#,OAM6_PERST#,OAM7_PERST#,yes,
Conn0,E1,GND,power_shared,GND,GND,GND,GND,GND,GND,GND,GND,yes,OCP-named power/ground on all 8 seats. P48V = local per-seat pour on 16 Conn0 pads after fuse keepout; NOT a 100A flood. P12V2 Unknown/may be NC. Do not tie P48V to D3000E-S1 (12 V). DO NOT ENERGIZE.
Conn0,F1,RFU,unmapped_nc,,,,,,,,,no,Named in v1.0 but AMD overlay unknown or reserved; no copper
Conn0,G1,PVREF,module_output_do_not_drive,OAM0_PVREF,OAM1_PVREF,OAM2_PVREF,OAM3_PVREF,OAM4_PVREF,OAM5_PVREF,OAM6_PVREF,OAM7_PVREF,yes,Module output. Never drive from carrier. Per-OAM nets. Do not short seats together.
Conn0,H1,HOST_PWRGD,clock_reset,OAM0_HOST_PWRGD,OAM1_HOST_PWRGD,OAM2_HOST_PWRGD,OAM3_HOST_PWRGD,OAM4_HOST_PWRGD,OAM5_HOST_PWRGD,OAM6_HOST_PWRGD,OAM7_HOST_PWRGD,yes,
Conn0,J1,GND,power_shared,GND,GND,GND,GND,GND,GND,GND,GND,yes,OCP-named power/ground on all 8 seats. P48V = local per-seat pour on 16 Conn0 pads after fuse keepout; NOT a 100A flood. P12V2 Unknown/may be NC. Do not tie P48V to D3000E-S1 (12 V). DO NOT ENERGIZE.
Conn0,C2,P3V3,power_shared,P3V3,P3V3,P3V3,P3V3,P3V3,P3V3,P3V3,P3V3,yes,OCP-named power/ground on all 8 seats. P48V = local per-seat pour on 16 Conn0 pads after fuse keepout; NOT a 100A flood. P12V2 Unknown/may be NC. Do not tie P48V to D3000E-S1 (12 V). DO NOT ENERGIZE.
Conn0,D2,WARMRST#,clock_reset,OAM0_WARMRST#,OAM1_WARMRST#,OAM2_WARMRST#,OAM3_WARMRST#,OAM4_WARMRST#,OAM5_WARMRST#,OAM6_WARMRST#,OAM7_WARMRST#,yes,
Conn0,E2,GND,power_shared,GND,GND,GND,GND,GND,GND,GND,GND,yes,OCP-named power/ground on all 8 seats. P48V = local per-seat pour on 16 Conn0 pads after fuse keepout; NOT a 100A flood. P12V2 Unknown/may be NC. Do not tie P48V to D3000E-S1 (12 V). DO NOT ENERGIZE.
Conn0,F2,RFU,unmapped_nc,,,,,,,,,no,Named in v1.0 but AMD overlay unknown or reserved; no copper
Conn0,G2,PVREF,module_output_do_not_drive,OAM0_PVREF,OAM1_PVREF,OAM2_PVREF,OAM3_PVREF,OAM4_PVREF,OAM5_PVREF,OAM6_PVREF,OAM7_PVREF,yes,Module output. Never drive from carrier. Per-OAM nets. Do not short seats together.
Conn0,H2,MODULE_PWRGD,clock_reset,OAM0_MODULE_PWRGD,OAM1_MODULE_PWRGD,OAM2_MODULE_PWRGD,OAM3_MODULE_PWRGD,OAM4_MODULE_PWRGD,OAM5_MODULE_PWRGD,OAM6_MODULE_PWRGD,OAM7_MODULE_PWRGD,yes,
Conn0,J2,GND,power_shared,GND,GND,GND,GND,GND,GND,GND,GND,yes,OCP-named power/ground on all 8 seats. P48V = local per-seat pour on 16 Conn0 pads after fuse keepout; NOT a 100A flood. P12V2 Unknown/may be NC. Do not tie P48V to D3000E-S1 (12 V). DO NOT ENERGIZE.
Conn0,A3,MANF_MODE#,ocp_sideband,OAM0_MANF_MODE#,OAM1_MANF_MODE#,OAM2_MANF_MODE#,OAM3_MANF_MODE#,OAM4_MANF_MODE#,OAM5_MANF_MODE#,OAM6_MANF_MODE#,OAM7_MANF_MODE#,yes,
Conn0,B3,GND,power_shared,GND,GND,GND,GND,GND,GND,GND,GND,yes,OCP-named power/ground on all 8 seats. P48V = local per-seat pour on 16 Conn0 pads after fuse keepout; NOT a 100A flood. P12V2 Unknown/may be NC. Do not tie P48V to D3000E-S1 (12 V). DO NOT ENERGIZE.
Conn0,C3,PWRBRK#,clock_reset,OAM0_PWRBRK#,OAM1_PWRBRK#,OAM2_PWRBRK#,OAM3_PWRBRK#,OAM4_PWRBRK#,OAM5_PWRBRK#,OAM6_PWRBRK#,OAM7_PWRBRK#,yes,
Conn0,D3,GND,power_shared,GND,GND,GND,GND,GND,GND,GND,GND,yes,OCP-named power/ground on all 8 seats. P48V = local per-seat pour on 16 Conn0 pads after fuse keepout; NOT a 100A flood. P12V2 Unknown/may be NC. Do not tie P48V to D3000E-S1 (12 V). DO NOT ENERGIZE.
Conn0,E3,UART_TXD,mgmt_stub,OAM0_UART_TXD,OAM1_UART_TXD,OAM2_UART_TXD,OAM3_UART_TXD,OAM4_UART_TXD,OAM5_UART_TXD,OAM6_UART_TXD,OAM7_UART_TXD,yes,
Conn0,F3,GND,power_shared,GND,GND,GND,GND,GND,GND,GND,GND,yes,OCP-named power/ground on all 8 seats. P48V = local per-seat pour on 16 Conn0 pads after fuse keepout; NOT a 100A flood. P12V2 Unknown/may be NC. Do not tie P48V to D3000E-S1 (12 V). DO NOT ENERGIZE.
Conn0,G3,I2C_D,mgmt_stub,OAM0_I2C_D,OAM1_I2C_D,OAM2_I2C_D,OAM3_I2C_D,OAM4_I2C_D,OAM5_I2C_D,OAM6_I2C_D,OAM7_I2C_D,yes,
Conn0,H3,GND,power_shared,GND,GND,GND,GND,GND,GND,GND,GND,yes,OCP-named power/ground on all 8 seats. P48V = local per-seat pour on 16 Conn0 pads after fuse keepout; NOT a 100A flood. P12V2 Unknown/may be NC. Do not tie P48V to D3000E-S1 (12 V). DO NOT ENERGIZE.
Conn0,J3,SMBus_SLV_CLK,mgmt_stub,OAM0_SMBus_SLV_CLK,OAM1_SMBus_SLV_CLK,OAM2_SMBus_SLV_CLK,OAM3_SMBus_SLV_CLK,OAM4_SMBus_SLV_CLK,OAM5_SMBus_SLV_CLK,OAM6_SMBus_SLV_CLK,OAM7_SMBus_SLV_CLK,yes,
Conn0,K3,GND,power_shared,GND,GND,GND,GND,GND,GND,GND,GND,yes,OCP-named power/ground on all 8 seats. P48V = local per-seat pour on 16 Conn0 pads after fuse keepout; NOT a 100A flood. P12V2 Unknown/may be NC. Do not tie P48V to D3000E-S1 (12 V). DO NOT ENERGIZE.
Conn0,L3,SMBus_SLV_D,mgmt_stub,OAM0_SMBus_SLV_D,OAM1_SMBus_SLV_D,OAM2_SMBus_SLV_D,OAM3_SMBus_SLV_D,OAM4_SMBus_SLV_D,OAM5_SMBus_SLV_D,OAM6_SMBus_SLV_D,OAM7_SMBus_SLV_D,yes,
Conn0,A4,FW_RECOVERY#,ocp_sideband,OAM0_FW_RECOVERY#,OAM1_FW_RECOVERY#,OAM2_FW_RECOVERY#,OAM3_FW_RECOVERY#,OAM4_FW_RECOVERY#,OAM5_FW_RECOVERY#,OAM6_FW_RECOVERY#,OAM7_FW_RECOVERY#,yes,
Conn0,B4,GND,power_shared,GND,GND,GND,GND,GND,GND,GND,GND,yes,OCP-named power/ground on all 8 seats. P48V = local per-seat pour on 16 Conn0 pads after fuse keepout; NOT a 100A flood. P12V2 Unknown/may be NC. Do not tie P48V to D3000E-S1 (12 V). DO NOT ENERGIZE.
Conn0,C4,TEST_MODE#,unmapped_nc,,,,,,,,,no,Named in v1.0 but AMD overlay unknown or reserved; no copper
Conn0,D4,GND,power_shared,GND,GND,GND,GND,GND,GND,GND,GND,yes,OCP-named power/ground on all 8 seats. P48V = local per-seat pour on 16 Conn0 pads after fuse keepout; NOT a 100A flood. P12V2 Unknown/may be NC. Do not tie P48V to D3000E-S1 (12 V). DO NOT ENERGIZE.
Conn0,E4,UART_RXD,mgmt_stub,OAM0_UART_RXD,OAM1_UART_RXD,OAM2_UART_RXD,OAM3_UART_RXD,OAM4_UART_RXD,OAM5_UART_RXD,OAM6_UART_RXD,OAM7_UART_RXD,yes,
Conn0,F4,GND,power_shared,GND,GND,GND,GND,GND,GND,GND,GND,yes,OCP-named power/ground on all 8 seats. P48V = local per-seat pour on 16 Conn0 pads after fuse keepout; NOT a 100A flood. P12V2 Unknown/may be NC. Do not tie P48V to D3000E-S1 (12 V). DO NOT ENERGIZE.
Conn0,G4,I2C _CLK,mgmt_stub,OAM0_I2C_CLK,OAM1_I2C_CLK,OAM2_I2C_CLK,OAM3_I2C_CLK,OAM4_I2C_CLK,OAM5_I2C_CLK,OAM6_I2C_CLK,OAM7_I2C_CLK,yes,
Conn0,H4,GND,power_shared,GND,GND,GND,GND,GND,GND,GND,GND,yes,OCP-named power/ground on all 8 seats. P48V = local per-seat pour on 16 Conn0 pads after fuse keepout; NOT a 100A flood. P12V2 Unknown/may be NC. Do not tie P48V to D3000E-S1 (12 V). DO NOT ENERGIZE.
Conn0,J4,PRSNT0#,clock_reset,OAM0_PRSNT0#,OAM1_PRSNT0#,OAM2_PRSNT0#,OAM3_PRSNT0#,OAM4_PRSNT0#,OAM5_PRSNT0#,OAM6_PRSNT0#,OAM7_PRSNT0#,yes,
Conn0,K4,GND,power_shared,GND,GND,GND,GND,GND,GND,GND,GND,yes,OCP-named power/ground on all 8 seats. P48V = local per-seat pour on 16 Conn0 pads after fuse keepout; NOT a 100A flood. P12V2 Unknown/may be NC. Do not tie P48V to D3000E-S1 (12 V). DO NOT ENERGIZE.
Conn0,L4,SLV_ALERT#,mgmt_stub,OAM0_SLV_ALERT#,OAM1_SLV_ALERT#,OAM2_SLV_ALERT#,OAM3_SLV_ALERT#,OAM4_SLV_ALERT#,OAM5_SLV_ALERT#,OAM6_SLV_ALERT#,OAM7_SLV_ALERT#,yes,
Conn0,A5,GND,power_shared,GND,GND,GND,GND,GND,GND,GND,GND,yes,OCP-named power/ground on all 8 seats. P48V = local per-seat pour on 16 Conn0 pads after fuse keepout; NOT a 100A flood. P12V2 Unknown/may be NC. Do not tie P48V to D3000E-S1 (12 V). DO NOT ENERGIZE.
Conn0,B5,S1_RX15P,serdes_named_not_routed,,,,,,,,,no,Named SerDes (xGMI/IF candidate). NO NET on any seat. Do not route S1-S7.
Conn0,C5,GND,power_shared,GND,GND,GND,GND,GND,GND,GND,GND,yes,OCP-named power/ground on all 8 seats. P48V = local per-seat pour on 16 Conn0 pads after fuse keepout; NOT a 100A flood. P12V2 Unknown/may be NC. Do not tie P48V to D3000E-S1 (12 V). DO NOT ENERGIZE.
Conn0,D5,S1_RX7P,serdes_named_not_routed,,,,,,,,,no,Named SerDes (xGMI/IF candidate). NO NET on any seat. Do not route S1-S7.
Conn0,E5,GND,power_shared,GND,GND,GND,GND,GND,GND,GND,GND,yes,OCP-named power/ground on all 8 seats. P48V = local per-seat pour on 16 Conn0 pads after fuse keepout; NOT a 100A flood. P12V2 Unknown/may be NC. Do not tie P48V to D3000E-S1 (12 V). DO NOT ENERGIZE.
Conn0,F5,RFU,unmapped_nc,,,,,,,,,no,Named in v1.0 but AMD overlay unknown or reserved; no copper
Conn0,G5,GND,power_shared,GND,GND,GND,GND,GND,GND,GND,GND,yes,OCP-named power/ground on all 8 seats. P48V = local per-seat pour on 16 Conn0 pads after fuse keepout; NOT a 100A flood. P12V2 Unknown/may be NC. Do not tie P48V to D3000E-S1 (12 V). DO NOT ENERGIZE.
Conn0,H5,S1_TX15P,serdes_named_not_routed,,,,,,,,,no,Named SerDes (xGMI/IF candidate). NO NET on any seat. Do not route S1-S7.
Conn0,J5,GND,power_shared,GND,GND,GND,GND,GND,GND,GND,GND,yes,OCP-named power/ground on all 8 seats. P48V = local per-seat pour on 16 Conn0 pads after fuse keepout; NOT a 100A flood. P12V2 Unknown/may be NC. Do not tie P48V to D3000E-S1 (12 V). DO NOT ENERGIZE.
Conn0,K5,S1_TX7P,serdes_named_not_routed,,,,,,,,,no,Named SerDes (xGMI/IF candidate). NO NET on any seat. Do not route S1-S7.
Conn0,L5,GND,power_shared,GND,GND,GND,GND,GND,GND,GND,GND,yes,OCP-named power/ground on all 8 seats. P48V = local per-seat pour on 16 Conn0 pads after fuse keepout; NOT a 100A flood. P12V2 Unknown/may be NC. Do not tie P48V to D3000E-S1 (12 V). DO NOT ENERGIZE.
Conn0,A6,GND,power_shared,GND,GND,GND,GND,GND,GND,GND,GND,yes,OCP-named power/ground on all 8 seats. P48V = local per-seat pour on 16 Conn0 pads after fuse keepout; NOT a 100A flood. P12V2 Unknown/may be NC. Do not tie P48V to D3000E-S1 (12 V). DO NOT ENERGIZE.
Conn0,B6,S1_RX15N,serdes_named_not_routed,,,,,,,,,no,Named SerDes (xGMI/IF candidate). NO NET on any seat. Do not route S1-S7.
Conn0,C6,GND,power_shared,GND,GND,GND,GND,GND,GND,GND,GND,yes,OCP-named power/ground on all 8 seats. P48V = local per-seat pour on 16 Conn0 pads after fuse keepout; NOT a 100A flood. P12V2 Unknown/may be NC. Do not tie P48V to D3000E-S1 (12 V). DO NOT ENERGIZE.
Conn0,D6,S1_RX7N,serdes_named_not_routed,,,,,,,,,no,Named SerDes (xGMI/IF candidate). NO NET on any seat. Do not route S1-S7.
Conn0,E6,GND,power_shared,GND,GND,GND,GND,GND,GND,GND,GND,yes,OCP-named power/ground on all 8 seats. P48V = local per-seat pour on 16 Conn0 pads after fuse keepout; NOT a 100A flood. P12V2 Unknown/may be NC. Do not tie P48V to D3000E-S1 (12 V). DO NOT ENERGIZE.
Conn0,F6,MODULE_ID[4],ocp_sideband,OAM0_MODULE_ID[4],OAM1_MODULE_ID[4],OAM2_MODULE_ID[4],OAM3_MODULE_ID[4],OAM4_MODULE_ID[4],OAM5_MODULE_ID[4],OAM6_MODULE_ID[4],OAM7_MODULE_ID[4],yes,
Conn0,G6,GND,power_shared,GND,GND,GND,GND,GND,GND,GND,GND,yes,OCP-named power/ground on all 8 seats. P48V = local per-seat pour on 16 Conn0 pads after fuse keepout; NOT a 100A flood. P12V2 Unknown/may be NC. Do not tie P48V to D3000E-S1 (12 V). DO NOT ENERGIZE.
Conn0,H6,S1_TX15N,serdes_named_not_routed,,,,,,,,,no,Named SerDes (xGMI/IF candidate). NO NET on any seat. Do not route S1-S7.
Conn0,J6,GND,power_shared,GND,GND,GND,GND,GND,GND,GND,GND,yes,OCP-named power/ground on all 8 seats. P48V = local per-seat pour on 16 Conn0 pads after fuse keepout; NOT a 100A flood. P12V2 Unknown/may be NC. Do not tie P48V to D3000E-S1 (12 V). DO NOT ENERGIZE.
Conn0,K6,S1_TX7N,serdes_named_not_routed,,,,,,,,,no,Named SerDes (xGMI/IF candidate). NO NET on any seat. Do not route S1-S7.
Conn0,L6,GND,power_shared,GND,GND,GND,GND,GND,GND,GND,GND,yes,OCP-named power/ground on all 8 seats. P48V = local per-seat pour on 16 Conn0 pads after fuse keepout; NOT a 100A flood. P12V2 Unknown/may be NC. Do not tie P48V to D3000E-S1 (12 V). DO NOT ENERGIZE.
Conn0,A7,S1_RX13P,serdes_named_not_routed,,,,,,,,,no,Named SerDes (xGMI/IF candidate). NO NET on any seat. Do not route S1-S7.
Conn0,B7,GND,power_shared,GND,GND,GND,GND,GND,GND,GND,GND,yes,OCP-named power/ground on all 8 seats. P48V = local per-seat pour on 16 Conn0 pads after fuse keepout; NOT a 100A flood. P12V2 Unknown/may be NC. Do not tie P48V to D3000E-S1 (12 V). DO NOT ENERGIZE.
Conn0,C7,S1_RX14P,serdes_named_not_routed,,,,,,,,,no,Named SerDes (xGMI/IF candidate). NO NET on any seat. Do not route S1-S7.
Conn0,D7,GND,power_shared,GND,GND,GND,GND,GND,GND,GND,GND,yes,OCP-named power/ground on all 8 seats. P48V = local per-seat pour on 16 Conn0 pads after fuse keepout; NOT a 100A flood. P12V2 Unknown/may be NC. Do not tie P48V to D3000E-S1 (12 V). DO NOT ENERGIZE.
Conn0,E7,S1_RX6P,serdes_named_not_routed,,,,,,,,,no,Named SerDes (xGMI/IF candidate). NO NET on any seat. Do not route S1-S7.
Conn0,F7,GND,power_shared,GND,GND,GND,GND,GND,GND,GND,GND,yes,OCP-named power/ground on all 8 seats. P48V = local per-seat pour on 16 Conn0 pads after fuse keepout; NOT a 100A flood. P12V2 Unknown/may be NC. Do not tie P48V to D3000E-S1 (12 V). DO NOT ENERGIZE.
Conn0,G7,S1_TX13P,serdes_named_not_routed,,,,,,,,,no,Named SerDes (xGMI/IF candidate). NO NET on any seat. Do not route S1-S7.
Conn0,H7,GND,power_shared,GND,GND,GND,GND,GND,GND,GND,GND,yes,OCP-named power/ground on all 8 seats. P48V = local per-seat pour on 16 Conn0 pads after fuse keepout; NOT a 100A flood. P12V2 Unknown/may be NC. Do not tie P48V to D3000E-S1 (12 V). DO NOT ENERGIZE.
Conn0,J7,S1_TX14P,serdes_named_not_routed,,,,,,,,,no,Named SerDes (xGMI/IF candidate). NO NET on any seat. Do not route S1-S7.
Conn0,K7,GND,power_shared,GND,GND,GND,GND,GND,GND,GND,GND,yes,OCP-named power/ground on all 8 seats. P48V = local per-seat pour on 16 Conn0 pads after fuse keepout; NOT a 100A flood. P12V2 Unknown/may be NC. Do not tie P48V to D3000E-S1 (12 V). DO NOT ENERGIZE.
Conn0,L7,S1_TX6P,serdes_named_not_routed,,,,,,,,,no,Named SerDes (xGMI/IF candidate). NO NET on any seat. Do not route S1-S7.
Conn0,A8,S1_RX13N,serdes_named_not_routed,,,,,,,,,no,Named SerDes (xGMI/IF candidate). NO NET on any seat. Do not route S1-S7.
Conn0,B8,GND,power_shared,GND,GND,GND,GND,GND,GND,GND,GND,yes,OCP-named power/ground on all 8 seats. P48V = local per-seat pour on 16 Conn0 pads after fuse keepout; NOT a 100A flood. P12V2 Unknown/may be NC. Do not tie P48V to D3000E-S1 (12 V). DO NOT ENERGIZE.
Conn0,C8,S1_RX14N,serdes_named_not_routed,,,,,,,,,no,Named SerDes (xGMI/IF candidate). NO NET on any seat. Do not route S1-S7.
Conn0,D8,GND,power_shared,GND,GND,GND,GND,GND,GND,GND,GND,yes,OCP-named power/ground on all 8 seats. P48V = local per-seat pour on 16 Conn0 pads after fuse keepout; NOT a 100A flood. P12V2 Unknown/may be NC. Do not tie P48V to D3000E-S1 (12 V). DO NOT ENERGIZE.
Conn0,E8,S1_RX6N,serdes_named_not_routed,,,,,,,,,no,Named SerDes (xGMI/IF candidate). NO NET on any seat. Do not route S1-S7.
Conn0,F8,GND,power_shared,GND,GND,GND,GND,GND,GND,GND,GND,yes,OCP-named power/ground on all 8 seats. P48V = local per-seat pour on 16 Conn0 pads after fuse keepout; NOT a 100A flood. P12V2 Unknown/may be NC. Do not tie P48V to D3000E-S1 (12 V). DO NOT ENERGIZE.
Conn0,G8,S1_TX13N,serdes_named_not_routed,,,,,,,,,no,Named SerDes (xGMI/IF candidate). NO NET on any seat. Do not route S1-S7.
Conn0,H8,GND,power_shared,GND,GND,GND,GND,GND,GND,GND,GND,yes,OCP-named power/ground on all 8 seats. P48V = local per-seat pour on 16 Conn0 pads after fuse keepout; NOT a 100A flood. P12V2 Unknown/may be NC. Do not tie P48V to D3000E-S1 (12 V). DO NOT ENERGIZE.
Conn0,J8,S1_TX14N,serdes_named_not_routed,,,,,,,,,no,Named SerDes (xGMI/IF candidate). NO NET on any seat. Do not route S1-S7.
Conn0,K8,GND,power_shared,GND,GND,GND,GND,GND,GND,GND,GND,yes,OCP-named power/ground on all 8 seats. P48V = local per-seat pour on 16 Conn0 pads after fuse keepout; NOT a 100A flood. P12V2 Unknown/may be NC. Do not tie P48V to D3000E-S1 (12 V). DO NOT ENERGIZE.
Conn0,L8,S1_TX6N,serdes_named_not_routed,,,,,,,,,no,Named SerDes (xGMI/IF candidate). NO NET on any seat. Do not route S1-S7.
Conn0,A9,GND,power_shared,GND,GND,GND,GND,GND,GND,GND,GND,yes,OCP-named power/ground on all 8 seats. P48V = local per-seat pour on 16 Conn0 pads after fuse keepout; NOT a 100A flood. P12V2 Unknown/may be NC. Do not tie P48V to D3000E-S1 (12 V). DO NOT ENERGIZE.
Conn0,B9,S1_RX12P,serdes_named_not_routed,,,,,,,,,no,Named SerDes (xGMI/IF candidate). NO NET on any seat. Do not route S1-S7.
Conn0,C9,GND,power_shared,GND,GND,GND,GND,GND,GND,GND,GND,yes,OCP-named power/ground on all 8 seats. P48V = local per-seat pour on 16 Conn0 pads after fuse keepout; NOT a 100A flood. P12V2 Unknown/may be NC. Do not tie P48V to D3000E-S1 (12 V). DO NOT ENERGIZE.
Conn0,D9,S1_RX5P,serdes_named_not_routed,,,,,,,,,no,Named SerDes (xGMI/IF candidate). NO NET on any seat. Do not route S1-S7.
Conn0,E9,GND,power_shared,GND,GND,GND,GND,GND,GND,GND,GND,yes,OCP-named power/ground on all 8 seats. P48V = local per-seat pour on 16 Conn0 pads after fuse keepout; NOT a 100A flood. P12V2 Unknown/may be NC. Do not tie P48V to D3000E-S1 (12 V). DO NOT ENERGIZE.
Conn0,F9,MODULE_ID[3],ocp_sideband,OAM0_MODULE_ID[3],OAM1_MODULE_ID[3],OAM2_MODULE_ID[3],OAM3_MODULE_ID[3],OAM4_MODULE_ID[3],OAM5_MODULE_ID[3],OAM6_MODULE_ID[3],OAM7_MODULE_ID[3],yes,
Conn0,G9,GND,power_shared,GND,GND,GND,GND,GND,GND,GND,GND,yes,OCP-named power/ground on all 8 seats. P48V = local per-seat pour on 16 Conn0 pads after fuse keepout; NOT a 100A flood. P12V2 Unknown/may be NC. Do not tie P48V to D3000E-S1 (12 V). DO NOT ENERGIZE.
Conn0,H9,S1_TX12P,serdes_named_not_routed,,,,,,,,,no,Named SerDes (xGMI/IF candidate). NO NET on any seat. Do not route S1-S7.
Conn0,J9,GND,power_shared,GND,GND,GND,GND,GND,GND,GND,GND,yes,OCP-named power/ground on all 8 seats. P48V = local per-seat pour on 16 Conn0 pads after fuse keepout; NOT a 100A flood. P12V2 Unknown/may be NC. Do not tie P48V to D3000E-S1 (12 V). DO NOT ENERGIZE.
Conn0,K9,S1_TX5P,serdes_named_not_routed,,,,,,,,,no,Named SerDes (xGMI/IF candidate). NO NET on any seat. Do not route S1-S7.
Conn0,L9,GND,power_shared,GND,GND,GND,GND,GND,GND,GND,GND,yes,OCP-named power/ground on all 8 seats. P48V = local per-seat pour on 16 Conn0 pads after fuse keepout; NOT a 100A flood. P12V2 Unknown/may be NC. Do not tie P48V to D3000E-S1 (12 V). DO NOT ENERGIZE.
Conn0,A10,GND,power_shared,GND,GND,GND,GND,GND,GND,GND,GND,yes,OCP-named power/ground on all 8 seats. P48V = local per-seat pour on 16 Conn0 pads after fuse keepout; NOT a 100A flood. P12V2 Unknown/may be NC. Do not tie P48V to D3000E-S1 (12 V). DO NOT ENERGIZE.
Conn0,B10,S1_RX12N,serdes_named_not_routed,,,,,,,,,no,Named SerDes (xGMI/IF candidate). NO NET on any seat. Do not route S1-S7.
Conn0,C10,GND,power_shared,GND,GND,GND,GND,GND,GND,GND,GND,yes,OCP-named power/ground on all 8 seats. P48V = local per-seat pour on 16 Conn0 pads after fuse keepout; NOT a 100A flood. P12V2 Unknown/may be NC. Do not tie P48V to D3000E-S1 (12 V). DO NOT ENERGIZE.
Conn0,D10,S1_RX5N,serdes_named_not_routed,,,,,,,,,no,Named SerDes (xGMI/IF candidate). NO NET on any seat. Do not route S1-S7.
Conn0,E10,GND,power_shared,GND,GND,GND,GND,GND,GND,GND,GND,yes,OCP-named power/ground on all 8 seats. P48V = local per-seat pour on 16 Conn0 pads after fuse keepout; NOT a 100A flood. P12V2 Unknown/may be NC. Do not tie P48V to D3000E-S1 (12 V). DO NOT ENERGIZE.
Conn0,F10,MODULE_ID[2],ocp_sideband,OAM0_MODULE_ID[2],OAM1_MODULE_ID[2],OAM2_MODULE_ID[2],OAM3_MODULE_ID[2],OAM4_MODULE_ID[2],OAM5_MODULE_ID[2],OAM6_MODULE_ID[2],OAM7_MODULE_ID[2],yes,
Conn0,G10,GND,power_shared,GND,GND,GND,GND,GND,GND,GND,GND,yes,OCP-named power/ground on all 8 seats. P48V = local per-seat pour on 16 Conn0 pads after fuse keepout; NOT a 100A flood. P12V2 Unknown/may be NC. Do not tie P48V to D3000E-S1 (12 V). DO NOT ENERGIZE.
Conn0,H10,S1_TX12N,serdes_named_not_routed,,,,,,,,,no,Named SerDes (xGMI/IF candidate). NO NET on any seat. Do not route S1-S7.
Conn0,J10,GND,power_shared,GND,GND,GND,GND,GND,GND,GND,GND,yes,OCP-named power/ground on all 8 seats. P48V = local per-seat pour on 16 Conn0 pads after fuse keepout; NOT a 100A flood. P12V2 Unknown/may be NC. Do not tie P48V to D3000E-S1 (12 V). DO NOT ENERGIZE.
Conn0,K10,S1_TX5N,serdes_named_not_routed,,,,,,,,,no,Named SerDes (xGMI/IF candidate). NO NET on any seat. Do not route S1-S7.
Conn0,L10,GND,power_shared,GND,GND,GND,GND,GND,GND,GND,GND,yes,OCP-named power/ground on all 8 seats. P48V = local per-seat pour on 16 Conn0 pads after fuse keepout; NOT a 100A flood. P12V2 Unknown/may be NC. Do not tie P48V to D3000E-S1 (12 V). DO NOT ENERGIZE.
Conn0,A11,S1_RX10P,serdes_named_not_routed,,,,,,,,,no,Named SerDes (xGMI/IF candidate). NO NET on any seat. Do not route S1-S7.
Conn0,B11,GND,power_shared,GND,GND,GND,GND,GND,GND,GND,GND,yes,OCP-named power/ground on all 8 seats. P48V = local per-seat pour on 16 Conn0 pads after fuse keepout; NOT a 100A flood. P12V2 Unknown/may be NC. Do not tie P48V to D3000E-S1 (12 V). DO NOT ENERGIZE.
Conn0,C11,S1_RX11P,serdes_named_not_routed,,,,,,,,,no,Named SerDes (xGMI/IF candidate). NO NET on any seat. Do not route S1-S7.
Conn0,D11,GND,power_shared,GND,GND,GND,GND,GND,GND,GND,GND,yes,OCP-named power/ground on all 8 seats. P48V = local per-seat pour on 16 Conn0 pads after fuse keepout; NOT a 100A flood. P12V2 Unknown/may be NC. Do not tie P48V to D3000E-S1 (12 V). DO NOT ENERGIZE.
Conn0,E11,S1_RX4P,serdes_named_not_routed,,,,,,,,,no,Named SerDes (xGMI/IF candidate). NO NET on any seat. Do not route S1-S7.
Conn0,F11,GND,power_shared,GND,GND,GND,GND,GND,GND,GND,GND,yes,OCP-named power/ground on all 8 seats. P48V = local per-seat pour on 16 Conn0 pads after fuse keepout; NOT a 100A flood. P12V2 Unknown/may be NC. Do not tie P48V to D3000E-S1 (12 V). DO NOT ENERGIZE.
Conn0,G11,S1_TX10P,serdes_named_not_routed,,,,,,,,,no,Named SerDes (xGMI/IF candidate). NO NET on any seat. Do not route S1-S7.
Conn0,H11,GND,power_shared,GND,GND,GND,GND,GND,GND,GND,GND,yes,OCP-named power/ground on all 8 seats. P48V = local per-seat pour on 16 Conn0 pads after fuse keepout; NOT a 100A flood. P12V2 Unknown/may be NC. Do not tie P48V to D3000E-S1 (12 V). DO NOT ENERGIZE.
Conn0,J11,S1_TX11P,serdes_named_not_routed,,,,,,,,,no,Named SerDes (xGMI/IF candidate). NO NET on any seat. Do not route S1-S7.
Conn0,K11,GND,power_shared,GND,GND,GND,GND,GND,GND,GND,GND,yes,OCP-named power/ground on all 8 seats. P48V = local per-seat pour on 16 Conn0 pads after fuse keepout; NOT a 100A flood. P12V2 Unknown/may be NC. Do not tie P48V to D3000E-S1 (12 V). DO NOT ENERGIZE.
Conn0,L11,S1_TX4P,serdes_named_not_routed,,,,,,,,,no,Named SerDes (xGMI/IF candidate). NO NET on any seat. Do not route S1-S7.
Conn0,A12,S1_RX10N,serdes_named_not_routed,,,,,,,,,no,Named SerDes (xGMI/IF candidate). NO NET on any seat. Do not route S1-S7.
Conn0,B12,GND,power_shared,GND,GND,GND,GND,GND,GND,GND,GND,yes,OCP-named power/ground on all 8 seats. P48V = local per-seat pour on 16 Conn0 pads after fuse keepout; NOT a 100A flood. P12V2 Unknown/may be NC. Do not tie P48V to D3000E-S1 (12 V). DO NOT ENERGIZE.
Conn0,C12,S1_RX11N,serdes_named_not_routed,,,,,,,,,no,Named SerDes (xGMI/IF candidate). NO NET on any seat. Do not route S1-S7.
Conn0,D12,GND,power_shared,GND,GND,GND,GND,GND,GND,GND,GND,yes,OCP-named power/ground on all 8 seats. P48V = local per-seat pour on 16 Conn0 pads after fuse keepout; NOT a 100A flood. P12V2 Unknown/may be NC. Do not tie P48V to D3000E-S1 (12 V). DO NOT ENERGIZE.
Conn0,E12,S1_RX4N,serdes_named_not_routed,,,,,,,,,no,Named SerDes (xGMI/IF candidate). NO NET on any seat. Do not route S1-S7.
Conn0,F12,GND,power_shared,GND,GND,GND,GND,GND,GND,GND,GND,yes,OCP-named power/ground on all 8 seats. P48V = local per-seat pour on 16 Conn0 pads after fuse keepout; NOT a 100A flood. P12V2 Unknown/may be NC. Do not tie P48V to D3000E-S1 (12 V). DO NOT ENERGIZE.
Conn0,G12,S1_TX10N,serdes_named_not_routed,,,,,,,,,no,Named SerDes (xGMI/IF candidate). NO NET on any seat. Do not route S1-S7.
Conn0,H12,GND,power_shared,GND,GND,GND,GND,GND,GND,GND,GND,yes,OCP-named power/ground on all 8 seats. P48V = local per-seat pour on 16 Conn0 pads after fuse keepout; NOT a 100A flood. P12V2 Unknown/may be NC. Do not tie P48V to D3000E-S1 (12 V). DO NOT ENERGIZE.
Conn0,J12,S1_TX11N,serdes_named_not_routed,,,,,,,,,no,Named SerDes (xGMI/IF candidate). NO NET on any seat. Do not route S1-S7.
Conn0,K12,GND,power_shared,GND,GND,GND,GND,GND,GND,GND,GND,yes,OCP-named power/ground on all 8 seats. P48V = local per-seat pour on 16 Conn0 pads after fuse keepout; NOT a 100A flood. P12V2 Unknown/may be NC. Do not tie P48V to D3000E-S1 (12 V). DO NOT ENERGIZE.
Conn0,L12,S1_TX4N,serdes_named_not_routed,,,,,,,,,no,Named SerDes (xGMI/IF candidate). NO NET on any seat. Do not route S1-S7.
Conn0,A13,GND,power_shared,GND,GND,GND,GND,GND,GND,GND,GND,yes,OCP-named power/ground on all 8 seats. P48V = local per-seat pour on 16 Conn0 pads after fuse keepout; NOT a 100A flood. P12V2 Unknown/may be NC. Do not tie P48V to D3000E-S1 (12 V). DO NOT ENERGIZE.
Conn0,B13,S1_RX9P,serdes_named_not_routed,,,,,,,,,no,Named SerDes (xGMI/IF candidate). NO NET on any seat. Do not route S1-S7.
Conn0,C13,GND,power_shared,GND,GND,GND,GND,GND,GND,GND,GND,yes,OCP-named power/ground on all 8 seats. P48V = local per-seat pour on 16 Conn0 pads after fuse keepout; NOT a 100A flood. P12V2 Unknown/may be NC. Do not tie P48V to D3000E-S1 (12 V). DO NOT ENERGIZE.
Conn0,D13,S1_RX3P,serdes_named_not_routed,,,,,,,,,no,Named SerDes (xGMI/IF candidate). NO NET on any seat. Do not route S1-S7.
Conn0,E13,GND,power_shared,GND,GND,GND,GND,GND,GND,GND,GND,yes,OCP-named power/ground on all 8 seats. P48V = local per-seat pour on 16 Conn0 pads after fuse keepout; NOT a 100A flood. P12V2 Unknown/may be NC. Do not tie P48V to D3000E-S1 (12 V). DO NOT ENERGIZE.
Conn0,F13,MODULE_ID[1],ocp_sideband,OAM0_MODULE_ID[1],OAM1_MODULE_ID[1],OAM2_MODULE_ID[1],OAM3_MODULE_ID[1],OAM4_MODULE_ID[1],OAM5_MODULE_ID[1],OAM6_MODULE_ID[1],OAM7_MODULE_ID[1],yes,
Conn0,G13,GND,power_shared,GND,GND,GND,GND,GND,GND,GND,GND,yes,OCP-named power/ground on all 8 seats. P48V = local per-seat pour on 16 Conn0 pads after fuse keepout; NOT a 100A flood. P12V2 Unknown/may be NC. Do not tie P48V to D3000E-S1 (12 V). DO NOT ENERGIZE.
Conn0,H13,S1_TX9P,serdes_named_not_routed,,,,,,,,,no,Named SerDes (xGMI/IF candidate). NO NET on any seat. Do not route S1-S7.
Conn0,J13,GND,power_shared,GND,GND,GND,GND,GND,GND,GND,GND,yes,OCP-named power/ground on all 8 seats. P48V = local per-seat pour on 16 Conn0 pads after fuse keepout; NOT a 100A flood. P12V2 Unknown/may be NC. Do not tie P48V to D3000E-S1 (12 V). DO NOT ENERGIZE.
Conn0,K13,S1_TX3P,serdes_named_not_routed,,,,,,,,,no,Named SerDes (xGMI/IF candidate). NO NET on any seat. Do not route S1-S7.
Conn0,L13,GND,power_shared,GND,GND,GND,GND,GND,GND,GND,GND,yes,OCP-named power/ground on all 8 seats. P48V = local per-seat pour on 16 Conn0 pads after fuse keepout; NOT a 100A flood. P12V2 Unknown/may be NC. Do not tie P48V to D3000E-S1 (12 V). DO NOT ENERGIZE.
Conn0,A14,GND,power_shared,GND,GND,GND,GND,GND,GND,GND,GND,yes,OCP-named power/ground on all 8 seats. P48V = local per-seat pour on 16 Conn0 pads after fuse keepout; NOT a 100A flood. P12V2 Unknown/may be NC. Do not tie P48V to D3000E-S1 (12 V). DO NOT ENERGIZE.
Conn0,B14,S1_RX9N,serdes_named_not_routed,,,,,,,,,no,Named SerDes (xGMI/IF candidate). NO NET on any seat. Do not route S1-S7.
Conn0,C14,GND,power_shared,GND,GND,GND,GND,GND,GND,GND,GND,yes,OCP-named power/ground on all 8 seats. P48V = local per-seat pour on 16 Conn0 pads after fuse keepout; NOT a 100A flood. P12V2 Unknown/may be NC. Do not tie P48V to D3000E-S1 (12 V). DO NOT ENERGIZE.
Conn0,D14,S1_RX3N,serdes_named_not_routed,,,,,,,,,no,Named SerDes (xGMI/IF candidate). NO NET on any seat. Do not route S1-S7.
Conn0,E14,GND,power_shared,GND,GND,GND,GND,GND,GND,GND,GND,yes,OCP-named power/ground on all 8 seats. P48V = local per-seat pour on 16 Conn0 pads after fuse keepout; NOT a 100A flood. P12V2 Unknown/may be NC. Do not tie P48V to D3000E-S1 (12 V). DO NOT ENERGIZE.
Conn0,F14,MODULE_ID[0],ocp_sideband,OAM0_MODULE_ID[0],OAM1_MODULE_ID[0],OAM2_MODULE_ID[0],OAM3_MODULE_ID[0],OAM4_MODULE_ID[0],OAM5_MODULE_ID[0],OAM6_MODULE_ID[0],OAM7_MODULE_ID[0],yes,
Conn0,G14,GND,power_shared,GND,GND,GND,GND,GND,GND,GND,GND,yes,OCP-named power/ground on all 8 seats. P48V = local per-seat pour on 16 Conn0 pads after fuse keepout; NOT a 100A flood. P12V2 Unknown/may be NC. Do not tie P48V to D3000E-S1 (12 V). DO NOT ENERGIZE.
Conn0,H14,S1_TX9N,serdes_named_not_routed,,,,,,,,,no,Named SerDes (xGMI/IF candidate). NO NET on any seat. Do not route S1-S7.
Conn0,J14,GND,power_shared,GND,GND,GND,GND,GND,GND,GND,GND,yes,OCP-named power/ground on all 8 seats. P48V = local per-seat pour on 16 Conn0 pads after fuse keepout; NOT a 100A flood. P12V2 Unknown/may be NC. Do not tie P48V to D3000E-S1 (12 V). DO NOT ENERGIZE.
Conn0,K14,S1_TX3N,serdes_named_not_routed,,,,,,,,,no,Named SerDes (xGMI/IF candidate). NO NET on any seat. Do not route S1-S7.
Conn0,L14,GND,power_shared,GND,GND,GND,GND,GND,GND,GND,GND,yes,OCP-named power/ground on all 8 seats. P48V = local per-seat pour on 16 Conn0 pads after fuse keepout; NOT a 100A flood. P12V2 Unknown/may be NC. Do not tie P48V to D3000E-S1 (12 V). DO NOT ENERGIZE.
Conn0,A15,S1_RX8P,serdes_named_not_routed,,,,,,,,,no,Named SerDes (xGMI/IF candidate). NO NET on any seat. Do not route S1-S7.
Conn0,B15,GND,power_shared,GND,GND,GND,GND,GND,GND,GND,GND,yes,OCP-named power/ground on all 8 seats. P48V = local per-seat pour on 16 Conn0 pads after fuse keepout; NOT a 100A flood. P12V2 Unknown/may be NC. Do not tie P48V to D3000E-S1 (12 V). DO NOT ENERGIZE.
Conn0,C15,S1_RX1P,serdes_named_not_routed,,,,,,,,,no,Named SerDes (xGMI/IF candidate). NO NET on any seat. Do not route S1-S7.
Conn0,D15,GND,power_shared,GND,GND,GND,GND,GND,GND,GND,GND,yes,OCP-named power/ground on all 8 seats. P48V = local per-seat pour on 16 Conn0 pads after fuse keepout; NOT a 100A flood. P12V2 Unknown/may be NC. Do not tie P48V to D3000E-S1 (12 V). DO NOT ENERGIZE.
Conn0,E15,S1_RX2P,serdes_named_not_routed,,,,,,,,,no,Named SerDes (xGMI/IF candidate). NO NET on any seat. Do not route S1-S7.
Conn0,F15,GND,power_shared,GND,GND,GND,GND,GND,GND,GND,GND,yes,OCP-named power/ground on all 8 seats. P48V = local per-seat pour on 16 Conn0 pads after fuse keepout; NOT a 100A flood. P12V2 Unknown/may be NC. Do not tie P48V to D3000E-S1 (12 V). DO NOT ENERGIZE.
Conn0,G15,S1_TX8P,serdes_named_not_routed,,,,,,,,,no,Named SerDes (xGMI/IF candidate). NO NET on any seat. Do not route S1-S7.
Conn0,H15,GND,power_shared,GND,GND,GND,GND,GND,GND,GND,GND,yes,OCP-named power/ground on all 8 seats. P48V = local per-seat pour on 16 Conn0 pads after fuse keepout; NOT a 100A flood. P12V2 Unknown/may be NC. Do not tie P48V to D3000E-S1 (12 V). DO NOT ENERGIZE.
Conn0,J15,S1_TX1P,serdes_named_not_routed,,,,,,,,,no,Named SerDes (xGMI/IF candidate). NO NET on any seat. Do not route S1-S7.
Conn0,K15,GND,power_shared,GND,GND,GND,GND,GND,GND,GND,GND,yes,OCP-named power/ground on all 8 seats. P48V = local per-seat pour on 16 Conn0 pads after fuse keepout; NOT a 100A flood. P12V2 Unknown/may be NC. Do not tie P48V to D3000E-S1 (12 V). DO NOT ENERGIZE.
Conn0,L15,S1_TX2P,serdes_named_not_routed,,,,,,,,,no,Named SerDes (xGMI/IF candidate). NO NET on any seat. Do not route S1-S7.
Conn0,A16,S1_RX8N,serdes_named_not_routed,,,,,,,,,no,Named SerDes (xGMI/IF candidate). NO NET on any seat. Do not route S1-S7.
Conn0,B16,GND,power_shared,GND,GND,GND,GND,GND,GND,GND,GND,yes,OCP-named power/ground on all 8 seats. P48V = local per-seat pour on 16 Conn0 pads after fuse keepout; NOT a 100A flood. P12V2 Unknown/may be NC. Do not tie P48V to D3000E-S1 (12 V). DO NOT ENERGIZE.
Conn0,C16,S1_RX1N,serdes_named_not_routed,,,,,,,,,no,Named SerDes (xGMI/IF candidate). NO NET on any seat. Do not route S1-S7.
Conn0,D16,GND,power_shared,GND,GND,GND,GND,GND,GND,GND,GND,yes,OCP-named power/ground on all 8 seats. P48V = local per-seat pour on 16 Conn0 pads after fuse keepout; NOT a 100A flood. P12V2 Unknown/may be NC. Do not tie P48V to D3000E-S1 (12 V). DO NOT ENERGIZE.
Conn0,E16,S1_RX2N,serdes_named_not_routed,,,,,,,,,no,Named SerDes (xGMI/IF candidate). NO NET on any seat. Do not route S1-S7.
Conn0,F16,GND,power_shared,GND,GND,GND,GND,GND,GND,GND,GND,yes,OCP-named power/ground on all 8 seats. P48V = local per-seat pour on 16 Conn0 pads after fuse keepout; NOT a 100A flood. P12V2 Unknown/may be NC. Do not tie P48V to D3000E-S1 (12 V). DO NOT ENERGIZE.
Conn0,G16,S1_TX8N,serdes_named_not_routed,,,,,,,,,no,Named SerDes (xGMI/IF candidate). NO NET on any seat. Do not route S1-S7.
Conn0,H16,GND,power_shared,GND,GND,GND,GND,GND,GND,GND,GND,yes,OCP-named power/ground on all 8 seats. P48V = local per-seat pour on 16 Conn0 pads after fuse keepout; NOT a 100A flood. P12V2 Unknown/may be NC. Do not tie P48V to D3000E-S1 (12 V). DO NOT ENERGIZE.
Conn0,J16,S1_TX1N,serdes_named_not_routed,,,,,,,,,no,Named SerDes (xGMI/IF candidate). NO NET on any seat. Do not route S1-S7.
Conn0,K16,GND,power_shared,GND,GND,GND,GND,GND,GND,GND,GND,yes,OCP-named power/ground on all 8 seats. P48V = local per-seat pour on 16 Conn0 pads after fuse keepout; NOT a 100A flood. P12V2 Unknown/may be NC. Do not tie P48V to D3000E-S1 (12 V). DO NOT ENERGIZE.
Conn0,L16,S1_TX2N,serdes_named_not_routed,,,,,,,,,no,Named SerDes (xGMI/IF candidate). NO NET on any seat. Do not route S1-S7.
Conn0,A17,GND,power_shared,GND,GND,GND,GND,GND,GND,GND,GND,yes,OCP-named power/ground on all 8 seats. P48V = local per-seat pour on 16 Conn0 pads after fuse keepout; NOT a 100A flood. P12V2 Unknown/may be NC. Do not tie P48V to D3000E-S1 (12 V). DO NOT ENERGIZE.
Conn0,B17,S2_RX15P,serdes_named_not_routed,,,,,,,,,no,Named SerDes (xGMI/IF candidate). NO NET on any seat. Do not route S1-S7.
Conn0,C17,GND,power_shared,GND,GND,GND,GND,GND,GND,GND,GND,yes,OCP-named power/ground on all 8 seats. P48V = local per-seat pour on 16 Conn0 pads after fuse keepout; NOT a 100A flood. P12V2 Unknown/may be NC. Do not tie P48V to D3000E-S1 (12 V). DO NOT ENERGIZE.
Conn0,D17,S1_RX0P,serdes_named_not_routed,,,,,,,,,no,Named SerDes (xGMI/IF candidate). NO NET on any seat. Do not route S1-S7.
Conn0,E17,GND,power_shared,GND,GND,GND,GND,GND,GND,GND,GND,yes,OCP-named power/ground on all 8 seats. P48V = local per-seat pour on 16 Conn0 pads after fuse keepout; NOT a 100A flood. P12V2 Unknown/may be NC. Do not tie P48V to D3000E-S1 (12 V). DO NOT ENERGIZE.
Conn0,F17,JTAG0 _TDI,mgmt_stub,OAM0_JTAG0_TDI,OAM1_JTAG0_TDI,OAM2_JTAG0_TDI,OAM3_JTAG0_TDI,OAM4_JTAG0_TDI,OAM5_JTAG0_TDI,OAM6_JTAG0_TDI,OAM7_JTAG0_TDI,yes,
Conn0,G17,GND,power_shared,GND,GND,GND,GND,GND,GND,GND,GND,yes,OCP-named power/ground on all 8 seats. P48V = local per-seat pour on 16 Conn0 pads after fuse keepout; NOT a 100A flood. P12V2 Unknown/may be NC. Do not tie P48V to D3000E-S1 (12 V). DO NOT ENERGIZE.
Conn0,H17,S2_TX15P,serdes_named_not_routed,,,,,,,,,no,Named SerDes (xGMI/IF candidate). NO NET on any seat. Do not route S1-S7.
Conn0,J17,GND,power_shared,GND,GND,GND,GND,GND,GND,GND,GND,yes,OCP-named power/ground on all 8 seats. P48V = local per-seat pour on 16 Conn0 pads after fuse keepout; NOT a 100A flood. P12V2 Unknown/may be NC. Do not tie P48V to D3000E-S1 (12 V). DO NOT ENERGIZE.
Conn0,K17,S1_TX0P,serdes_named_not_routed,,,,,,,,,no,Named SerDes (xGMI/IF candidate). NO NET on any seat. Do not route S1-S7.
Conn0,L17,GND,power_shared,GND,GND,GND,GND,GND,GND,GND,GND,yes,OCP-named power/ground on all 8 seats. P48V = local per-seat pour on 16 Conn0 pads after fuse keepout; NOT a 100A flood. P12V2 Unknown/may be NC. Do not tie P48V to D3000E-S1 (12 V). DO NOT ENERGIZE.
Conn0,A18,GND,power_shared,GND,GND,GND,GND,GND,GND,GND,GND,yes,OCP-named power/ground on all 8 seats. P48V = local per-seat pour on 16 Conn0 pads after fuse keepout; NOT a 100A flood. P12V2 Unknown/may be NC. Do not tie P48V to D3000E-S1 (12 V). DO NOT ENERGIZE.
Conn0,B18,S2_RX15N,serdes_named_not_routed,,,,,,,,,no,Named SerDes (xGMI/IF candidate). NO NET on any seat. Do not route S1-S7.
Conn0,C18,GND,power_shared,GND,GND,GND,GND,GND,GND,GND,GND,yes,OCP-named power/ground on all 8 seats. P48V = local per-seat pour on 16 Conn0 pads after fuse keepout; NOT a 100A flood. P12V2 Unknown/may be NC. Do not tie P48V to D3000E-S1 (12 V). DO NOT ENERGIZE.
Conn0,D18,S1_RX0N,serdes_named_not_routed,,,,,,,,,no,Named SerDes (xGMI/IF candidate). NO NET on any seat. Do not route S1-S7.
Conn0,E18,GND,power_shared,GND,GND,GND,GND,GND,GND,GND,GND,yes,OCP-named power/ground on all 8 seats. P48V = local per-seat pour on 16 Conn0 pads after fuse keepout; NOT a 100A flood. P12V2 Unknown/may be NC. Do not tie P48V to D3000E-S1 (12 V). DO NOT ENERGIZE.
Conn0,F18,JTAG0_TMS,mgmt_stub,OAM0_JTAG0_TMS,OAM1_JTAG0_TMS,OAM2_JTAG0_TMS,OAM3_JTAG0_TMS,OAM4_JTAG0_TMS,OAM5_JTAG0_TMS,OAM6_JTAG0_TMS,OAM7_JTAG0_TMS,yes,
Conn0,G18,GND,power_shared,GND,GND,GND,GND,GND,GND,GND,GND,yes,OCP-named power/ground on all 8 seats. P48V = local per-seat pour on 16 Conn0 pads after fuse keepout; NOT a 100A flood. P12V2 Unknown/may be NC. Do not tie P48V to D3000E-S1 (12 V). DO NOT ENERGIZE.
Conn0,H18,S2_TX15N,serdes_named_not_routed,,,,,,,,,no,Named SerDes (xGMI/IF candidate). NO NET on any seat. Do not route S1-S7.
Conn0,J18,GND,power_shared,GND,GND,GND,GND,GND,GND,GND,GND,yes,OCP-named power/ground on all 8 seats. P48V = local per-seat pour on 16 Conn0 pads after fuse keepout; NOT a 100A flood. P12V2 Unknown/may be NC. Do not tie P48V to D3000E-S1 (12 V). DO NOT ENERGIZE.
Conn0,K18,S1_TX0N,serdes_named_not_routed,,,,,,,,,no,Named SerDes (xGMI/IF candidate). NO NET on any seat. Do not route S1-S7.
Conn0,L18,GND,power_shared,GND,GND,GND,GND,GND,GND,GND,GND,yes,OCP-named power/ground on all 8 seats. P48V = local per-seat pour on 16 Conn0 pads after fuse keepout; NOT a 100A flood. P12V2 Unknown/may be NC. Do not tie P48V to D3000E-S1 (12 V). DO NOT ENERGIZE.
Conn0,A19,S2_RX13P,serdes_named_not_routed,,,,,,,,,no,Named SerDes (xGMI/IF candidate). NO NET on any seat. Do not route S1-S7.
Conn0,B19,GND,power_shared,GND,GND,GND,GND,GND,GND,GND,GND,yes,OCP-named power/ground on all 8 seats. P48V = local per-seat pour on 16 Conn0 pads after fuse keepout; NOT a 100A flood. P12V2 Unknown/may be NC. Do not tie P48V to D3000E-S1 (12 V). DO NOT ENERGIZE.
Conn0,C19,S2_RX14P,serdes_named_not_routed,,,,,,,,,no,Named SerDes (xGMI/IF candidate). NO NET on any seat. Do not route S1-S7.
Conn0,D19,GND,power_shared,GND,GND,GND,GND,GND,GND,GND,GND,yes,OCP-named power/ground on all 8 seats. P48V = local per-seat pour on 16 Conn0 pads after fuse keepout; NOT a 100A flood. P12V2 Unknown/may be NC. Do not tie P48V to D3000E-S1 (12 V). DO NOT ENERGIZE.
Conn0,E19,S2_RX7P,serdes_named_not_routed,,,,,,,,,no,Named SerDes (xGMI/IF candidate). NO NET on any seat. Do not route S1-S7.
Conn0,F19,GND,power_shared,GND,GND,GND,GND,GND,GND,GND,GND,yes,OCP-named power/ground on all 8 seats. P48V = local per-seat pour on 16 Conn0 pads after fuse keepout; NOT a 100A flood. P12V2 Unknown/may be NC. Do not tie P48V to D3000E-S1 (12 V). DO NOT ENERGIZE.
Conn0,G19,S2_TX13P,serdes_named_not_routed,,,,,,,,,no,Named SerDes (xGMI/IF candidate). NO NET on any seat. Do not route S1-S7.
Conn0,H19,GND,power_shared,GND,GND,GND,GND,GND,GND,GND,GND,yes,OCP-named power/ground on all 8 seats. P48V = local per-seat pour on 16 Conn0 pads after fuse keepout; NOT a 100A flood. P12V2 Unknown/may be NC. Do not tie P48V to D3000E-S1 (12 V). DO NOT ENERGIZE.
Conn0,J19,S2_TX14P,serdes_named_not_routed,,,,,,,,,no,Named SerDes (xGMI/IF candidate). NO NET on any seat. Do not route S1-S7.
Conn0,K19,GND,power_shared,GND,GND,GND,GND,GND,GND,GND,GND,yes,OCP-named power/ground on all 8 seats. P48V = local per-seat pour on 16 Conn0 pads after fuse keepout; NOT a 100A flood. P12V2 Unknown/may be NC. Do not tie P48V to D3000E-S1 (12 V). DO NOT ENERGIZE.
Conn0,L19,S2_TX7P,serdes_named_not_routed,,,,,,,,,no,Named SerDes (xGMI/IF candidate). NO NET on any seat. Do not route S1-S7.
Conn0,A20,S2_RX13N,serdes_named_not_routed,,,,,,,,,no,Named SerDes (xGMI/IF candidate). NO NET on any seat. Do not route S1-S7.
Conn0,B20,GND,power_shared,GND,GND,GND,GND,GND,GND,GND,GND,yes,OCP-named power/ground on all 8 seats. P48V = local per-seat pour on 16 Conn0 pads after fuse keepout; NOT a 100A flood. P12V2 Unknown/may be NC. Do not tie P48V to D3000E-S1 (12 V). DO NOT ENERGIZE.
Conn0,C20,S2_RX14N,serdes_named_not_routed,,,,,,,,,no,Named SerDes (xGMI/IF candidate). NO NET on any seat. Do not route S1-S7.
Conn0,D20,GND,power_shared,GND,GND,GND,GND,GND,GND,GND,GND,yes,OCP-named power/ground on all 8 seats. P48V = local per-seat pour on 16 Conn0 pads after fuse keepout; NOT a 100A flood. P12V2 Unknown/may be NC. Do not tie P48V to D3000E-S1 (12 V). DO NOT ENERGIZE.
Conn0,E20,S2_RX7N,serdes_named_not_routed,,,,,,,,,no,Named SerDes (xGMI/IF candidate). NO NET on any seat. Do not route S1-S7.
Conn0,F20,GND,power_shared,GND,GND,GND,GND,GND,GND,GND,GND,yes,OCP-named power/ground on all 8 seats. P48V = local per-seat pour on 16 Conn0 pads after fuse keepout; NOT a 100A flood. P12V2 Unknown/may be NC. Do not tie P48V to D3000E-S1 (12 V). DO NOT ENERGIZE.
Conn0,G20,S2_TX13N,serdes_named_not_routed,,,,,,,,,no,Named SerDes (xGMI/IF candidate). NO NET on any seat. Do not route S1-S7.
Conn0,H20,GND,power_shared,GND,GND,GND,GND,GND,GND,GND,GND,yes,OCP-named power/ground on all 8 seats. P48V = local per-seat pour on 16 Conn0 pads after fuse keepout; NOT a 100A flood. P12V2 Unknown/may be NC. Do not tie P48V to D3000E-S1 (12 V). DO NOT ENERGIZE.
Conn0,J20,S2_TX14N,serdes_named_not_routed,,,,,,,,,no,Named SerDes (xGMI/IF candidate). NO NET on any seat. Do not route S1-S7.
Conn0,K20,GND,power_shared,GND,GND,GND,GND,GND,GND,GND,GND,yes,OCP-named power/ground on all 8 seats. P48V = local per-seat pour on 16 Conn0 pads after fuse keepout; NOT a 100A flood. P12V2 Unknown/may be NC. Do not tie P48V to D3000E-S1 (12 V). DO NOT ENERGIZE.
Conn0,L20,S2_TX7N,serdes_named_not_routed,,,,,,,,,no,Named SerDes (xGMI/IF candidate). NO NET on any seat. Do not route S1-S7.
Conn0,A21,GND,power_shared,GND,GND,GND,GND,GND,GND,GND,GND,yes,OCP-named power/ground on all 8 seats. P48V = local per-seat pour on 16 Conn0 pads after fuse keepout; NOT a 100A flood. P12V2 Unknown/may be NC. Do not tie P48V to D3000E-S1 (12 V). DO NOT ENERGIZE.
Conn0,B21,S2_RX12P,serdes_named_not_routed,,,,,,,,,no,Named SerDes (xGMI/IF candidate). NO NET on any seat. Do not route S1-S7.
Conn0,C21,GND,power_shared,GND,GND,GND,GND,GND,GND,GND,GND,yes,OCP-named power/ground on all 8 seats. P48V = local per-seat pour on 16 Conn0 pads after fuse keepout; NOT a 100A flood. P12V2 Unknown/may be NC. Do not tie P48V to D3000E-S1 (12 V). DO NOT ENERGIZE.
Conn0,D21,S2_RX6P,serdes_named_not_routed,,,,,,,,,no,Named SerDes (xGMI/IF candidate). NO NET on any seat. Do not route S1-S7.
Conn0,E21,GND,power_shared,GND,GND,GND,GND,GND,GND,GND,GND,yes,OCP-named power/ground on all 8 seats. P48V = local per-seat pour on 16 Conn0 pads after fuse keepout; NOT a 100A flood. P12V2 Unknown/may be NC. Do not tie P48V to D3000E-S1 (12 V). DO NOT ENERGIZE.
Conn0,F21,JTAG0_TCK,mgmt_stub,OAM0_JTAG0_TCK,OAM1_JTAG0_TCK,OAM2_JTAG0_TCK,OAM3_JTAG0_TCK,OAM4_JTAG0_TCK,OAM5_JTAG0_TCK,OAM6_JTAG0_TCK,OAM7_JTAG0_TCK,yes,
Conn0,G21,GND,power_shared,GND,GND,GND,GND,GND,GND,GND,GND,yes,OCP-named power/ground on all 8 seats. P48V = local per-seat pour on 16 Conn0 pads after fuse keepout; NOT a 100A flood. P12V2 Unknown/may be NC. Do not tie P48V to D3000E-S1 (12 V). DO NOT ENERGIZE.
Conn0,H21,S2_TX12P,serdes_named_not_routed,,,,,,,,,no,Named SerDes (xGMI/IF candidate). NO NET on any seat. Do not route S1-S7.
Conn0,J21,GND,power_shared,GND,GND,GND,GND,GND,GND,GND,GND,yes,OCP-named power/ground on all 8 seats. P48V = local per-seat pour on 16 Conn0 pads after fuse keepout; NOT a 100A flood. P12V2 Unknown/may be NC. Do not tie P48V to D3000E-S1 (12 V). DO NOT ENERGIZE.
Conn0,K21,S2_TX6P,serdes_named_not_routed,,,,,,,,,no,Named SerDes (xGMI/IF candidate). NO NET on any seat. Do not route S1-S7.
Conn0,L21,GND,power_shared,GND,GND,GND,GND,GND,GND,GND,GND,yes,OCP-named power/ground on all 8 seats. P48V = local per-seat pour on 16 Conn0 pads after fuse keepout; NOT a 100A flood. P12V2 Unknown/may be NC. Do not tie P48V to D3000E-S1 (12 V). DO NOT ENERGIZE.
Conn0,A22,GND,power_shared,GND,GND,GND,GND,GND,GND,GND,GND,yes,OCP-named power/ground on all 8 seats. P48V = local per-seat pour on 16 Conn0 pads after fuse keepout; NOT a 100A flood. P12V2 Unknown/may be NC. Do not tie P48V to D3000E-S1 (12 V). DO NOT ENERGIZE.
Conn0,B22,S2_RX12N,serdes_named_not_routed,,,,,,,,,no,Named SerDes (xGMI/IF candidate). NO NET on any seat. Do not route S1-S7.
Conn0,C22,GND,power_shared,GND,GND,GND,GND,GND,GND,GND,GND,yes,OCP-named power/ground on all 8 seats. P48V = local per-seat pour on 16 Conn0 pads after fuse keepout; NOT a 100A flood. P12V2 Unknown/may be NC. Do not tie P48V to D3000E-S1 (12 V). DO NOT ENERGIZE.
Conn0,D22,S2_RX6N,serdes_named_not_routed,,,,,,,,,no,Named SerDes (xGMI/IF candidate). NO NET on any seat. Do not route S1-S7.
Conn0,E22,GND,power_shared,GND,GND,GND,GND,GND,GND,GND,GND,yes,OCP-named power/ground on all 8 seats. P48V = local per-seat pour on 16 Conn0 pads after fuse keepout; NOT a 100A flood. P12V2 Unknown/may be NC. Do not tie P48V to D3000E-S1 (12 V). DO NOT ENERGIZE.
Conn0,F22,JTAG0_TRST,mgmt_stub,OAM0_JTAG0_TRST,OAM1_JTAG0_TRST,OAM2_JTAG0_TRST,OAM3_JTAG0_TRST,OAM4_JTAG0_TRST,OAM5_JTAG0_TRST,OAM6_JTAG0_TRST,OAM7_JTAG0_TRST,yes,
Conn0,G22,GND,power_shared,GND,GND,GND,GND,GND,GND,GND,GND,yes,OCP-named power/ground on all 8 seats. P48V = local per-seat pour on 16 Conn0 pads after fuse keepout; NOT a 100A flood. P12V2 Unknown/may be NC. Do not tie P48V to D3000E-S1 (12 V). DO NOT ENERGIZE.
Conn0,H22,S2_TX12N,serdes_named_not_routed,,,,,,,,,no,Named SerDes (xGMI/IF candidate). NO NET on any seat. Do not route S1-S7.
Conn0,J22,GND,power_shared,GND,GND,GND,GND,GND,GND,GND,GND,yes,OCP-named power/ground on all 8 seats. P48V = local per-seat pour on 16 Conn0 pads after fuse keepout; NOT a 100A flood. P12V2 Unknown/may be NC. Do not tie P48V to D3000E-S1 (12 V). DO NOT ENERGIZE.
Conn0,K22,S2_TX6N,serdes_named_not_routed,,,,,,,,,no,Named SerDes (xGMI/IF candidate). NO NET on any seat. Do not route S1-S7.
Conn0,L22,GND,power_shared,GND,GND,GND,GND,GND,GND,GND,GND,yes,OCP-named power/ground on all 8 seats. P48V = local per-seat pour on 16 Conn0 pads after fuse keepout; NOT a 100A flood. P12V2 Unknown/may be NC. Do not tie P48V to D3000E-S1 (12 V). DO NOT ENERGIZE.
Conn0,A23,S2_RX11P,serdes_named_not_routed,,,,,,,,,no,Named SerDes (xGMI/IF candidate). NO NET on any seat. Do not route S1-S7.
Conn0,B23,GND,power_shared,GND,GND,GND,GND,GND,GND,GND,GND,yes,OCP-named power/ground on all 8 seats. P48V = local per-seat pour on 16 Conn0 pads after fuse keepout; NOT a 100A flood. P12V2 Unknown/may be NC. Do not tie P48V to D3000E-S1 (12 V). DO NOT ENERGIZE.
Conn0,C23,S2_RX4P,serdes_named_not_routed,,,,,,,,,no,Named SerDes (xGMI/IF candidate). NO NET on any seat. Do not route S1-S7.
Conn0,D23,GND,power_shared,GND,GND,GND,GND,GND,GND,GND,GND,yes,OCP-named power/ground on all 8 seats. P48V = local per-seat pour on 16 Conn0 pads after fuse keepout; NOT a 100A flood. P12V2 Unknown/may be NC. Do not tie P48V to D3000E-S1 (12 V). DO NOT ENERGIZE.
Conn0,E23,S2_RX5P,serdes_named_not_routed,,,,,,,,,no,Named SerDes (xGMI/IF candidate). NO NET on any seat. Do not route S1-S7.
Conn0,F23,GND,power_shared,GND,GND,GND,GND,GND,GND,GND,GND,yes,OCP-named power/ground on all 8 seats. P48V = local per-seat pour on 16 Conn0 pads after fuse keepout; NOT a 100A flood. P12V2 Unknown/may be NC. Do not tie P48V to D3000E-S1 (12 V). DO NOT ENERGIZE.
Conn0,G23,S2_TX11P,serdes_named_not_routed,,,,,,,,,no,Named SerDes (xGMI/IF candidate). NO NET on any seat. Do not route S1-S7.
Conn0,H23,GND,power_shared,GND,GND,GND,GND,GND,GND,GND,GND,yes,OCP-named power/ground on all 8 seats. P48V = local per-seat pour on 16 Conn0 pads after fuse keepout; NOT a 100A flood. P12V2 Unknown/may be NC. Do not tie P48V to D3000E-S1 (12 V). DO NOT ENERGIZE.
Conn0,J23,S2_TX4P,serdes_named_not_routed,,,,,,,,,no,Named SerDes (xGMI/IF candidate). NO NET on any seat. Do not route S1-S7.
Conn0,K23,GND,power_shared,GND,GND,GND,GND,GND,GND,GND,GND,yes,OCP-named power/ground on all 8 seats. P48V = local per-seat pour on 16 Conn0 pads after fuse keepout; NOT a 100A flood. P12V2 Unknown/may be NC. Do not tie P48V to D3000E-S1 (12 V). DO NOT ENERGIZE.
Conn0,L23,S2_TX5P,serdes_named_not_routed,,,,,,,,,no,Named SerDes (xGMI/IF candidate). NO NET on any seat. Do not route S1-S7.
Conn0,A24,S2_RX11N,serdes_named_not_routed,,,,,,,,,no,Named SerDes (xGMI/IF candidate). NO NET on any seat. Do not route S1-S7.
Conn0,B24,GND,power_shared,GND,GND,GND,GND,GND,GND,GND,GND,yes,OCP-named power/ground on all 8 seats. P48V = local per-seat pour on 16 Conn0 pads after fuse keepout; NOT a 100A flood. P12V2 Unknown/may be NC. Do not tie P48V to D3000E-S1 (12 V). DO NOT ENERGIZE.
Conn0,C24,S2_RX4N,serdes_named_not_routed,,,,,,,,,no,Named SerDes (xGMI/IF candidate). NO NET on any seat. Do not route S1-S7.
Conn0,D24,GND,power_shared,GND,GND,GND,GND,GND,GND,GND,GND,yes,OCP-named power/ground on all 8 seats. P48V = local per-seat pour on 16 Conn0 pads after fuse keepout; NOT a 100A flood. P12V2 Unknown/may be NC. Do not tie P48V to D3000E-S1 (12 V). DO NOT ENERGIZE.
Conn0,E24,S2_RX5N,serdes_named_not_routed,,,,,,,,,no,Named SerDes (xGMI/IF candidate). NO NET on any seat. Do not route S1-S7.
Conn0,F24,GND,power_shared,GND,GND,GND,GND,GND,GND,GND,GND,yes,OCP-named power/ground on all 8 seats. P48V = local per-seat pour on 16 Conn0 pads after fuse keepout; NOT a 100A flood. P12V2 Unknown/may be NC. Do not tie P48V to D3000E-S1 (12 V). DO NOT ENERGIZE.
Conn0,G24,S2_TX11N,serdes_named_not_routed,,,,,,,,,no,Named SerDes (xGMI/IF candidate). NO NET on any seat. Do not route S1-S7.
Conn0,H24,GND,power_shared,GND,GND,GND,GND,GND,GND,GND,GND,yes,OCP-named power/ground on all 8 seats. P48V = local per-seat pour on 16 Conn0 pads after fuse keepout; NOT a 100A flood. P12V2 Unknown/may be NC. Do not tie P48V to D3000E-S1 (12 V). DO NOT ENERGIZE.
Conn0,J24,S2_TX4N,serdes_named_not_routed,,,,,,,,,no,Named SerDes (xGMI/IF candidate). NO NET on any seat. Do not route S1-S7.
Conn0,K24,GND,power_shared,GND,GND,GND,GND,GND,GND,GND,GND,yes,OCP-named power/ground on all 8 seats. P48V = local per-seat pour on 16 Conn0 pads after fuse keepout; NOT a 100A flood. P12V2 Unknown/may be NC. Do not tie P48V to D3000E-S1 (12 V). DO NOT ENERGIZE.
Conn0,L24,S2_TX5N,serdes_named_not_routed,,,,,,,,,no,Named SerDes (xGMI/IF candidate). NO NET on any seat. Do not route S1-S7.
Conn0,A25,GND,power_shared,GND,GND,GND,GND,GND,GND,GND,GND,yes,OCP-named power/ground on all 8 seats. P48V = local per-seat pour on 16 Conn0 pads after fuse keepout; NOT a 100A flood. P12V2 Unknown/may be NC. Do not tie P48V to D3000E-S1 (12 V). DO NOT ENERGIZE.
Conn0,B25,S2_RX10P,serdes_named_not_routed,,,,,,,,,no,Named SerDes (xGMI/IF candidate). NO NET on any seat. Do not route S1-S7.
Conn0,C25,GND,power_shared,GND,GND,GND,GND,GND,GND,GND,GND,yes,OCP-named power/ground on all 8 seats. P48V = local per-seat pour on 16 Conn0 pads after fuse keepout; NOT a 100A flood. P12V2 Unknown/may be NC. Do not tie P48V to D3000E-S1 (12 V). DO NOT ENERGIZE.
Conn0,D25,S2_RX3P,serdes_named_not_routed,,,,,,,,,no,Named SerDes (xGMI/IF candidate). NO NET on any seat. Do not route S1-S7.
Conn0,E25,GND,power_shared,GND,GND,GND,GND,GND,GND,GND,GND,yes,OCP-named power/ground on all 8 seats. P48V = local per-seat pour on 16 Conn0 pads after fuse keepout; NOT a 100A flood. P12V2 Unknown/may be NC. Do not tie P48V to D3000E-S1 (12 V). DO NOT ENERGIZE.
Conn0,F25,JTAG0_TDO,mgmt_stub,OAM0_JTAG0_TDO,OAM1_JTAG0_TDO,OAM2_JTAG0_TDO,OAM3_JTAG0_TDO,OAM4_JTAG0_TDO,OAM5_JTAG0_TDO,OAM6_JTAG0_TDO,OAM7_JTAG0_TDO,yes,
Conn0,G25,GND,power_shared,GND,GND,GND,GND,GND,GND,GND,GND,yes,OCP-named power/ground on all 8 seats. P48V = local per-seat pour on 16 Conn0 pads after fuse keepout; NOT a 100A flood. P12V2 Unknown/may be NC. Do not tie P48V to D3000E-S1 (12 V). DO NOT ENERGIZE.
Conn0,H25,S2_TX10P,serdes_named_not_routed,,,,,,,,,no,Named SerDes (xGMI/IF candidate). NO NET on any seat. Do not route S1-S7.
Conn0,J25,GND,power_shared,GND,GND,GND,GND,GND,GND,GND,GND,yes,OCP-named power/ground on all 8 seats. P48V = local per-seat pour on 16 Conn0 pads after fuse keepout; NOT a 100A flood. P12V2 Unknown/may be NC. Do not tie P48V to D3000E-S1 (12 V). DO NOT ENERGIZE.
Conn0,K25,S2_TX3P,serdes_named_not_routed,,,,,,,,,no,Named SerDes (xGMI/IF candidate). NO NET on any seat. Do not route S1-S7.
Conn0,L25,GND,power_shared,GND,GND,GND,GND,GND,GND,GND,GND,yes,OCP-named power/ground on all 8 seats. P48V = local per-seat pour on 16 Conn0 pads after fuse keepout; NOT a 100A flood. P12V2 Unknown/may be NC. Do not tie P48V to D3000E-S1 (12 V). DO NOT ENERGIZE.
Conn0,A26,GND,power_shared,GND,GND,GND,GND,GND,GND,GND,GND,yes,OCP-named power/ground on all 8 seats. P48V = local per-seat pour on 16 Conn0 pads after fuse keepout; NOT a 100A flood. P12V2 Unknown/may be NC. Do not tie P48V to D3000E-S1 (12 V). DO NOT ENERGIZE.
Conn0,B26,S2_RX10N,serdes_named_not_routed,,,,,,,,,no,Named SerDes (xGMI/IF candidate). NO NET on any seat. Do not route S1-S7.
Conn0,C26,GND,power_shared,GND,GND,GND,GND,GND,GND,GND,GND,yes,OCP-named power/ground on all 8 seats. P48V = local per-seat pour on 16 Conn0 pads after fuse keepout; NOT a 100A flood. P12V2 Unknown/may be NC. Do not tie P48V to D3000E-S1 (12 V). DO NOT ENERGIZE.
Conn0,D26,S2_RX3N,serdes_named_not_routed,,,,,,,,,no,Named SerDes (xGMI/IF candidate). NO NET on any seat. Do not route S1-S7.
Conn0,E26,GND,power_shared,GND,GND,GND,GND,GND,GND,GND,GND,yes,OCP-named power/ground on all 8 seats. P48V = local per-seat pour on 16 Conn0 pads after fuse keepout; NOT a 100A flood. P12V2 Unknown/may be NC. Do not tie P48V to D3000E-S1 (12 V). DO NOT ENERGIZE.
Conn0,F26,TEST0,unmapped_nc,,,,,,,,,no,Named in v1.0 but AMD overlay unknown or reserved; no copper
Conn0,G26,GND,power_shared,GND,GND,GND,GND,GND,GND,GND,GND,yes,OCP-named power/ground on all 8 seats. P48V = local per-seat pour on 16 Conn0 pads after fuse keepout; NOT a 100A flood. P12V2 Unknown/may be NC. Do not tie P48V to D3000E-S1 (12 V). DO NOT ENERGIZE.
Conn0,H26,S2_TX10N,serdes_named_not_routed,,,,,,,,,no,Named SerDes (xGMI/IF candidate). NO NET on any seat. Do not route S1-S7.
Conn0,J26,GND,power_shared,GND,GND,GND,GND,GND,GND,GND,GND,yes,OCP-named power/ground on all 8 seats. P48V = local per-seat pour on 16 Conn0 pads after fuse keepout; NOT a 100A flood. P12V2 Unknown/may be NC. Do not tie P48V to D3000E-S1 (12 V). DO NOT ENERGIZE.
Conn0,K26,S2_TX3N,serdes_named_not_routed,,,,,,,,,no,Named SerDes (xGMI/IF candidate). NO NET on any seat. Do not route S1-S7.
Conn0,L26,GND,power_shared,GND,GND,GND,GND,GND,GND,GND,GND,yes,OCP-named power/ground on all 8 seats. P48V = local per-seat pour on 16 Conn0 pads after fuse keepout; NOT a 100A flood. P12V2 Unknown/may be NC. Do not tie P48V to D3000E-S1 (12 V). DO NOT ENERGIZE.
Conn0,A27,S2_RX9P,serdes_named_not_routed,,,,,,,,,no,Named SerDes (xGMI/IF candidate). NO NET on any seat. Do not route S1-S7.
Conn0,B27,GND,power_shared,GND,GND,GND,GND,GND,GND,GND,GND,yes,OCP-named power/ground on all 8 seats. P48V = local per-seat pour on 16 Conn0 pads after fuse keepout; NOT a 100A flood. P12V2 Unknown/may be NC. Do not tie P48V to D3000E-S1 (12 V). DO NOT ENERGIZE.
Conn0,C27,S2_RX1P,serdes_named_not_routed,,,,,,,,,no,Named SerDes (xGMI/IF candidate). NO NET on any seat. Do not route S1-S7.
Conn0,D27,GND,power_shared,GND,GND,GND,GND,GND,GND,GND,GND,yes,OCP-named power/ground on all 8 seats. P48V = local per-seat pour on 16 Conn0 pads after fuse keepout; NOT a 100A flood. P12V2 Unknown/may be NC. Do not tie P48V to D3000E-S1 (12 V). DO NOT ENERGIZE.
Conn0,E27,S2_RX2P,serdes_named_not_routed,,,,,,,,,no,Named SerDes (xGMI/IF candidate). NO NET on any seat. Do not route S1-S7.
Conn0,F27,GND,power_shared,GND,GND,GND,GND,GND,GND,GND,GND,yes,OCP-named power/ground on all 8 seats. P48V = local per-seat pour on 16 Conn0 pads after fuse keepout; NOT a 100A flood. P12V2 Unknown/may be NC. Do not tie P48V to D3000E-S1 (12 V). DO NOT ENERGIZE.
Conn0,G27,S2_TX9P,serdes_named_not_routed,,,,,,,,,no,Named SerDes (xGMI/IF candidate). NO NET on any seat. Do not route S1-S7.
Conn0,H27,GND,power_shared,GND,GND,GND,GND,GND,GND,GND,GND,yes,OCP-named power/ground on all 8 seats. P48V = local per-seat pour on 16 Conn0 pads after fuse keepout; NOT a 100A flood. P12V2 Unknown/may be NC. Do not tie P48V to D3000E-S1 (12 V). DO NOT ENERGIZE.
Conn0,J27,S2_TX1P,serdes_named_not_routed,,,,,,,,,no,Named SerDes (xGMI/IF candidate). NO NET on any seat. Do not route S1-S7.
Conn0,K27,GND,power_shared,GND,GND,GND,GND,GND,GND,GND,GND,yes,OCP-named power/ground on all 8 seats. P48V = local per-seat pour on 16 Conn0 pads after fuse keepout; NOT a 100A flood. P12V2 Unknown/may be NC. Do not tie P48V to D3000E-S1 (12 V). DO NOT ENERGIZE.
Conn0,L27,S2_TX2P,serdes_named_not_routed,,,,,,,,,no,Named SerDes (xGMI/IF candidate). NO NET on any seat. Do not route S1-S7.
Conn0,A28,S2_RX9N,serdes_named_not_routed,,,,,,,,,no,Named SerDes (xGMI/IF candidate). NO NET on any seat. Do not route S1-S7.
Conn0,B28,GND,power_shared,GND,GND,GND,GND,GND,GND,GND,GND,yes,OCP-named power/ground on all 8 seats. P48V = local per-seat pour on 16 Conn0 pads after fuse keepout; NOT a 100A flood. P12V2 Unknown/may be NC. Do not tie P48V to D3000E-S1 (12 V). DO NOT ENERGIZE.
Conn0,C28,S2_RX1N,serdes_named_not_routed,,,,,,,,,no,Named SerDes (xGMI/IF candidate). NO NET on any seat. Do not route S1-S7.
Conn0,D28,GND,power_shared,GND,GND,GND,GND,GND,GND,GND,GND,yes,OCP-named power/ground on all 8 seats. P48V = local per-seat pour on 16 Conn0 pads after fuse keepout; NOT a 100A flood. P12V2 Unknown/may be NC. Do not tie P48V to D3000E-S1 (12 V). DO NOT ENERGIZE.
Conn0,E28,S2_RX2N,serdes_named_not_routed,,,,,,,,,no,Named SerDes (xGMI/IF candidate). NO NET on any seat. Do not route S1-S7.
Conn0,F28,GND,power_shared,GND,GND,GND,GND,GND,GND,GND,GND,yes,OCP-named power/ground on all 8 seats. P48V = local per-seat pour on 16 Conn0 pads after fuse keepout; NOT a 100A flood. P12V2 Unknown/may be NC. Do not tie P48V to D3000E-S1 (12 V). DO NOT ENERGIZE.
Conn0,G28,S2_TX9N,serdes_named_not_routed,,,,,,,,,no,Named SerDes (xGMI/IF candidate). NO NET on any seat. Do not route S1-S7.
Conn0,H28,GND,power_shared,GND,GND,GND,GND,GND,GND,GND,GND,yes,OCP-named power/ground on all 8 seats. P48V = local per-seat pour on 16 Conn0 pads after fuse keepout; NOT a 100A flood. P12V2 Unknown/may be NC. Do not tie P48V to D3000E-S1 (12 V). DO NOT ENERGIZE.
Conn0,J28,S2_TX1N,serdes_named_not_routed,,,,,,,,,no,Named SerDes (xGMI/IF candidate). NO NET on any seat. Do not route S1-S7.
Conn0,K28,GND,power_shared,GND,GND,GND,GND,GND,GND,GND,GND,yes,OCP-named power/ground on all 8 seats. P48V = local per-seat pour on 16 Conn0 pads after fuse keepout; NOT a 100A flood. P12V2 Unknown/may be NC. Do not tie P48V to D3000E-S1 (12 V). DO NOT ENERGIZE.
Conn0,L28,S2_TX2N,serdes_named_not_routed,,,,,,,,,no,Named SerDes (xGMI/IF candidate). NO NET on any seat. Do not route S1-S7.
Conn0,A29,GND,power_shared,GND,GND,GND,GND,GND,GND,GND,GND,yes,OCP-named power/ground on all 8 seats. P48V = local per-seat pour on 16 Conn0 pads after fuse keepout; NOT a 100A flood. P12V2 Unknown/may be NC. Do not tie P48V to D3000E-S1 (12 V). DO NOT ENERGIZE.
Conn0,B29,S2_RX8P,serdes_named_not_routed,,,,,,,,,no,Named SerDes (xGMI/IF candidate). NO NET on any seat. Do not route S1-S7.
Conn0,C29,GND,power_shared,GND,GND,GND,GND,GND,GND,GND,GND,yes,OCP-named power/ground on all 8 seats. P48V = local per-seat pour on 16 Conn0 pads after fuse keepout; NOT a 100A flood. P12V2 Unknown/may be NC. Do not tie P48V to D3000E-S1 (12 V). DO NOT ENERGIZE.
Conn0,D29,S2_RX0P,serdes_named_not_routed,,,,,,,,,no,Named SerDes (xGMI/IF candidate). NO NET on any seat. Do not route S1-S7.
Conn0,E29,GND,power_shared,GND,GND,GND,GND,GND,GND,GND,GND,yes,OCP-named power/ground on all 8 seats. P48V = local per-seat pour on 16 Conn0 pads after fuse keepout; NOT a 100A flood. P12V2 Unknown/may be NC. Do not tie P48V to D3000E-S1 (12 V). DO NOT ENERGIZE.
Conn0,F29,TEST1,unmapped_nc,,,,,,,,,no,Named in v1.0 but AMD overlay unknown or reserved; no copper
Conn0,G29,GND,power_shared,GND,GND,GND,GND,GND,GND,GND,GND,yes,OCP-named power/ground on all 8 seats. P48V = local per-seat pour on 16 Conn0 pads after fuse keepout; NOT a 100A flood. P12V2 Unknown/may be NC. Do not tie P48V to D3000E-S1 (12 V). DO NOT ENERGIZE.
Conn0,H29,S2_TX8P,serdes_named_not_routed,,,,,,,,,no,Named SerDes (xGMI/IF candidate). NO NET on any seat. Do not route S1-S7.
Conn0,J29,GND,power_shared,GND,GND,GND,GND,GND,GND,GND,GND,yes,OCP-named power/ground on all 8 seats. P48V = local per-seat pour on 16 Conn0 pads after fuse keepout; NOT a 100A flood. P12V2 Unknown/may be NC. Do not tie P48V to D3000E-S1 (12 V). DO NOT ENERGIZE.
Conn0,K29,S2_TX0P,serdes_named_not_routed,,,,,,,,,no,Named SerDes (xGMI/IF candidate). NO NET on any seat. Do not route S1-S7.
Conn0,L29,GND,power_shared,GND,GND,GND,GND,GND,GND,GND,GND,yes,OCP-named power/ground on all 8 seats. P48V = local per-seat pour on 16 Conn0 pads after fuse keepout; NOT a 100A flood. P12V2 Unknown/may be NC. Do not tie P48V to D3000E-S1 (12 V). DO NOT ENERGIZE.
Conn0,A30,GND,power_shared,GND,GND,GND,GND,GND,GND,GND,GND,yes,OCP-named power/ground on all 8 seats. P48V = local per-seat pour on 16 Conn0 pads after fuse keepout; NOT a 100A flood. P12V2 Unknown/may be NC. Do not tie P48V to D3000E-S1 (12 V). DO NOT ENERGIZE.
Conn0,B30,S2_RX8N,serdes_named_not_routed,,,,,,,,,no,Named SerDes (xGMI/IF candidate). NO NET on any seat. Do not route S1-S7.
Conn0,C30,GND,power_shared,GND,GND,GND,GND,GND,GND,GND,GND,yes,OCP-named power/ground on all 8 seats. P48V = local per-seat pour on 16 Conn0 pads after fuse keepout; NOT a 100A flood. P12V2 Unknown/may be NC. Do not tie P48V to D3000E-S1 (12 V). DO NOT ENERGIZE.
Conn0,D30,S2_RX0N,serdes_named_not_routed,,,,,,,,,no,Named SerDes (xGMI/IF candidate). NO NET on any seat. Do not route S1-S7.
Conn0,E30,GND,power_shared,GND,GND,GND,GND,GND,GND,GND,GND,yes,OCP-named power/ground on all 8 seats. P48V = local per-seat pour on 16 Conn0 pads after fuse keepout; NOT a 100A flood. P12V2 Unknown/may be NC. Do not tie P48V to D3000E-S1 (12 V). DO NOT ENERGIZE.
Conn0,F30,TEST2,unmapped_nc,,,,,,,,,no,Named in v1.0 but AMD overlay unknown or reserved; no copper
Conn0,G30,GND,power_shared,GND,GND,GND,GND,GND,GND,GND,GND,yes,OCP-named power/ground on all 8 seats. P48V = local per-seat pour on 16 Conn0 pads after fuse keepout; NOT a 100A flood. P12V2 Unknown/may be NC. Do not tie P48V to D3000E-S1 (12 V). DO NOT ENERGIZE.
Conn0,H30,S2_TX8N,serdes_named_not_routed,,,,,,,,,no,Named SerDes (xGMI/IF candidate). NO NET on any seat. Do not route S1-S7.
Conn0,J30,GND,power_shared,GND,GND,GND,GND,GND,GND,GND,GND,yes,OCP-named power/ground on all 8 seats. P48V = local per-seat pour on 16 Conn0 pads after fuse keepout; NOT a 100A flood. P12V2 Unknown/may be NC. Do not tie P48V to D3000E-S1 (12 V). DO NOT ENERGIZE.
Conn0,K30,S2_TX0N,serdes_named_not_routed,,,,,,,,,no,Named SerDes (xGMI/IF candidate). NO NET on any seat. Do not route S1-S7.
Conn0,L30,GND,power_shared,GND,GND,GND,GND,GND,GND,GND,GND,yes,OCP-named power/ground on all 8 seats. P48V = local per-seat pour on 16 Conn0 pads after fuse keepout; NOT a 100A flood. P12V2 Unknown/may be NC. Do not tie P48V to D3000E-S1 (12 V). DO NOT ENERGIZE.
Conn0,A31,S3_RX14P,serdes_named_not_routed,,,,,,,,,no,Named SerDes (xGMI/IF candidate). NO NET on any seat. Do not route S1-S7.
Conn0,B31,GND,power_shared,GND,GND,GND,GND,GND,GND,GND,GND,yes,OCP-named power/ground on all 8 seats. P48V = local per-seat pour on 16 Conn0 pads after fuse keepout; NOT a 100A flood. P12V2 Unknown/may be NC. Do not tie P48V to D3000E-S1 (12 V). DO NOT ENERGIZE.
Conn0,C31,S3_RX15P,serdes_named_not_routed,,,,,,,,,no,Named SerDes (xGMI/IF candidate). NO NET on any seat. Do not route S1-S7.
Conn0,D31,GND,power_shared,GND,GND,GND,GND,GND,GND,GND,GND,yes,OCP-named power/ground on all 8 seats. P48V = local per-seat pour on 16 Conn0 pads after fuse keepout; NOT a 100A flood. P12V2 Unknown/may be NC. Do not tie P48V to D3000E-S1 (12 V). DO NOT ENERGIZE.
Conn0,E31,S3_RX7P,serdes_named_not_routed,,,,,,,,,no,Named SerDes (xGMI/IF candidate). NO NET on any seat. Do not route S1-S7.
Conn0,F31,GND,power_shared,GND,GND,GND,GND,GND,GND,GND,GND,yes,OCP-named power/ground on all 8 seats. P48V = local per-seat pour on 16 Conn0 pads after fuse keepout; NOT a 100A flood. P12V2 Unknown/may be NC. Do not tie P48V to D3000E-S1 (12 V). DO NOT ENERGIZE.
Conn0,G31,S3_TX14P,serdes_named_not_routed,,,,,,,,,no,Named SerDes (xGMI/IF candidate). NO NET on any seat. Do not route S1-S7.
Conn0,H31,GND,power_shared,GND,GND,GND,GND,GND,GND,GND,GND,yes,OCP-named power/ground on all 8 seats. P48V = local per-seat pour on 16 Conn0 pads after fuse keepout; NOT a 100A flood. P12V2 Unknown/may be NC. Do not tie P48V to D3000E-S1 (12 V). DO NOT ENERGIZE.
Conn0,J31,S3_TX15P,serdes_named_not_routed,,,,,,,,,no,Named SerDes (xGMI/IF candidate). NO NET on any seat. Do not route S1-S7.
Conn0,K31,GND,power_shared,GND,GND,GND,GND,GND,GND,GND,GND,yes,OCP-named power/ground on all 8 seats. P48V = local per-seat pour on 16 Conn0 pads after fuse keepout; NOT a 100A flood. P12V2 Unknown/may be NC. Do not tie P48V to D3000E-S1 (12 V). DO NOT ENERGIZE.
Conn0,L31,S3_TX7P,serdes_named_not_routed,,,,,,,,,no,Named SerDes (xGMI/IF candidate). NO NET on any seat. Do not route S1-S7.
Conn0,A32,S3_RX14N,serdes_named_not_routed,,,,,,,,,no,Named SerDes (xGMI/IF candidate). NO NET on any seat. Do not route S1-S7.
Conn0,B32,GND,power_shared,GND,GND,GND,GND,GND,GND,GND,GND,yes,OCP-named power/ground on all 8 seats. P48V = local per-seat pour on 16 Conn0 pads after fuse keepout; NOT a 100A flood. P12V2 Unknown/may be NC. Do not tie P48V to D3000E-S1 (12 V). DO NOT ENERGIZE.
Conn0,C32,S3_RX15N,serdes_named_not_routed,,,,,,,,,no,Named SerDes (xGMI/IF candidate). NO NET on any seat. Do not route S1-S7.
Conn0,D32,GND,power_shared,GND,GND,GND,GND,GND,GND,GND,GND,yes,OCP-named power/ground on all 8 seats. P48V = local per-seat pour on 16 Conn0 pads after fuse keepout; NOT a 100A flood. P12V2 Unknown/may be NC. Do not tie P48V to D3000E-S1 (12 V). DO NOT ENERGIZE.
Conn0,E32,S3_RX7N,serdes_named_not_routed,,,,,,,,,no,Named SerDes (xGMI/IF candidate). NO NET on any seat. Do not route S1-S7.
Conn0,F32,GND,power_shared,GND,GND,GND,GND,GND,GND,GND,GND,yes,OCP-named power/ground on all 8 seats. P48V = local per-seat pour on 16 Conn0 pads after fuse keepout; NOT a 100A flood. P12V2 Unknown/may be NC. Do not tie P48V to D3000E-S1 (12 V). DO NOT ENERGIZE.
Conn0,G32,S3_TX14N,serdes_named_not_routed,,,,,,,,,no,Named SerDes (xGMI/IF candidate). NO NET on any seat. Do not route S1-S7.
Conn0,H32,GND,power_shared,GND,GND,GND,GND,GND,GND,GND,GND,yes,OCP-named power/ground on all 8 seats. P48V = local per-seat pour on 16 Conn0 pads after fuse keepout; NOT a 100A flood. P12V2 Unknown/may be NC. Do not tie P48V to D3000E-S1 (12 V). DO NOT ENERGIZE.
Conn0,J32,S3_TX15N,serdes_named_not_routed,,,,,,,,,no,Named SerDes (xGMI/IF candidate). NO NET on any seat. Do not route S1-S7.
Conn0,K32,GND,power_shared,GND,GND,GND,GND,GND,GND,GND,GND,yes,OCP-named power/ground on all 8 seats. P48V = local per-seat pour on 16 Conn0 pads after fuse keepout; NOT a 100A flood. P12V2 Unknown/may be NC. Do not tie P48V to D3000E-S1 (12 V). DO NOT ENERGIZE.
Conn0,L32,S3_TX7N,serdes_named_not_routed,,,,,,,,,no,Named SerDes (xGMI/IF candidate). NO NET on any seat. Do not route S1-S7.
Conn0,A33,GND,power_shared,GND,GND,GND,GND,GND,GND,GND,GND,yes,OCP-named power/ground on all 8 seats. P48V = local per-seat pour on 16 Conn0 pads after fuse keepout; NOT a 100A flood. P12V2 Unknown/may be NC. Do not tie P48V to D3000E-S1 (12 V). DO NOT ENERGIZE.
Conn0,B33,S3_RX13P,serdes_named_not_routed,,,,,,,,,no,Named SerDes (xGMI/IF candidate). NO NET on any seat. Do not route S1-S7.
Conn0,C33,GND,power_shared,GND,GND,GND,GND,GND,GND,GND,GND,yes,OCP-named power/ground on all 8 seats. P48V = local per-seat pour on 16 Conn0 pads after fuse keepout; NOT a 100A flood. P12V2 Unknown/may be NC. Do not tie P48V to D3000E-S1 (12 V). DO NOT ENERGIZE.
Conn0,D33,S3_RX6P,serdes_named_not_routed,,,,,,,,,no,Named SerDes (xGMI/IF candidate). NO NET on any seat. Do not route S1-S7.
Conn0,E33,GND,power_shared,GND,GND,GND,GND,GND,GND,GND,GND,yes,OCP-named power/ground on all 8 seats. P48V = local per-seat pour on 16 Conn0 pads after fuse keepout; NOT a 100A flood. P12V2 Unknown/may be NC. Do not tie P48V to D3000E-S1 (12 V). DO NOT ENERGIZE.
Conn0,F33,TEST3,unmapped_nc,,,,,,,,,no,Named in v1.0 but AMD overlay unknown or reserved; no copper
Conn0,G33,GND,power_shared,GND,GND,GND,GND,GND,GND,GND,GND,yes,OCP-named power/ground on all 8 seats. P48V = local per-seat pour on 16 Conn0 pads after fuse keepout; NOT a 100A flood. P12V2 Unknown/may be NC. Do not tie P48V to D3000E-S1 (12 V). DO NOT ENERGIZE.
Conn0,H33,S3_TX13P,serdes_named_not_routed,,,,,,,,,no,Named SerDes (xGMI/IF candidate). NO NET on any seat. Do not route S1-S7.
Conn0,J33,GND,power_shared,GND,GND,GND,GND,GND,GND,GND,GND,yes,OCP-named power/ground on all 8 seats. P48V = local per-seat pour on 16 Conn0 pads after fuse keepout; NOT a 100A flood. P12V2 Unknown/may be NC. Do not tie P48V to D3000E-S1 (12 V). DO NOT ENERGIZE.
Conn0,K33,S3_TX6P,serdes_named_not_routed,,,,,,,,,no,Named SerDes (xGMI/IF candidate). NO NET on any seat. Do not route S1-S7.
Conn0,L33,GND,power_shared,GND,GND,GND,GND,GND,GND,GND,GND,yes,OCP-named power/ground on all 8 seats. P48V = local per-seat pour on 16 Conn0 pads after fuse keepout; NOT a 100A flood. P12V2 Unknown/may be NC. Do not tie P48V to D3000E-S1 (12 V). DO NOT ENERGIZE.
Conn0,A34,GND,power_shared,GND,GND,GND,GND,GND,GND,GND,GND,yes,OCP-named power/ground on all 8 seats. P48V = local per-seat pour on 16 Conn0 pads after fuse keepout; NOT a 100A flood. P12V2 Unknown/may be NC. Do not tie P48V to D3000E-S1 (12 V). DO NOT ENERGIZE.
Conn0,B34,S3_RX13N,serdes_named_not_routed,,,,,,,,,no,Named SerDes (xGMI/IF candidate). NO NET on any seat. Do not route S1-S7.
Conn0,C34,GND,power_shared,GND,GND,GND,GND,GND,GND,GND,GND,yes,OCP-named power/ground on all 8 seats. P48V = local per-seat pour on 16 Conn0 pads after fuse keepout; NOT a 100A flood. P12V2 Unknown/may be NC. Do not tie P48V to D3000E-S1 (12 V). DO NOT ENERGIZE.
Conn0,D34,S3_RX6N,serdes_named_not_routed,,,,,,,,,no,Named SerDes (xGMI/IF candidate). NO NET on any seat. Do not route S1-S7.
Conn0,E34,GND,power_shared,GND,GND,GND,GND,GND,GND,GND,GND,yes,OCP-named power/ground on all 8 seats. P48V = local per-seat pour on 16 Conn0 pads after fuse keepout; NOT a 100A flood. P12V2 Unknown/may be NC. Do not tie P48V to D3000E-S1 (12 V). DO NOT ENERGIZE.
Conn0,F34,TEST4,unmapped_nc,,,,,,,,,no,Named in v1.0 but AMD overlay unknown or reserved; no copper
Conn0,G34,GND,power_shared,GND,GND,GND,GND,GND,GND,GND,GND,yes,OCP-named power/ground on all 8 seats. P48V = local per-seat pour on 16 Conn0 pads after fuse keepout; NOT a 100A flood. P12V2 Unknown/may be NC. Do not tie P48V to D3000E-S1 (12 V). DO NOT ENERGIZE.
Conn0,H34,S3_TX13N,serdes_named_not_routed,,,,,,,,,no,Named SerDes (xGMI/IF candidate). NO NET on any seat. Do not route S1-S7.
Conn0,J34,GND,power_shared,GND,GND,GND,GND,GND,GND,GND,GND,yes,OCP-named power/ground on all 8 seats. P48V = local per-seat pour on 16 Conn0 pads after fuse keepout; NOT a 100A flood. P12V2 Unknown/may be NC. Do not tie P48V to D3000E-S1 (12 V). DO NOT ENERGIZE.
Conn0,K34,S3_TX6N,serdes_named_not_routed,,,,,,,,,no,Named SerDes (xGMI/IF candidate). NO NET on any seat. Do not route S1-S7.
Conn0,L34,GND,power_shared,GND,GND,GND,GND,GND,GND,GND,GND,yes,OCP-named power/ground on all 8 seats. P48V = local per-seat pour on 16 Conn0 pads after fuse keepout; NOT a 100A flood. P12V2 Unknown/may be NC. Do not tie P48V to D3000E-S1 (12 V). DO NOT ENERGIZE.
Conn0,A35,S3_RX11P,serdes_named_not_routed,,,,,,,,,no,Named SerDes (xGMI/IF candidate). NO NET on any seat. Do not route S1-S7.
Conn0,B35,GND,power_shared,GND,GND,GND,GND,GND,GND,GND,GND,yes,OCP-named power/ground on all 8 seats. P48V = local per-seat pour on 16 Conn0 pads after fuse keepout; NOT a 100A flood. P12V2 Unknown/may be NC. Do not tie P48V to D3000E-S1 (12 V). DO NOT ENERGIZE.
Conn0,C35,S3_RX12P,serdes_named_not_routed,,,,,,,,,no,Named SerDes (xGMI/IF candidate). NO NET on any seat. Do not route S1-S7.
Conn0,D35,GND,power_shared,GND,GND,GND,GND,GND,GND,GND,GND,yes,OCP-named power/ground on all 8 seats. P48V = local per-seat pour on 16 Conn0 pads after fuse keepout; NOT a 100A flood. P12V2 Unknown/may be NC. Do not tie P48V to D3000E-S1 (12 V). DO NOT ENERGIZE.
Conn0,E35,S3_RX5P,serdes_named_not_routed,,,,,,,,,no,Named SerDes (xGMI/IF candidate). NO NET on any seat. Do not route S1-S7.
Conn0,F35,GND,power_shared,GND,GND,GND,GND,GND,GND,GND,GND,yes,OCP-named power/ground on all 8 seats. P48V = local per-seat pour on 16 Conn0 pads after fuse keepout; NOT a 100A flood. P12V2 Unknown/may be NC. Do not tie P48V to D3000E-S1 (12 V). DO NOT ENERGIZE.
Conn0,G35,S3_TX12P,serdes_named_not_routed,,,,,,,,,no,Named SerDes (xGMI/IF candidate). NO NET on any seat. Do not route S1-S7.
Conn0,H35,GND,power_shared,GND,GND,GND,GND,GND,GND,GND,GND,yes,OCP-named power/ground on all 8 seats. P48V = local per-seat pour on 16 Conn0 pads after fuse keepout; NOT a 100A flood. P12V2 Unknown/may be NC. Do not tie P48V to D3000E-S1 (12 V). DO NOT ENERGIZE.
Conn0,J35,S3_TX4P,serdes_named_not_routed,,,,,,,,,no,Named SerDes (xGMI/IF candidate). NO NET on any seat. Do not route S1-S7.
Conn0,K35,GND,power_shared,GND,GND,GND,GND,GND,GND,GND,GND,yes,OCP-named power/ground on all 8 seats. P48V = local per-seat pour on 16 Conn0 pads after fuse keepout; NOT a 100A flood. P12V2 Unknown/may be NC. Do not tie P48V to D3000E-S1 (12 V). DO NOT ENERGIZE.
Conn0,L35,S3_TX5P,serdes_named_not_routed,,,,,,,,,no,Named SerDes (xGMI/IF candidate). NO NET on any seat. Do not route S1-S7.
Conn0,A36,S3_RX11N,serdes_named_not_routed,,,,,,,,,no,Named SerDes (xGMI/IF candidate). NO NET on any seat. Do not route S1-S7.
Conn0,B36,GND,power_shared,GND,GND,GND,GND,GND,GND,GND,GND,yes,OCP-named power/ground on all 8 seats. P48V = local per-seat pour on 16 Conn0 pads after fuse keepout; NOT a 100A flood. P12V2 Unknown/may be NC. Do not tie P48V to D3000E-S1 (12 V). DO NOT ENERGIZE.
Conn0,C36,S3_RX12N,serdes_named_not_routed,,,,,,,,,no,Named SerDes (xGMI/IF candidate). NO NET on any seat. Do not route S1-S7.
Conn0,D36,GND,power_shared,GND,GND,GND,GND,GND,GND,GND,GND,yes,OCP-named power/ground on all 8 seats. P48V = local per-seat pour on 16 Conn0 pads after fuse keepout; NOT a 100A flood. P12V2 Unknown/may be NC. Do not tie P48V to D3000E-S1 (12 V). DO NOT ENERGIZE.
Conn0,E36,S3_RX5N,serdes_named_not_routed,,,,,,,,,no,Named SerDes (xGMI/IF candidate). NO NET on any seat. Do not route S1-S7.
Conn0,F36,GND,power_shared,GND,GND,GND,GND,GND,GND,GND,GND,yes,OCP-named power/ground on all 8 seats. P48V = local per-seat pour on 16 Conn0 pads after fuse keepout; NOT a 100A flood. P12V2 Unknown/may be NC. Do not tie P48V to D3000E-S1 (12 V). DO NOT ENERGIZE.
Conn0,G36,S3_TX12N,serdes_named_not_routed,,,,,,,,,no,Named SerDes (xGMI/IF candidate). NO NET on any seat. Do not route S1-S7.
Conn0,H36,GND,power_shared,GND,GND,GND,GND,GND,GND,GND,GND,yes,OCP-named power/ground on all 8 seats. P48V = local per-seat pour on 16 Conn0 pads after fuse keepout; NOT a 100A flood. P12V2 Unknown/may be NC. Do not tie P48V to D3000E-S1 (12 V). DO NOT ENERGIZE.
Conn0,J36,S3_TX4N,serdes_named_not_routed,,,,,,,,,no,Named SerDes (xGMI/IF candidate). NO NET on any seat. Do not route S1-S7.
Conn0,K36,GND,power_shared,GND,GND,GND,GND,GND,GND,GND,GND,yes,OCP-named power/ground on all 8 seats. P48V = local per-seat pour on 16 Conn0 pads after fuse keepout; NOT a 100A flood. P12V2 Unknown/may be NC. Do not tie P48V to D3000E-S1 (12 V). DO NOT ENERGIZE.
Conn0,L36,S3_TX5N,serdes_named_not_routed,,,,,,,,,no,Named SerDes (xGMI/IF candidate). NO NET on any seat. Do not route S1-S7.
Conn0,A37,GND,power_shared,GND,GND,GND,GND,GND,GND,GND,GND,yes,OCP-named power/ground on all 8 seats. P48V = local per-seat pour on 16 Conn0 pads after fuse keepout; NOT a 100A flood. P12V2 Unknown/may be NC. Do not tie P48V to D3000E-S1 (12 V). DO NOT ENERGIZE.
Conn0,B37,S3_RX10P,serdes_named_not_routed,,,,,,,,,no,Named SerDes (xGMI/IF candidate). NO NET on any seat. Do not route S1-S7.
Conn0,C37,GND,power_shared,GND,GND,GND,GND,GND,GND,GND,GND,yes,OCP-named power/ground on all 8 seats. P48V = local per-seat pour on 16 Conn0 pads after fuse keepout; NOT a 100A flood. P12V2 Unknown/may be NC. Do not tie P48V to D3000E-S1 (12 V). DO NOT ENERGIZE.
Conn0,D37,S3_RX4P,serdes_named_not_routed,,,,,,,,,no,Named SerDes (xGMI/IF candidate). NO NET on any seat. Do not route S1-S7.
Conn0,E37,GND,power_shared,GND,GND,GND,GND,GND,GND,GND,GND,yes,OCP-named power/ground on all 8 seats. P48V = local per-seat pour on 16 Conn0 pads after fuse keepout; NOT a 100A flood. P12V2 Unknown/may be NC. Do not tie P48V to D3000E-S1 (12 V). DO NOT ENERGIZE.
Conn0,F37,TEST5,unmapped_nc,,,,,,,,,no,Named in v1.0 but AMD overlay unknown or reserved; no copper
Conn0,G37,GND,power_shared,GND,GND,GND,GND,GND,GND,GND,GND,yes,OCP-named power/ground on all 8 seats. P48V = local per-seat pour on 16 Conn0 pads after fuse keepout; NOT a 100A flood. P12V2 Unknown/may be NC. Do not tie P48V to D3000E-S1 (12 V). DO NOT ENERGIZE.
Conn0,H37,S3_TX11P,serdes_named_not_routed,,,,,,,,,no,Named SerDes (xGMI/IF candidate). NO NET on any seat. Do not route S1-S7.
Conn0,J37,GND,power_shared,GND,GND,GND,GND,GND,GND,GND,GND,yes,OCP-named power/ground on all 8 seats. P48V = local per-seat pour on 16 Conn0 pads after fuse keepout; NOT a 100A flood. P12V2 Unknown/may be NC. Do not tie P48V to D3000E-S1 (12 V). DO NOT ENERGIZE.
Conn0,K37,S3_TX3P,serdes_named_not_routed,,,,,,,,,no,Named SerDes (xGMI/IF candidate). NO NET on any seat. Do not route S1-S7.
Conn0,L37,GND,power_shared,GND,GND,GND,GND,GND,GND,GND,GND,yes,OCP-named power/ground on all 8 seats. P48V = local per-seat pour on 16 Conn0 pads after fuse keepout; NOT a 100A flood. P12V2 Unknown/may be NC. Do not tie P48V to D3000E-S1 (12 V). DO NOT ENERGIZE.
Conn0,A38,GND,power_shared,GND,GND,GND,GND,GND,GND,GND,GND,yes,OCP-named power/ground on all 8 seats. P48V = local per-seat pour on 16 Conn0 pads after fuse keepout; NOT a 100A flood. P12V2 Unknown/may be NC. Do not tie P48V to D3000E-S1 (12 V). DO NOT ENERGIZE.
Conn0,B38,S3_RX10N,serdes_named_not_routed,,,,,,,,,no,Named SerDes (xGMI/IF candidate). NO NET on any seat. Do not route S1-S7.
Conn0,C38,GND,power_shared,GND,GND,GND,GND,GND,GND,GND,GND,yes,OCP-named power/ground on all 8 seats. P48V = local per-seat pour on 16 Conn0 pads after fuse keepout; NOT a 100A flood. P12V2 Unknown/may be NC. Do not tie P48V to D3000E-S1 (12 V). DO NOT ENERGIZE.
Conn0,D38,S3_RX4N,serdes_named_not_routed,,,,,,,,,no,Named SerDes (xGMI/IF candidate). NO NET on any seat. Do not route S1-S7.
Conn0,E38,GND,power_shared,GND,GND,GND,GND,GND,GND,GND,GND,yes,OCP-named power/ground on all 8 seats. P48V = local per-seat pour on 16 Conn0 pads after fuse keepout; NOT a 100A flood. P12V2 Unknown/may be NC. Do not tie P48V to D3000E-S1 (12 V). DO NOT ENERGIZE.
Conn0,F38,TEST6,unmapped_nc,,,,,,,,,no,Named in v1.0 but AMD overlay unknown or reserved; no copper
Conn0,G38,GND,power_shared,GND,GND,GND,GND,GND,GND,GND,GND,yes,OCP-named power/ground on all 8 seats. P48V = local per-seat pour on 16 Conn0 pads after fuse keepout; NOT a 100A flood. P12V2 Unknown/may be NC. Do not tie P48V to D3000E-S1 (12 V). DO NOT ENERGIZE.
Conn0,H38,S3_TX11N,serdes_named_not_routed,,,,,,,,,no,Named SerDes (xGMI/IF candidate). NO NET on any seat. Do not route S1-S7.
Conn0,J38,GND,power_shared,GND,GND,GND,GND,GND,GND,GND,GND,yes,OCP-named power/ground on all 8 seats. P48V = local per-seat pour on 16 Conn0 pads after fuse keepout; NOT a 100A flood. P12V2 Unknown/may be NC. Do not tie P48V to D3000E-S1 (12 V). DO NOT ENERGIZE.
Conn0,K38,S3_TX3N,serdes_named_not_routed,,,,,,,,,no,Named SerDes (xGMI/IF candidate). NO NET on any seat. Do not route S1-S7.
Conn0,L38,GND,power_shared,GND,GND,GND,GND,GND,GND,GND,GND,yes,OCP-named power/ground on all 8 seats. P48V = local per-seat pour on 16 Conn0 pads after fuse keepout; NOT a 100A flood. P12V2 Unknown/may be NC. Do not tie P48V to D3000E-S1 (12 V). DO NOT ENERGIZE.
Conn0,A39,S3_RX9P,serdes_named_not_routed,,,,,,,,,no,Named SerDes (xGMI/IF candidate). NO NET on any seat. Do not route S1-S7.
Conn0,B39,GND,power_shared,GND,GND,GND,GND,GND,GND,GND,GND,yes,OCP-named power/ground on all 8 seats. P48V = local per-seat pour on 16 Conn0 pads after fuse keepout; NOT a 100A flood. P12V2 Unknown/may be NC. Do not tie P48V to D3000E-S1 (12 V). DO NOT ENERGIZE.
Conn0,C39,S3_RX2P,serdes_named_not_routed,,,,,,,,,no,Named SerDes (xGMI/IF candidate). NO NET on any seat. Do not route S1-S7.
Conn0,D39,GND,power_shared,GND,GND,GND,GND,GND,GND,GND,GND,yes,OCP-named power/ground on all 8 seats. P48V = local per-seat pour on 16 Conn0 pads after fuse keepout; NOT a 100A flood. P12V2 Unknown/may be NC. Do not tie P48V to D3000E-S1 (12 V). DO NOT ENERGIZE.
Conn0,E39,S3_RX3P,serdes_named_not_routed,,,,,,,,,no,Named SerDes (xGMI/IF candidate). NO NET on any seat. Do not route S1-S7.
Conn0,F39,GND,power_shared,GND,GND,GND,GND,GND,GND,GND,GND,yes,OCP-named power/ground on all 8 seats. P48V = local per-seat pour on 16 Conn0 pads after fuse keepout; NOT a 100A flood. P12V2 Unknown/may be NC. Do not tie P48V to D3000E-S1 (12 V). DO NOT ENERGIZE.
Conn0,G39,S3_TX10P,serdes_named_not_routed,,,,,,,,,no,Named SerDes (xGMI/IF candidate). NO NET on any seat. Do not route S1-S7.
Conn0,H39,GND,power_shared,GND,GND,GND,GND,GND,GND,GND,GND,yes,OCP-named power/ground on all 8 seats. P48V = local per-seat pour on 16 Conn0 pads after fuse keepout; NOT a 100A flood. P12V2 Unknown/may be NC. Do not tie P48V to D3000E-S1 (12 V). DO NOT ENERGIZE.
Conn0,J39,S3_TX1P,serdes_named_not_routed,,,,,,,,,no,Named SerDes (xGMI/IF candidate). NO NET on any seat. Do not route S1-S7.
Conn0,K39,GND,power_shared,GND,GND,GND,GND,GND,GND,GND,GND,yes,OCP-named power/ground on all 8 seats. P48V = local per-seat pour on 16 Conn0 pads after fuse keepout; NOT a 100A flood. P12V2 Unknown/may be NC. Do not tie P48V to D3000E-S1 (12 V). DO NOT ENERGIZE.
Conn0,L39,S3_TX2P,serdes_named_not_routed,,,,,,,,,no,Named SerDes (xGMI/IF candidate). NO NET on any seat. Do not route S1-S7.
Conn0,A40,S3_RX9N,serdes_named_not_routed,,,,,,,,,no,Named SerDes (xGMI/IF candidate). NO NET on any seat. Do not route S1-S7.
Conn0,B40,GND,power_shared,GND,GND,GND,GND,GND,GND,GND,GND,yes,OCP-named power/ground on all 8 seats. P48V = local per-seat pour on 16 Conn0 pads after fuse keepout; NOT a 100A flood. P12V2 Unknown/may be NC. Do not tie P48V to D3000E-S1 (12 V). DO NOT ENERGIZE.
Conn0,C40,S3_RX2N,serdes_named_not_routed,,,,,,,,,no,Named SerDes (xGMI/IF candidate). NO NET on any seat. Do not route S1-S7.
Conn0,D40,GND,power_shared,GND,GND,GND,GND,GND,GND,GND,GND,yes,OCP-named power/ground on all 8 seats. P48V = local per-seat pour on 16 Conn0 pads after fuse keepout; NOT a 100A flood. P12V2 Unknown/may be NC. Do not tie P48V to D3000E-S1 (12 V). DO NOT ENERGIZE.
Conn0,E40,S3_RX3N,serdes_named_not_routed,,,,,,,,,no,Named SerDes (xGMI/IF candidate). NO NET on any seat. Do not route S1-S7.
Conn0,F40,GND,power_shared,GND,GND,GND,GND,GND,GND,GND,GND,yes,OCP-named power/ground on all 8 seats. P48V = local per-seat pour on 16 Conn0 pads after fuse keepout; NOT a 100A flood. P12V2 Unknown/may be NC. Do not tie P48V to D3000E-S1 (12 V). DO NOT ENERGIZE.
Conn0,G40,S3_TX10N,serdes_named_not_routed,,,,,,,,,no,Named SerDes (xGMI/IF candidate). NO NET on any seat. Do not route S1-S7.
Conn0,H40,GND,power_shared,GND,GND,GND,GND,GND,GND,GND,GND,yes,OCP-named power/ground on all 8 seats. P48V = local per-seat pour on 16 Conn0 pads after fuse keepout; NOT a 100A flood. P12V2 Unknown/may be NC. Do not tie P48V to D3000E-S1 (12 V). DO NOT ENERGIZE.
Conn0,J40,S3_TX1N,serdes_named_not_routed,,,,,,,,,no,Named SerDes (xGMI/IF candidate). NO NET on any seat. Do not route S1-S7.
Conn0,K40,GND,power_shared,GND,GND,GND,GND,GND,GND,GND,GND,yes,OCP-named power/ground on all 8 seats. P48V = local per-seat pour on 16 Conn0 pads after fuse keepout; NOT a 100A flood. P12V2 Unknown/may be NC. Do not tie P48V to D3000E-S1 (12 V). DO NOT ENERGIZE.
Conn0,L40,S3_TX2N,serdes_named_not_routed,,,,,,,,,no,Named SerDes (xGMI/IF candidate). NO NET on any seat. Do not route S1-S7.
Conn0,A41,GND,power_shared,GND,GND,GND,GND,GND,GND,GND,GND,yes,OCP-named power/ground on all 8 seats. P48V = local per-seat pour on 16 Conn0 pads after fuse keepout; NOT a 100A flood. P12V2 Unknown/may be NC. Do not tie P48V to D3000E-S1 (12 V). DO NOT ENERGIZE.
Conn0,B41,S3_RX8P,serdes_named_not_routed,,,,,,,,,no,Named SerDes (xGMI/IF candidate). NO NET on any seat. Do not route S1-S7.
Conn0,C41,GND,power_shared,GND,GND,GND,GND,GND,GND,GND,GND,yes,OCP-named power/ground on all 8 seats. P48V = local per-seat pour on 16 Conn0 pads after fuse keepout; NOT a 100A flood. P12V2 Unknown/may be NC. Do not tie P48V to D3000E-S1 (12 V). DO NOT ENERGIZE.
Conn0,D41,S3_RX1P,serdes_named_not_routed,,,,,,,,,no,Named SerDes (xGMI/IF candidate). NO NET on any seat. Do not route S1-S7.
Conn0,E41,GND,power_shared,GND,GND,GND,GND,GND,GND,GND,GND,yes,OCP-named power/ground on all 8 seats. P48V = local per-seat pour on 16 Conn0 pads after fuse keepout; NOT a 100A flood. P12V2 Unknown/may be NC. Do not tie P48V to D3000E-S1 (12 V). DO NOT ENERGIZE.
Conn0,F41,TEST7,unmapped_nc,,,,,,,,,no,Named in v1.0 but AMD overlay unknown or reserved; no copper
Conn0,G41,GND,power_shared,GND,GND,GND,GND,GND,GND,GND,GND,yes,OCP-named power/ground on all 8 seats. P48V = local per-seat pour on 16 Conn0 pads after fuse keepout; NOT a 100A flood. P12V2 Unknown/may be NC. Do not tie P48V to D3000E-S1 (12 V). DO NOT ENERGIZE.
Conn0,H41,S3_TX9P,serdes_named_not_routed,,,,,,,,,no,Named SerDes (xGMI/IF candidate). NO NET on any seat. Do not route S1-S7.
Conn0,J41,GND,power_shared,GND,GND,GND,GND,GND,GND,GND,GND,yes,OCP-named power/ground on all 8 seats. P48V = local per-seat pour on 16 Conn0 pads after fuse keepout; NOT a 100A flood. P12V2 Unknown/may be NC. Do not tie P48V to D3000E-S1 (12 V). DO NOT ENERGIZE.
Conn0,K41,S3_TX0P,serdes_named_not_routed,,,,,,,,,no,Named SerDes (xGMI/IF candidate). NO NET on any seat. Do not route S1-S7.
Conn0,L41,GND,power_shared,GND,GND,GND,GND,GND,GND,GND,GND,yes,OCP-named power/ground on all 8 seats. P48V = local per-seat pour on 16 Conn0 pads after fuse keepout; NOT a 100A flood. P12V2 Unknown/may be NC. Do not tie P48V to D3000E-S1 (12 V). DO NOT ENERGIZE.
Conn0,A42,GND,power_shared,GND,GND,GND,GND,GND,GND,GND,GND,yes,OCP-named power/ground on all 8 seats. P48V = local per-seat pour on 16 Conn0 pads after fuse keepout; NOT a 100A flood. P12V2 Unknown/may be NC. Do not tie P48V to D3000E-S1 (12 V). DO NOT ENERGIZE.
Conn0,B42,S3_RX8N,serdes_named_not_routed,,,,,,,,,no,Named SerDes (xGMI/IF candidate). NO NET on any seat. Do not route S1-S7.
Conn0,C42,GND,power_shared,GND,GND,GND,GND,GND,GND,GND,GND,yes,OCP-named power/ground on all 8 seats. P48V = local per-seat pour on 16 Conn0 pads after fuse keepout; NOT a 100A flood. P12V2 Unknown/may be NC. Do not tie P48V to D3000E-S1 (12 V). DO NOT ENERGIZE.
Conn0,D42,S3_RX1N,serdes_named_not_routed,,,,,,,,,no,Named SerDes (xGMI/IF candidate). NO NET on any seat. Do not route S1-S7.
Conn0,E42,GND,power_shared,GND,GND,GND,GND,GND,GND,GND,GND,yes,OCP-named power/ground on all 8 seats. P48V = local per-seat pour on 16 Conn0 pads after fuse keepout; NOT a 100A flood. P12V2 Unknown/may be NC. Do not tie P48V to D3000E-S1 (12 V). DO NOT ENERGIZE.
Conn0,F42,TEST8,unmapped_nc,,,,,,,,,no,Named in v1.0 but AMD overlay unknown or reserved; no copper
Conn0,G42,GND,power_shared,GND,GND,GND,GND,GND,GND,GND,GND,yes,OCP-named power/ground on all 8 seats. P48V = local per-seat pour on 16 Conn0 pads after fuse keepout; NOT a 100A flood. P12V2 Unknown/may be NC. Do not tie P48V to D3000E-S1 (12 V). DO NOT ENERGIZE.
Conn0,H42,S3_TX9N,serdes_named_not_routed,,,,,,,,,no,Named SerDes (xGMI/IF candidate). NO NET on any seat. Do not route S1-S7.
Conn0,J42,GND,power_shared,GND,GND,GND,GND,GND,GND,GND,GND,yes,OCP-named power/ground on all 8 seats. P48V = local per-seat pour on 16 Conn0 pads after fuse keepout; NOT a 100A flood. P12V2 Unknown/may be NC. Do not tie P48V to D3000E-S1 (12 V). DO NOT ENERGIZE.
Conn0,K42,S3_TX0N,serdes_named_not_routed,,,,,,,,,no,Named SerDes (xGMI/IF candidate). NO NET on any seat. Do not route S1-S7.
Conn0,L42,GND,power_shared,GND,GND,GND,GND,GND,GND,GND,GND,yes,OCP-named power/ground on all 8 seats. P48V = local per-seat pour on 16 Conn0 pads after fuse keepout; NOT a 100A flood. P12V2 Unknown/may be NC. Do not tie P48V to D3000E-S1 (12 V). DO NOT ENERGIZE.
Conn0,A43,PCIE_RX1P,pcie_stub,OAM0_PCIE_RX1P,OAM1_PCIE_RX1P,OAM2_PCIE_RX1P,OAM3_PCIE_RX1P,OAM4_PCIE_RX1P,OAM5_PCIE_RX1P,OAM6_PCIE_RX1P,OAM7_PCIE_RX1P,yes,Named on all 8 seats toward PEX8780-AB80BI G CANDIDATE DNP (8x x8 Gen3 + one x16 uplink = 80). Not 8x x16. Not a CEM mapping. Do not invent a second switch MPN.
Conn0,B43,GND,power_shared,GND,GND,GND,GND,GND,GND,GND,GND,yes,OCP-named power/ground on all 8 seats. P48V = local per-seat pour on 16 Conn0 pads after fuse keepout; NOT a 100A flood. P12V2 Unknown/may be NC. Do not tie P48V to D3000E-S1 (12 V). DO NOT ENERGIZE.
Conn0,C43,PCIE_RX0P,pcie_stub,OAM0_PCIE_RX0P,OAM1_PCIE_RX0P,OAM2_PCIE_RX0P,OAM3_PCIE_RX0P,OAM4_PCIE_RX0P,OAM5_PCIE_RX0P,OAM6_PCIE_RX0P,OAM7_PCIE_RX0P,yes,Named on all 8 seats toward PEX8780-AB80BI G CANDIDATE DNP (8x x8 Gen3 + one x16 uplink = 80). Not 8x x16. Not a CEM mapping. Do not invent a second switch MPN.
Conn0,D43,GND,power_shared,GND,GND,GND,GND,GND,GND,GND,GND,yes,OCP-named power/ground on all 8 seats. P48V = local per-seat pour on 16 Conn0 pads after fuse keepout; NOT a 100A flood. P12V2 Unknown/may be NC. Do not tie P48V to D3000E-S1 (12 V). DO NOT ENERGIZE.
Conn0,E43,S3_RX0P,serdes_named_not_routed,,,,,,,,,no,Named SerDes (xGMI/IF candidate). NO NET on any seat. Do not route S1-S7.
Conn0,F43,GND,power_shared,GND,GND,GND,GND,GND,GND,GND,GND,yes,OCP-named power/ground on all 8 seats. P48V = local per-seat pour on 16 Conn0 pads after fuse keepout; NOT a 100A flood. P12V2 Unknown/may be NC. Do not tie P48V to D3000E-S1 (12 V). DO NOT ENERGIZE.
Conn0,G43,S3_TX8P,serdes_named_not_routed,,,,,,,,,no,Named SerDes (xGMI/IF candidate). NO NET on any seat. Do not route S1-S7.
Conn0,H43,GND,power_shared,GND,GND,GND,GND,GND,GND,GND,GND,yes,OCP-named power/ground on all 8 seats. P48V = local per-seat pour on 16 Conn0 pads after fuse keepout; NOT a 100A flood. P12V2 Unknown/may be NC. Do not tie P48V to D3000E-S1 (12 V). DO NOT ENERGIZE.
Conn0,J43,PCIE_TX1P,pcie_stub,OAM0_PCIE_TX1P,OAM1_PCIE_TX1P,OAM2_PCIE_TX1P,OAM3_PCIE_TX1P,OAM4_PCIE_TX1P,OAM5_PCIE_TX1P,OAM6_PCIE_TX1P,OAM7_PCIE_TX1P,yes,Named on all 8 seats toward PEX8780-AB80BI G CANDIDATE DNP (8x x8 Gen3 + one x16 uplink = 80). Not 8x x16. Not a CEM mapping. Do not invent a second switch MPN.
Conn0,K43,GND,power_shared,GND,GND,GND,GND,GND,GND,GND,GND,yes,OCP-named power/ground on all 8 seats. P48V = local per-seat pour on 16 Conn0 pads after fuse keepout; NOT a 100A flood. P12V2 Unknown/may be NC. Do not tie P48V to D3000E-S1 (12 V). DO NOT ENERGIZE.
Conn0,L43,PCIE_TX0P,pcie_stub,OAM0_PCIE_TX0P,OAM1_PCIE_TX0P,OAM2_PCIE_TX0P,OAM3_PCIE_TX0P,OAM4_PCIE_TX0P,OAM5_PCIE_TX0P,OAM6_PCIE_TX0P,OAM7_PCIE_TX0P,yes,Named on all 8 seats toward PEX8780-AB80BI G CANDIDATE DNP (8x x8 Gen3 + one x16 uplink = 80). Not 8x x16. Not a CEM mapping. Do not invent a second switch MPN.
Conn0,A44,PCIE_RX1N,pcie_stub,OAM0_PCIE_RX1N,OAM1_PCIE_RX1N,OAM2_PCIE_RX1N,OAM3_PCIE_RX1N,OAM4_PCIE_RX1N,OAM5_PCIE_RX1N,OAM6_PCIE_RX1N,OAM7_PCIE_RX1N,yes,Named on all 8 seats toward PEX8780-AB80BI G CANDIDATE DNP (8x x8 Gen3 + one x16 uplink = 80). Not 8x x16. Not a CEM mapping. Do not invent a second switch MPN.
Conn0,B44,GND,power_shared,GND,GND,GND,GND,GND,GND,GND,GND,yes,OCP-named power/ground on all 8 seats. P48V = local per-seat pour on 16 Conn0 pads after fuse keepout; NOT a 100A flood. P12V2 Unknown/may be NC. Do not tie P48V to D3000E-S1 (12 V). DO NOT ENERGIZE.
Conn0,C44,PCIE_RX0N,pcie_stub,OAM0_PCIE_RX0N,OAM1_PCIE_RX0N,OAM2_PCIE_RX0N,OAM3_PCIE_RX0N,OAM4_PCIE_RX0N,OAM5_PCIE_RX0N,OAM6_PCIE_RX0N,OAM7_PCIE_RX0N,yes,Named on all 8 seats toward PEX8780-AB80BI G CANDIDATE DNP (8x x8 Gen3 + one x16 uplink = 80). Not 8x x16. Not a CEM mapping. Do not invent a second switch MPN.
Conn0,D44,GND,power_shared,GND,GND,GND,GND,GND,GND,GND,GND,yes,OCP-named power/ground on all 8 seats. P48V = local per-seat pour on 16 Conn0 pads after fuse keepout; NOT a 100A flood. P12V2 Unknown/may be NC. Do not tie P48V to D3000E-S1 (12 V). DO NOT ENERGIZE.
Conn0,E44,S3_RX0N,serdes_named_not_routed,,,,,,,,,no,Named SerDes (xGMI/IF candidate). NO NET on any seat. Do not route S1-S7.
Conn0,F44,GND,power_shared,GND,GND,GND,GND,GND,GND,GND,GND,yes,OCP-named power/ground on all 8 seats. P48V = local per-seat pour on 16 Conn0 pads after fuse keepout; NOT a 100A flood. P12V2 Unknown/may be NC. Do not tie P48V to D3000E-S1 (12 V). DO NOT ENERGIZE.
Conn0,G44,S3_TX8N,serdes_named_not_routed,,,,,,,,,no,Named SerDes (xGMI/IF candidate). NO NET on any seat. Do not route S1-S7.
Conn0,H44,GND,power_shared,GND,GND,GND,GND,GND,GND,GND,GND,yes,OCP-named power/ground on all 8 seats. P48V = local per-seat pour on 16 Conn0 pads after fuse keepout; NOT a 100A flood. P12V2 Unknown/may be NC. Do not tie P48V to D3000E-S1 (12 V). DO NOT ENERGIZE.
Conn0,J44,PCIE_TX1N,pcie_stub,OAM0_PCIE_TX1N,OAM1_PCIE_TX1N,OAM2_PCIE_TX1N,OAM3_PCIE_TX1N,OAM4_PCIE_TX1N,OAM5_PCIE_TX1N,OAM6_PCIE_TX1N,OAM7_PCIE_TX1N,yes,Named on all 8 seats toward PEX8780-AB80BI G CANDIDATE DNP (8x x8 Gen3 + one x16 uplink = 80). Not 8x x16. Not a CEM mapping. Do not invent a second switch MPN.
Conn0,K44,GND,power_shared,GND,GND,GND,GND,GND,GND,GND,GND,yes,OCP-named power/ground on all 8 seats. P48V = local per-seat pour on 16 Conn0 pads after fuse keepout; NOT a 100A flood. P12V2 Unknown/may be NC. Do not tie P48V to D3000E-S1 (12 V). DO NOT ENERGIZE.
Conn0,L44,PCIE_TX0N,pcie_stub,OAM0_PCIE_TX0N,OAM1_PCIE_TX0N,OAM2_PCIE_TX0N,OAM3_PCIE_TX0N,OAM4_PCIE_TX0N,OAM5_PCIE_TX0N,OAM6_PCIE_TX0N,OAM7_PCIE_TX0N,yes,Named on all 8 seats toward PEX8780-AB80BI G CANDIDATE DNP (8x x8 Gen3 + one x16 uplink = 80). Not 8x x16. Not a CEM mapping. Do not invent a second switch MPN.
Conn0,A45,GND,power_shared,GND,GND,GND,GND,GND,GND,GND,GND,yes,OCP-named power/ground on all 8 seats. P48V = local per-seat pour on 16 Conn0 pads after fuse keepout; NOT a 100A flood. P12V2 Unknown/may be NC. Do not tie P48V to D3000E-S1 (12 V). DO NOT ENERGIZE.
Conn0,B45,PCIE_RX3P,pcie_stub,OAM0_PCIE_RX3P,OAM1_PCIE_RX3P,OAM2_PCIE_RX3P,OAM3_PCIE_RX3P,OAM4_PCIE_RX3P,OAM5_PCIE_RX3P,OAM6_PCIE_RX3P,OAM7_PCIE_RX3P,yes,Named on all 8 seats toward PEX8780-AB80BI G CANDIDATE DNP (8x x8 Gen3 + one x16 uplink = 80). Not 8x x16. Not a CEM mapping. Do not invent a second switch MPN.
Conn0,C45,GND,power_shared,GND,GND,GND,GND,GND,GND,GND,GND,yes,OCP-named power/ground on all 8 seats. P48V = local per-seat pour on 16 Conn0 pads after fuse keepout; NOT a 100A flood. P12V2 Unknown/may be NC. Do not tie P48V to D3000E-S1 (12 V). DO NOT ENERGIZE.
Conn0,D45,PCIE_RX2P,pcie_stub,OAM0_PCIE_RX2P,OAM1_PCIE_RX2P,OAM2_PCIE_RX2P,OAM3_PCIE_RX2P,OAM4_PCIE_RX2P,OAM5_PCIE_RX2P,OAM6_PCIE_RX2P,OAM7_PCIE_RX2P,yes,Named on all 8 seats toward PEX8780-AB80BI G CANDIDATE DNP (8x x8 Gen3 + one x16 uplink = 80). Not 8x x16. Not a CEM mapping. Do not invent a second switch MPN.
Conn0,E45,GND,power_shared,GND,GND,GND,GND,GND,GND,GND,GND,yes,OCP-named power/ground on all 8 seats. P48V = local per-seat pour on 16 Conn0 pads after fuse keepout; NOT a 100A flood. P12V2 Unknown/may be NC. Do not tie P48V to D3000E-S1 (12 V). DO NOT ENERGIZE.
Conn0,F45,PE_REFCLKP,clock_reset,OAM0_PE_REFCLKP,OAM1_PE_REFCLKP,OAM2_PE_REFCLKP,OAM3_PE_REFCLKP,OAM4_PE_REFCLKP,OAM5_PE_REFCLKP,OAM6_PE_REFCLKP,OAM7_PE_REFCLKP,yes,
Conn0,G45,GND,power_shared,GND,GND,GND,GND,GND,GND,GND,GND,yes,OCP-named power/ground on all 8 seats. P48V = local per-seat pour on 16 Conn0 pads after fuse keepout; NOT a 100A flood. P12V2 Unknown/may be NC. Do not tie P48V to D3000E-S1 (12 V). DO NOT ENERGIZE.
Conn0,H45,PCIE_TX3P,pcie_stub,OAM0_PCIE_TX3P,OAM1_PCIE_TX3P,OAM2_PCIE_TX3P,OAM3_PCIE_TX3P,OAM4_PCIE_TX3P,OAM5_PCIE_TX3P,OAM6_PCIE_TX3P,OAM7_PCIE_TX3P,yes,Named on all 8 seats toward PEX8780-AB80BI G CANDIDATE DNP (8x x8 Gen3 + one x16 uplink = 80). Not 8x x16. Not a CEM mapping. Do not invent a second switch MPN.
Conn0,J45,GND,power_shared,GND,GND,GND,GND,GND,GND,GND,GND,yes,OCP-named power/ground on all 8 seats. P48V = local per-seat pour on 16 Conn0 pads after fuse keepout; NOT a 100A flood. P12V2 Unknown/may be NC. Do not tie P48V to D3000E-S1 (12 V). DO NOT ENERGIZE.
Conn0,K45,PCIE_TX2P,pcie_stub,OAM0_PCIE_TX2P,OAM1_PCIE_TX2P,OAM2_PCIE_TX2P,OAM3_PCIE_TX2P,OAM4_PCIE_TX2P,OAM5_PCIE_TX2P,OAM6_PCIE_TX2P,OAM7_PCIE_TX2P,yes,Named on all 8 seats toward PEX8780-AB80BI G CANDIDATE DNP (8x x8 Gen3 + one x16 uplink = 80). Not 8x x16. Not a CEM mapping. Do not invent a second switch MPN.
Conn0,L45,GND,power_shared,GND,GND,GND,GND,GND,GND,GND,GND,yes,OCP-named power/ground on all 8 seats. P48V = local per-seat pour on 16 Conn0 pads after fuse keepout; NOT a 100A flood. P12V2 Unknown/may be NC. Do not tie P48V to D3000E-S1 (12 V). DO NOT ENERGIZE.
Conn0,A46,GND,power_shared,GND,GND,GND,GND,GND,GND,GND,GND,yes,OCP-named power/ground on all 8 seats. P48V = local per-seat pour on 16 Conn0 pads after fuse keepout; NOT a 100A flood. P12V2 Unknown/may be NC. Do not tie P48V to D3000E-S1 (12 V). DO NOT ENERGIZE.
Conn0,B46,PCIE_RX3N,pcie_stub,OAM0_PCIE_RX3N,OAM1_PCIE_RX3N,OAM2_PCIE_RX3N,OAM3_PCIE_RX3N,OAM4_PCIE_RX3N,OAM5_PCIE_RX3N,OAM6_PCIE_RX3N,OAM7_PCIE_RX3N,yes,Named on all 8 seats toward PEX8780-AB80BI G CANDIDATE DNP (8x x8 Gen3 + one x16 uplink = 80). Not 8x x16. Not a CEM mapping. Do not invent a second switch MPN.
Conn0,C46,GND,power_shared,GND,GND,GND,GND,GND,GND,GND,GND,yes,OCP-named power/ground on all 8 seats. P48V = local per-seat pour on 16 Conn0 pads after fuse keepout; NOT a 100A flood. P12V2 Unknown/may be NC. Do not tie P48V to D3000E-S1 (12 V). DO NOT ENERGIZE.
Conn0,D46,PCIE_RX2N,pcie_stub,OAM0_PCIE_RX2N,OAM1_PCIE_RX2N,OAM2_PCIE_RX2N,OAM3_PCIE_RX2N,OAM4_PCIE_RX2N,OAM5_PCIE_RX2N,OAM6_PCIE_RX2N,OAM7_PCIE_RX2N,yes,Named on all 8 seats toward PEX8780-AB80BI G CANDIDATE DNP (8x x8 Gen3 + one x16 uplink = 80). Not 8x x16. Not a CEM mapping. Do not invent a second switch MPN.
Conn0,E46,GND,power_shared,GND,GND,GND,GND,GND,GND,GND,GND,yes,OCP-named power/ground on all 8 seats. P48V = local per-seat pour on 16 Conn0 pads after fuse keepout; NOT a 100A flood. P12V2 Unknown/may be NC. Do not tie P48V to D3000E-S1 (12 V). DO NOT ENERGIZE.
Conn0,F46,PE_REFCLKN,clock_reset,OAM0_PE_REFCLKN,OAM1_PE_REFCLKN,OAM2_PE_REFCLKN,OAM3_PE_REFCLKN,OAM4_PE_REFCLKN,OAM5_PE_REFCLKN,OAM6_PE_REFCLKN,OAM7_PE_REFCLKN,yes,
Conn0,G46,GND,power_shared,GND,GND,GND,GND,GND,GND,GND,GND,yes,OCP-named power/ground on all 8 seats. P48V = local per-seat pour on 16 Conn0 pads after fuse keepout; NOT a 100A flood. P12V2 Unknown/may be NC. Do not tie P48V to D3000E-S1 (12 V). DO NOT ENERGIZE.
Conn0,H46,PCIE_TX3N,pcie_stub,OAM0_PCIE_TX3N,OAM1_PCIE_TX3N,OAM2_PCIE_TX3N,OAM3_PCIE_TX3N,OAM4_PCIE_TX3N,OAM5_PCIE_TX3N,OAM6_PCIE_TX3N,OAM7_PCIE_TX3N,yes,Named on all 8 seats toward PEX8780-AB80BI G CANDIDATE DNP (8x x8 Gen3 + one x16 uplink = 80). Not 8x x16. Not a CEM mapping. Do not invent a second switch MPN.
Conn0,J46,GND,power_shared,GND,GND,GND,GND,GND,GND,GND,GND,yes,OCP-named power/ground on all 8 seats. P48V = local per-seat pour on 16 Conn0 pads after fuse keepout; NOT a 100A flood. P12V2 Unknown/may be NC. Do not tie P48V to D3000E-S1 (12 V). DO NOT ENERGIZE.
Conn0,K46,PCIE_TX2N,pcie_stub,OAM0_PCIE_TX2N,OAM1_PCIE_TX2N,OAM2_PCIE_TX2N,OAM3_PCIE_TX2N,OAM4_PCIE_TX2N,OAM5_PCIE_TX2N,OAM6_PCIE_TX2N,OAM7_PCIE_TX2N,yes,Named on all 8 seats toward PEX8780-AB80BI G CANDIDATE DNP (8x x8 Gen3 + one x16 uplink = 80). Not 8x x16. Not a CEM mapping. Do not invent a second switch MPN.
Conn0,L46,GND,power_shared,GND,GND,GND,GND,GND,GND,GND,GND,yes,OCP-named power/ground on all 8 seats. P48V = local per-seat pour on 16 Conn0 pads after fuse keepout; NOT a 100A flood. P12V2 Unknown/may be NC. Do not tie P48V to D3000E-S1 (12 V). DO NOT ENERGIZE.
Conn0,A47,PCIE_RX6P,pcie_stub,OAM0_PCIE_RX6P,OAM1_PCIE_RX6P,OAM2_PCIE_RX6P,OAM3_PCIE_RX6P,OAM4_PCIE_RX6P,OAM5_PCIE_RX6P,OAM6_PCIE_RX6P,OAM7_PCIE_RX6P,yes,Named on all 8 seats toward PEX8780-AB80BI G CANDIDATE DNP (8x x8 Gen3 + one x16 uplink = 80). Not 8x x16. Not a CEM mapping. Do not invent a second switch MPN.
Conn0,B47,GND,power_shared,GND,GND,GND,GND,GND,GND,GND,GND,yes,OCP-named power/ground on all 8 seats. P48V = local per-seat pour on 16 Conn0 pads after fuse keepout; NOT a 100A flood. P12V2 Unknown/may be NC. Do not tie P48V to D3000E-S1 (12 V). DO NOT ENERGIZE.
Conn0,C47,PCIE_RX5P,pcie_stub,OAM0_PCIE_RX5P,OAM1_PCIE_RX5P,OAM2_PCIE_RX5P,OAM3_PCIE_RX5P,OAM4_PCIE_RX5P,OAM5_PCIE_RX5P,OAM6_PCIE_RX5P,OAM7_PCIE_RX5P,yes,Named on all 8 seats toward PEX8780-AB80BI G CANDIDATE DNP (8x x8 Gen3 + one x16 uplink = 80). Not 8x x16. Not a CEM mapping. Do not invent a second switch MPN.
Conn0,D47,GND,power_shared,GND,GND,GND,GND,GND,GND,GND,GND,yes,OCP-named power/ground on all 8 seats. P48V = local per-seat pour on 16 Conn0 pads after fuse keepout; NOT a 100A flood. P12V2 Unknown/may be NC. Do not tie P48V to D3000E-S1 (12 V). DO NOT ENERGIZE.
Conn0,E47,PCIE_RX4P,pcie_stub,OAM0_PCIE_RX4P,OAM1_PCIE_RX4P,OAM2_PCIE_RX4P,OAM3_PCIE_RX4P,OAM4_PCIE_RX4P,OAM5_PCIE_RX4P,OAM6_PCIE_RX4P,OAM7_PCIE_RX4P,yes,Named on all 8 seats toward PEX8780-AB80BI G CANDIDATE DNP (8x x8 Gen3 + one x16 uplink = 80). Not 8x x16. Not a CEM mapping. Do not invent a second switch MPN.
Conn0,F47,GND,power_shared,GND,GND,GND,GND,GND,GND,GND,GND,yes,OCP-named power/ground on all 8 seats. P48V = local per-seat pour on 16 Conn0 pads after fuse keepout; NOT a 100A flood. P12V2 Unknown/may be NC. Do not tie P48V to D3000E-S1 (12 V). DO NOT ENERGIZE.
Conn0,G47,PCIE_TX6P,pcie_stub,OAM0_PCIE_TX6P,OAM1_PCIE_TX6P,OAM2_PCIE_TX6P,OAM3_PCIE_TX6P,OAM4_PCIE_TX6P,OAM5_PCIE_TX6P,OAM6_PCIE_TX6P,OAM7_PCIE_TX6P,yes,Named on all 8 seats toward PEX8780-AB80BI G CANDIDATE DNP (8x x8 Gen3 + one x16 uplink = 80). Not 8x x16. Not a CEM mapping. Do not invent a second switch MPN.
Conn0,H47,GND,power_shared,GND,GND,GND,GND,GND,GND,GND,GND,yes,OCP-named power/ground on all 8 seats. P48V = local per-seat pour on 16 Conn0 pads after fuse keepout; NOT a 100A flood. P12V2 Unknown/may be NC. Do not tie P48V to D3000E-S1 (12 V). DO NOT ENERGIZE.
Conn0,J47,PCIE_TX5P,pcie_stub,OAM0_PCIE_TX5P,OAM1_PCIE_TX5P,OAM2_PCIE_TX5P,OAM3_PCIE_TX5P,OAM4_PCIE_TX5P,OAM5_PCIE_TX5P,OAM6_PCIE_TX5P,OAM7_PCIE_TX5P,yes,Named on all 8 seats toward PEX8780-AB80BI G CANDIDATE DNP (8x x8 Gen3 + one x16 uplink = 80). Not 8x x16. Not a CEM mapping. Do not invent a second switch MPN.
Conn0,K47,GND,power_shared,GND,GND,GND,GND,GND,GND,GND,GND,yes,OCP-named power/ground on all 8 seats. P48V = local per-seat pour on 16 Conn0 pads after fuse keepout; NOT a 100A flood. P12V2 Unknown/may be NC. Do not tie P48V to D3000E-S1 (12 V). DO NOT ENERGIZE.
Conn0,L47,PCIE_TX4P,pcie_stub,OAM0_PCIE_TX4P,OAM1_PCIE_TX4P,OAM2_PCIE_TX4P,OAM3_PCIE_TX4P,OAM4_PCIE_TX4P,OAM5_PCIE_TX4P,OAM6_PCIE_TX4P,OAM7_PCIE_TX4P,yes,Named on all 8 seats toward PEX8780-AB80BI G CANDIDATE DNP (8x x8 Gen3 + one x16 uplink = 80). Not 8x x16. Not a CEM mapping. Do not invent a second switch MPN.
Conn0,A48,PCIE_RX6N,pcie_stub,OAM0_PCIE_RX6N,OAM1_PCIE_RX6N,OAM2_PCIE_RX6N,OAM3_PCIE_RX6N,OAM4_PCIE_RX6N,OAM5_PCIE_RX6N,OAM6_PCIE_RX6N,OAM7_PCIE_RX6N,yes,Named on all 8 seats toward PEX8780-AB80BI G CANDIDATE DNP (8x x8 Gen3 + one x16 uplink = 80). Not 8x x16. Not a CEM mapping. Do not invent a second switch MPN.
Conn0,B48,GND,power_shared,GND,GND,GND,GND,GND,GND,GND,GND,yes,OCP-named power/ground on all 8 seats. P48V = local per-seat pour on 16 Conn0 pads after fuse keepout; NOT a 100A flood. P12V2 Unknown/may be NC. Do not tie P48V to D3000E-S1 (12 V). DO NOT ENERGIZE.
Conn0,C48,PCIE_RX5N,pcie_stub,OAM0_PCIE_RX5N,OAM1_PCIE_RX5N,OAM2_PCIE_RX5N,OAM3_PCIE_RX5N,OAM4_PCIE_RX5N,OAM5_PCIE_RX5N,OAM6_PCIE_RX5N,OAM7_PCIE_RX5N,yes,Named on all 8 seats toward PEX8780-AB80BI G CANDIDATE DNP (8x x8 Gen3 + one x16 uplink = 80). Not 8x x16. Not a CEM mapping. Do not invent a second switch MPN.
Conn0,D48,GND,power_shared,GND,GND,GND,GND,GND,GND,GND,GND,yes,OCP-named power/ground on all 8 seats. P48V = local per-seat pour on 16 Conn0 pads after fuse keepout; NOT a 100A flood. P12V2 Unknown/may be NC. Do not tie P48V to D3000E-S1 (12 V). DO NOT ENERGIZE.
Conn0,E48,PCIE_RX4N,pcie_stub,OAM0_PCIE_RX4N,OAM1_PCIE_RX4N,OAM2_PCIE_RX4N,OAM3_PCIE_RX4N,OAM4_PCIE_RX4N,OAM5_PCIE_RX4N,OAM6_PCIE_RX4N,OAM7_PCIE_RX4N,yes,Named on all 8 seats toward PEX8780-AB80BI G CANDIDATE DNP (8x x8 Gen3 + one x16 uplink = 80). Not 8x x16. Not a CEM mapping. Do not invent a second switch MPN.
Conn0,F48,GND,power_shared,GND,GND,GND,GND,GND,GND,GND,GND,yes,OCP-named power/ground on all 8 seats. P48V = local per-seat pour on 16 Conn0 pads after fuse keepout; NOT a 100A flood. P12V2 Unknown/may be NC. Do not tie P48V to D3000E-S1 (12 V). DO NOT ENERGIZE.
Conn0,G48,PCIE_TX6N,pcie_stub,OAM0_PCIE_TX6N,OAM1_PCIE_TX6N,OAM2_PCIE_TX6N,OAM3_PCIE_TX6N,OAM4_PCIE_TX6N,OAM5_PCIE_TX6N,OAM6_PCIE_TX6N,OAM7_PCIE_TX6N,yes,Named on all 8 seats toward PEX8780-AB80BI G CANDIDATE DNP (8x x8 Gen3 + one x16 uplink = 80). Not 8x x16. Not a CEM mapping. Do not invent a second switch MPN.
Conn0,H48,GND,power_shared,GND,GND,GND,GND,GND,GND,GND,GND,yes,OCP-named power/ground on all 8 seats. P48V = local per-seat pour on 16 Conn0 pads after fuse keepout; NOT a 100A flood. P12V2 Unknown/may be NC. Do not tie P48V to D3000E-S1 (12 V). DO NOT ENERGIZE.
Conn0,J48,PCIE_TX5N,pcie_stub,OAM0_PCIE_TX5N,OAM1_PCIE_TX5N,OAM2_PCIE_TX5N,OAM3_PCIE_TX5N,OAM4_PCIE_TX5N,OAM5_PCIE_TX5N,OAM6_PCIE_TX5N,OAM7_PCIE_TX5N,yes,Named on all 8 seats toward PEX8780-AB80BI G CANDIDATE DNP (8x x8 Gen3 + one x16 uplink = 80). Not 8x x16. Not a CEM mapping. Do not invent a second switch MPN.
Conn0,K48,GND,power_shared,GND,GND,GND,GND,GND,GND,GND,GND,yes,OCP-named power/ground on all 8 seats. P48V = local per-seat pour on 16 Conn0 pads after fuse keepout; NOT a 100A flood. P12V2 Unknown/may be NC. Do not tie P48V to D3000E-S1 (12 V). DO NOT ENERGIZE.
Conn0,L48,PCIE_TX4N,pcie_stub,OAM0_PCIE_TX4N,OAM1_PCIE_TX4N,OAM2_PCIE_TX4N,OAM3_PCIE_TX4N,OAM4_PCIE_TX4N,OAM5_PCIE_TX4N,OAM6_PCIE_TX4N,OAM7_PCIE_TX4N,yes,Named on all 8 seats toward PEX8780-AB80BI G CANDIDATE DNP (8x x8 Gen3 + one x16 uplink = 80). Not 8x x16. Not a CEM mapping. Do not invent a second switch MPN.
Conn0,A49,GND,power_shared,GND,GND,GND,GND,GND,GND,GND,GND,yes,OCP-named power/ground on all 8 seats. P48V = local per-seat pour on 16 Conn0 pads after fuse keepout; NOT a 100A flood. P12V2 Unknown/may be NC. Do not tie P48V to D3000E-S1 (12 V). DO NOT ENERGIZE.
Conn0,B49,PCIE_RX8P,pcie_stub,OAM0_PCIE_RX8P,OAM1_PCIE_RX8P,OAM2_PCIE_RX8P,OAM3_PCIE_RX8P,OAM4_PCIE_RX8P,OAM5_PCIE_RX8P,OAM6_PCIE_RX8P,OAM7_PCIE_RX8P,yes,Named on all 8 seats toward PEX8780-AB80BI G CANDIDATE DNP (8x x8 Gen3 + one x16 uplink = 80). Not 8x x16. Not a CEM mapping. Do not invent a second switch MPN.
Conn0,C49,GND,power_shared,GND,GND,GND,GND,GND,GND,GND,GND,yes,OCP-named power/ground on all 8 seats. P48V = local per-seat pour on 16 Conn0 pads after fuse keepout; NOT a 100A flood. P12V2 Unknown/may be NC. Do not tie P48V to D3000E-S1 (12 V). DO NOT ENERGIZE.
Conn0,D49,PCIE_RX7P,pcie_stub,OAM0_PCIE_RX7P,OAM1_PCIE_RX7P,OAM2_PCIE_RX7P,OAM3_PCIE_RX7P,OAM4_PCIE_RX7P,OAM5_PCIE_RX7P,OAM6_PCIE_RX7P,OAM7_PCIE_RX7P,yes,Named on all 8 seats toward PEX8780-AB80BI G CANDIDATE DNP (8x x8 Gen3 + one x16 uplink = 80). Not 8x x16. Not a CEM mapping. Do not invent a second switch MPN.
Conn0,E49,GND,power_shared,GND,GND,GND,GND,GND,GND,GND,GND,yes,OCP-named power/ground on all 8 seats. P48V = local per-seat pour on 16 Conn0 pads after fuse keepout; NOT a 100A flood. P12V2 Unknown/may be NC. Do not tie P48V to D3000E-S1 (12 V). DO NOT ENERGIZE.
Conn0,F49,TEST9,unmapped_nc,,,,,,,,,no,Named in v1.0 but AMD overlay unknown or reserved; no copper
Conn0,G49,GND,power_shared,GND,GND,GND,GND,GND,GND,GND,GND,yes,OCP-named power/ground on all 8 seats. P48V = local per-seat pour on 16 Conn0 pads after fuse keepout; NOT a 100A flood. P12V2 Unknown/may be NC. Do not tie P48V to D3000E-S1 (12 V). DO NOT ENERGIZE.
Conn0,H49,PCIE_TX8P,pcie_stub,OAM0_PCIE_TX8P,OAM1_PCIE_TX8P,OAM2_PCIE_TX8P,OAM3_PCIE_TX8P,OAM4_PCIE_TX8P,OAM5_PCIE_TX8P,OAM6_PCIE_TX8P,OAM7_PCIE_TX8P,yes,Named on all 8 seats toward PEX8780-AB80BI G CANDIDATE DNP (8x x8 Gen3 + one x16 uplink = 80). Not 8x x16. Not a CEM mapping. Do not invent a second switch MPN.
Conn0,J49,GND,power_shared,GND,GND,GND,GND,GND,GND,GND,GND,yes,OCP-named power/ground on all 8 seats. P48V = local per-seat pour on 16 Conn0 pads after fuse keepout; NOT a 100A flood. P12V2 Unknown/may be NC. Do not tie P48V to D3000E-S1 (12 V). DO NOT ENERGIZE.
Conn0,K49,PCIE_TX7P,pcie_stub,OAM0_PCIE_TX7P,OAM1_PCIE_TX7P,OAM2_PCIE_TX7P,OAM3_PCIE_TX7P,OAM4_PCIE_TX7P,OAM5_PCIE_TX7P,OAM6_PCIE_TX7P,OAM7_PCIE_TX7P,yes,Named on all 8 seats toward PEX8780-AB80BI G CANDIDATE DNP (8x x8 Gen3 + one x16 uplink = 80). Not 8x x16. Not a CEM mapping. Do not invent a second switch MPN.
Conn0,L49,GND,power_shared,GND,GND,GND,GND,GND,GND,GND,GND,yes,OCP-named power/ground on all 8 seats. P48V = local per-seat pour on 16 Conn0 pads after fuse keepout; NOT a 100A flood. P12V2 Unknown/may be NC. Do not tie P48V to D3000E-S1 (12 V). DO NOT ENERGIZE.
Conn0,A50,GND,power_shared,GND,GND,GND,GND,GND,GND,GND,GND,yes,OCP-named power/ground on all 8 seats. P48V = local per-seat pour on 16 Conn0 pads after fuse keepout; NOT a 100A flood. P12V2 Unknown/may be NC. Do not tie P48V to D3000E-S1 (12 V). DO NOT ENERGIZE.
Conn0,B50,PCIE_RX8N,pcie_stub,OAM0_PCIE_RX8N,OAM1_PCIE_RX8N,OAM2_PCIE_RX8N,OAM3_PCIE_RX8N,OAM4_PCIE_RX8N,OAM5_PCIE_RX8N,OAM6_PCIE_RX8N,OAM7_PCIE_RX8N,yes,Named on all 8 seats toward PEX8780-AB80BI G CANDIDATE DNP (8x x8 Gen3 + one x16 uplink = 80). Not 8x x16. Not a CEM mapping. Do not invent a second switch MPN.
Conn0,C50,GND,power_shared,GND,GND,GND,GND,GND,GND,GND,GND,yes,OCP-named power/ground on all 8 seats. P48V = local per-seat pour on 16 Conn0 pads after fuse keepout; NOT a 100A flood. P12V2 Unknown/may be NC. Do not tie P48V to D3000E-S1 (12 V). DO NOT ENERGIZE.
Conn0,D50,PCIE_RX7N,pcie_stub,OAM0_PCIE_RX7N,OAM1_PCIE_RX7N,OAM2_PCIE_RX7N,OAM3_PCIE_RX7N,OAM4_PCIE_RX7N,OAM5_PCIE_RX7N,OAM6_PCIE_RX7N,OAM7_PCIE_RX7N,yes,Named on all 8 seats toward PEX8780-AB80BI G CANDIDATE DNP (8x x8 Gen3 + one x16 uplink = 80). Not 8x x16. Not a CEM mapping. Do not invent a second switch MPN.
Conn0,E50,GND,power_shared,GND,GND,GND,GND,GND,GND,GND,GND,yes,OCP-named power/ground on all 8 seats. P48V = local per-seat pour on 16 Conn0 pads after fuse keepout; NOT a 100A flood. P12V2 Unknown/may be NC. Do not tie P48V to D3000E-S1 (12 V). DO NOT ENERGIZE.
Conn0,F50,RFU,unmapped_nc,,,,,,,,,no,Named in v1.0 but AMD overlay unknown or reserved; no copper
Conn0,G50,GND,power_shared,GND,GND,GND,GND,GND,GND,GND,GND,yes,OCP-named power/ground on all 8 seats. P48V = local per-seat pour on 16 Conn0 pads after fuse keepout; NOT a 100A flood. P12V2 Unknown/may be NC. Do not tie P48V to D3000E-S1 (12 V). DO NOT ENERGIZE.
Conn0,H50,PCIE_TX8N,pcie_stub,OAM0_PCIE_TX8N,OAM1_PCIE_TX8N,OAM2_PCIE_TX8N,OAM3_PCIE_TX8N,OAM4_PCIE_TX8N,OAM5_PCIE_TX8N,OAM6_PCIE_TX8N,OAM7_PCIE_TX8N,yes,Named on all 8 seats toward PEX8780-AB80BI G CANDIDATE DNP (8x x8 Gen3 + one x16 uplink = 80). Not 8x x16. Not a CEM mapping. Do not invent a second switch MPN.
Conn0,J50,GND,power_shared,GND,GND,GND,GND,GND,GND,GND,GND,yes,OCP-named power/ground on all 8 seats. P48V = local per-seat pour on 16 Conn0 pads after fuse keepout; NOT a 100A flood. P12V2 Unknown/may be NC. Do not tie P48V to D3000E-S1 (12 V). DO NOT ENERGIZE.
Conn0,K50,PCIE_TX7N,pcie_stub,OAM0_PCIE_TX7N,OAM1_PCIE_TX7N,OAM2_PCIE_TX7N,OAM3_PCIE_TX7N,OAM4_PCIE_TX7N,OAM5_PCIE_TX7N,OAM6_PCIE_TX7N,OAM7_PCIE_TX7N,yes,Named on all 8 seats toward PEX8780-AB80BI G CANDIDATE DNP (8x x8 Gen3 + one x16 uplink = 80). Not 8x x16. Not a CEM mapping. Do not invent a second switch MPN.
Conn0,L50,GND,power_shared,GND,GND,GND,GND,GND,GND,GND,GND,yes,OCP-named power/ground on all 8 seats. P48V = local per-seat pour on 16 Conn0 pads after fuse keepout; NOT a 100A flood. P12V2 Unknown/may be NC. Do not tie P48V to D3000E-S1 (12 V). DO NOT ENERGIZE.
Conn0,A51,PCIE_RX11P,pcie_stub,OAM0_PCIE_RX11P,OAM1_PCIE_RX11P,OAM2_PCIE_RX11P,OAM3_PCIE_RX11P,OAM4_PCIE_RX11P,OAM5_PCIE_RX11P,OAM6_PCIE_RX11P,OAM7_PCIE_RX11P,yes,Named on all 8 seats toward PEX8780-AB80BI G CANDIDATE DNP (8x x8 Gen3 + one x16 uplink = 80). Not 8x x16. Not a CEM mapping. Do not invent a second switch MPN.
Conn0,B51,GND,power_shared,GND,GND,GND,GND,GND,GND,GND,GND,yes,OCP-named power/ground on all 8 seats. P48V = local per-seat pour on 16 Conn0 pads after fuse keepout; NOT a 100A flood. P12V2 Unknown/may be NC. Do not tie P48V to D3000E-S1 (12 V). DO NOT ENERGIZE.
Conn0,C51,PCIE_RX10P,pcie_stub,OAM0_PCIE_RX10P,OAM1_PCIE_RX10P,OAM2_PCIE_RX10P,OAM3_PCIE_RX10P,OAM4_PCIE_RX10P,OAM5_PCIE_RX10P,OAM6_PCIE_RX10P,OAM7_PCIE_RX10P,yes,Named on all 8 seats toward PEX8780-AB80BI G CANDIDATE DNP (8x x8 Gen3 + one x16 uplink = 80). Not 8x x16. Not a CEM mapping. Do not invent a second switch MPN.
Conn0,D51,GND,power_shared,GND,GND,GND,GND,GND,GND,GND,GND,yes,OCP-named power/ground on all 8 seats. P48V = local per-seat pour on 16 Conn0 pads after fuse keepout; NOT a 100A flood. P12V2 Unknown/may be NC. Do not tie P48V to D3000E-S1 (12 V). DO NOT ENERGIZE.
Conn0,E51,PCIE_RX9P,pcie_stub,OAM0_PCIE_RX9P,OAM1_PCIE_RX9P,OAM2_PCIE_RX9P,OAM3_PCIE_RX9P,OAM4_PCIE_RX9P,OAM5_PCIE_RX9P,OAM6_PCIE_RX9P,OAM7_PCIE_RX9P,yes,Named on all 8 seats toward PEX8780-AB80BI G CANDIDATE DNP (8x x8 Gen3 + one x16 uplink = 80). Not 8x x16. Not a CEM mapping. Do not invent a second switch MPN.
Conn0,F51,GND,power_shared,GND,GND,GND,GND,GND,GND,GND,GND,yes,OCP-named power/ground on all 8 seats. P48V = local per-seat pour on 16 Conn0 pads after fuse keepout; NOT a 100A flood. P12V2 Unknown/may be NC. Do not tie P48V to D3000E-S1 (12 V). DO NOT ENERGIZE.
Conn0,G51,PCIE_TX11P,pcie_stub,OAM0_PCIE_TX11P,OAM1_PCIE_TX11P,OAM2_PCIE_TX11P,OAM3_PCIE_TX11P,OAM4_PCIE_TX11P,OAM5_PCIE_TX11P,OAM6_PCIE_TX11P,OAM7_PCIE_TX11P,yes,Named on all 8 seats toward PEX8780-AB80BI G CANDIDATE DNP (8x x8 Gen3 + one x16 uplink = 80). Not 8x x16. Not a CEM mapping. Do not invent a second switch MPN.
Conn0,H51,GND,power_shared,GND,GND,GND,GND,GND,GND,GND,GND,yes,OCP-named power/ground on all 8 seats. P48V = local per-seat pour on 16 Conn0 pads after fuse keepout; NOT a 100A flood. P12V2 Unknown/may be NC. Do not tie P48V to D3000E-S1 (12 V). DO NOT ENERGIZE.
Conn0,J51,PCIE_TX10P,pcie_stub,OAM0_PCIE_TX10P,OAM1_PCIE_TX10P,OAM2_PCIE_TX10P,OAM3_PCIE_TX10P,OAM4_PCIE_TX10P,OAM5_PCIE_TX10P,OAM6_PCIE_TX10P,OAM7_PCIE_TX10P,yes,Named on all 8 seats toward PEX8780-AB80BI G CANDIDATE DNP (8x x8 Gen3 + one x16 uplink = 80). Not 8x x16. Not a CEM mapping. Do not invent a second switch MPN.
Conn0,K51,GND,power_shared,GND,GND,GND,GND,GND,GND,GND,GND,yes,OCP-named power/ground on all 8 seats. P48V = local per-seat pour on 16 Conn0 pads after fuse keepout; NOT a 100A flood. P12V2 Unknown/may be NC. Do not tie P48V to D3000E-S1 (12 V). DO NOT ENERGIZE.
Conn0,L51,PCIE_TX9P,pcie_stub,OAM0_PCIE_TX9P,OAM1_PCIE_TX9P,OAM2_PCIE_TX9P,OAM3_PCIE_TX9P,OAM4_PCIE_TX9P,OAM5_PCIE_TX9P,OAM6_PCIE_TX9P,OAM7_PCIE_TX9P,yes,Named on all 8 seats toward PEX8780-AB80BI G CANDIDATE DNP (8x x8 Gen3 + one x16 uplink = 80). Not 8x x16. Not a CEM mapping. Do not invent a second switch MPN.
Conn0,A52,PCIE_RX11N,pcie_stub,OAM0_PCIE_RX11N,OAM1_PCIE_RX11N,OAM2_PCIE_RX11N,OAM3_PCIE_RX11N,OAM4_PCIE_RX11N,OAM5_PCIE_RX11N,OAM6_PCIE_RX11N,OAM7_PCIE_RX11N,yes,Named on all 8 seats toward PEX8780-AB80BI G CANDIDATE DNP (8x x8 Gen3 + one x16 uplink = 80). Not 8x x16. Not a CEM mapping. Do not invent a second switch MPN.
Conn0,B52,GND,power_shared,GND,GND,GND,GND,GND,GND,GND,GND,yes,OCP-named power/ground on all 8 seats. P48V = local per-seat pour on 16 Conn0 pads after fuse keepout; NOT a 100A flood. P12V2 Unknown/may be NC. Do not tie P48V to D3000E-S1 (12 V). DO NOT ENERGIZE.
Conn0,C52,PCIE_RX10N,pcie_stub,OAM0_PCIE_RX10N,OAM1_PCIE_RX10N,OAM2_PCIE_RX10N,OAM3_PCIE_RX10N,OAM4_PCIE_RX10N,OAM5_PCIE_RX10N,OAM6_PCIE_RX10N,OAM7_PCIE_RX10N,yes,Named on all 8 seats toward PEX8780-AB80BI G CANDIDATE DNP (8x x8 Gen3 + one x16 uplink = 80). Not 8x x16. Not a CEM mapping. Do not invent a second switch MPN.
Conn0,D52,GND,power_shared,GND,GND,GND,GND,GND,GND,GND,GND,yes,OCP-named power/ground on all 8 seats. P48V = local per-seat pour on 16 Conn0 pads after fuse keepout; NOT a 100A flood. P12V2 Unknown/may be NC. Do not tie P48V to D3000E-S1 (12 V). DO NOT ENERGIZE.
Conn0,E52,PCIE_RX9N,pcie_stub,OAM0_PCIE_RX9N,OAM1_PCIE_RX9N,OAM2_PCIE_RX9N,OAM3_PCIE_RX9N,OAM4_PCIE_RX9N,OAM5_PCIE_RX9N,OAM6_PCIE_RX9N,OAM7_PCIE_RX9N,yes,Named on all 8 seats toward PEX8780-AB80BI G CANDIDATE DNP (8x x8 Gen3 + one x16 uplink = 80). Not 8x x16. Not a CEM mapping. Do not invent a second switch MPN.
Conn0,F52,GND,power_shared,GND,GND,GND,GND,GND,GND,GND,GND,yes,OCP-named power/ground on all 8 seats. P48V = local per-seat pour on 16 Conn0 pads after fuse keepout; NOT a 100A flood. P12V2 Unknown/may be NC. Do not tie P48V to D3000E-S1 (12 V). DO NOT ENERGIZE.
Conn0,G52,PCIE_TX11N,pcie_stub,OAM0_PCIE_TX11N,OAM1_PCIE_TX11N,OAM2_PCIE_TX11N,OAM3_PCIE_TX11N,OAM4_PCIE_TX11N,OAM5_PCIE_TX11N,OAM6_PCIE_TX11N,OAM7_PCIE_TX11N,yes,Named on all 8 seats toward PEX8780-AB80BI G CANDIDATE DNP (8x x8 Gen3 + one x16 uplink = 80). Not 8x x16. Not a CEM mapping. Do not invent a second switch MPN.
Conn0,H52,GND,power_shared,GND,GND,GND,GND,GND,GND,GND,GND,yes,OCP-named power/ground on all 8 seats. P48V = local per-seat pour on 16 Conn0 pads after fuse keepout; NOT a 100A flood. P12V2 Unknown/may be NC. Do not tie P48V to D3000E-S1 (12 V). DO NOT ENERGIZE.
Conn0,J52,PCIE_TX10N,pcie_stub,OAM0_PCIE_TX10N,OAM1_PCIE_TX10N,OAM2_PCIE_TX10N,OAM3_PCIE_TX10N,OAM4_PCIE_TX10N,OAM5_PCIE_TX10N,OAM6_PCIE_TX10N,OAM7_PCIE_TX10N,yes,Named on all 8 seats toward PEX8780-AB80BI G CANDIDATE DNP (8x x8 Gen3 + one x16 uplink = 80). Not 8x x16. Not a CEM mapping. Do not invent a second switch MPN.
Conn0,K52,GND,power_shared,GND,GND,GND,GND,GND,GND,GND,GND,yes,OCP-named power/ground on all 8 seats. P48V = local per-seat pour on 16 Conn0 pads after fuse keepout; NOT a 100A flood. P12V2 Unknown/may be NC. Do not tie P48V to D3000E-S1 (12 V). DO NOT ENERGIZE.
Conn0,L52,PCIE_TX9N,pcie_stub,OAM0_PCIE_TX9N,OAM1_PCIE_TX9N,OAM2_PCIE_TX9N,OAM3_PCIE_TX9N,OAM4_PCIE_TX9N,OAM5_PCIE_TX9N,OAM6_PCIE_TX9N,OAM7_PCIE_TX9N,yes,Named on all 8 seats toward PEX8780-AB80BI G CANDIDATE DNP (8x x8 Gen3 + one x16 uplink = 80). Not 8x x16. Not a CEM mapping. Do not invent a second switch MPN.
Conn0,A53,GND,power_shared,GND,GND,GND,GND,GND,GND,GND,GND,yes,OCP-named power/ground on all 8 seats. P48V = local per-seat pour on 16 Conn0 pads after fuse keepout; NOT a 100A flood. P12V2 Unknown/may be NC. Do not tie P48V to D3000E-S1 (12 V). DO NOT ENERGIZE.
Conn0,B53,PCIE_RX13P,pcie_stub,OAM0_PCIE_RX13P,OAM1_PCIE_RX13P,OAM2_PCIE_RX13P,OAM3_PCIE_RX13P,OAM4_PCIE_RX13P,OAM5_PCIE_RX13P,OAM6_PCIE_RX13P,OAM7_PCIE_RX13P,yes,Named on all 8 seats toward PEX8780-AB80BI G CANDIDATE DNP (8x x8 Gen3 + one x16 uplink = 80). Not 8x x16. Not a CEM mapping. Do not invent a second switch MPN.
Conn0,C53,GND,power_shared,GND,GND,GND,GND,GND,GND,GND,GND,yes,OCP-named power/ground on all 8 seats. P48V = local per-seat pour on 16 Conn0 pads after fuse keepout; NOT a 100A flood. P12V2 Unknown/may be NC. Do not tie P48V to D3000E-S1 (12 V). DO NOT ENERGIZE.
Conn0,D53,PCIE_RX12P,pcie_stub,OAM0_PCIE_RX12P,OAM1_PCIE_RX12P,OAM2_PCIE_RX12P,OAM3_PCIE_RX12P,OAM4_PCIE_RX12P,OAM5_PCIE_RX12P,OAM6_PCIE_RX12P,OAM7_PCIE_RX12P,yes,Named on all 8 seats toward PEX8780-AB80BI G CANDIDATE DNP (8x x8 Gen3 + one x16 uplink = 80). Not 8x x16. Not a CEM mapping. Do not invent a second switch MPN.
Conn0,E53,GND,power_shared,GND,GND,GND,GND,GND,GND,GND,GND,yes,OCP-named power/ground on all 8 seats. P48V = local per-seat pour on 16 Conn0 pads after fuse keepout; NOT a 100A flood. P12V2 Unknown/may be NC. Do not tie P48V to D3000E-S1 (12 V). DO NOT ENERGIZE.
Conn0,F53,GND,power_shared,GND,GND,GND,GND,GND,GND,GND,GND,yes,OCP-named power/ground on all 8 seats. P48V = local per-seat pour on 16 Conn0 pads after fuse keepout; NOT a 100A flood. P12V2 Unknown/may be NC. Do not tie P48V to D3000E-S1 (12 V). DO NOT ENERGIZE.
Conn0,G53,GND,power_shared,GND,GND,GND,GND,GND,GND,GND,GND,yes,OCP-named power/ground on all 8 seats. P48V = local per-seat pour on 16 Conn0 pads after fuse keepout; NOT a 100A flood. P12V2 Unknown/may be NC. Do not tie P48V to D3000E-S1 (12 V). DO NOT ENERGIZE.
Conn0,H53,PCIE_TX13P,pcie_stub,OAM0_PCIE_TX13P,OAM1_PCIE_TX13P,OAM2_PCIE_TX13P,OAM3_PCIE_TX13P,OAM4_PCIE_TX13P,OAM5_PCIE_TX13P,OAM6_PCIE_TX13P,OAM7_PCIE_TX13P,yes,Named on all 8 seats toward PEX8780-AB80BI G CANDIDATE DNP (8x x8 Gen3 + one x16 uplink = 80). Not 8x x16. Not a CEM mapping. Do not invent a second switch MPN.
Conn0,J53,GND,power_shared,GND,GND,GND,GND,GND,GND,GND,GND,yes,OCP-named power/ground on all 8 seats. P48V = local per-seat pour on 16 Conn0 pads after fuse keepout; NOT a 100A flood. P12V2 Unknown/may be NC. Do not tie P48V to D3000E-S1 (12 V). DO NOT ENERGIZE.
Conn0,K53,PCIE_TX12P,pcie_stub,OAM0_PCIE_TX12P,OAM1_PCIE_TX12P,OAM2_PCIE_TX12P,OAM3_PCIE_TX12P,OAM4_PCIE_TX12P,OAM5_PCIE_TX12P,OAM6_PCIE_TX12P,OAM7_PCIE_TX12P,yes,Named on all 8 seats toward PEX8780-AB80BI G CANDIDATE DNP (8x x8 Gen3 + one x16 uplink = 80). Not 8x x16. Not a CEM mapping. Do not invent a second switch MPN.
Conn0,L53,GND,power_shared,GND,GND,GND,GND,GND,GND,GND,GND,yes,OCP-named power/ground on all 8 seats. P48V = local per-seat pour on 16 Conn0 pads after fuse keepout; NOT a 100A flood. P12V2 Unknown/may be NC. Do not tie P48V to D3000E-S1 (12 V). DO NOT ENERGIZE.
Conn0,A54,GND,power_shared,GND,GND,GND,GND,GND,GND,GND,GND,yes,OCP-named power/ground on all 8 seats. P48V = local per-seat pour on 16 Conn0 pads after fuse keepout; NOT a 100A flood. P12V2 Unknown/may be NC. Do not tie P48V to D3000E-S1 (12 V). DO NOT ENERGIZE.
Conn0,B54,PCIE_RX13N,pcie_stub,OAM0_PCIE_RX13N,OAM1_PCIE_RX13N,OAM2_PCIE_RX13N,OAM3_PCIE_RX13N,OAM4_PCIE_RX13N,OAM5_PCIE_RX13N,OAM6_PCIE_RX13N,OAM7_PCIE_RX13N,yes,Named on all 8 seats toward PEX8780-AB80BI G CANDIDATE DNP (8x x8 Gen3 + one x16 uplink = 80). Not 8x x16. Not a CEM mapping. Do not invent a second switch MPN.
Conn0,C54,GND,power_shared,GND,GND,GND,GND,GND,GND,GND,GND,yes,OCP-named power/ground on all 8 seats. P48V = local per-seat pour on 16 Conn0 pads after fuse keepout; NOT a 100A flood. P12V2 Unknown/may be NC. Do not tie P48V to D3000E-S1 (12 V). DO NOT ENERGIZE.
Conn0,D54,PCIE_RX12N,pcie_stub,OAM0_PCIE_RX12N,OAM1_PCIE_RX12N,OAM2_PCIE_RX12N,OAM3_PCIE_RX12N,OAM4_PCIE_RX12N,OAM5_PCIE_RX12N,OAM6_PCIE_RX12N,OAM7_PCIE_RX12N,yes,Named on all 8 seats toward PEX8780-AB80BI G CANDIDATE DNP (8x x8 Gen3 + one x16 uplink = 80). Not 8x x16. Not a CEM mapping. Do not invent a second switch MPN.
Conn0,E54,GND,power_shared,GND,GND,GND,GND,GND,GND,GND,GND,yes,OCP-named power/ground on all 8 seats. P48V = local per-seat pour on 16 Conn0 pads after fuse keepout; NOT a 100A flood. P12V2 Unknown/may be NC. Do not tie P48V to D3000E-S1 (12 V). DO NOT ENERGIZE.
Conn0,F54,GND,power_shared,GND,GND,GND,GND,GND,GND,GND,GND,yes,OCP-named power/ground on all 8 seats. P48V = local per-seat pour on 16 Conn0 pads after fuse keepout; NOT a 100A flood. P12V2 Unknown/may be NC. Do not tie P48V to D3000E-S1 (12 V). DO NOT ENERGIZE.
Conn0,G54,GND,power_shared,GND,GND,GND,GND,GND,GND,GND,GND,yes,OCP-named power/ground on all 8 seats. P48V = local per-seat pour on 16 Conn0 pads after fuse keepout; NOT a 100A flood. P12V2 Unknown/may be NC. Do not tie P48V to D3000E-S1 (12 V). DO NOT ENERGIZE.
Conn0,H54,PCIE_TX13N,pcie_stub,OAM0_PCIE_TX13N,OAM1_PCIE_TX13N,OAM2_PCIE_TX13N,OAM3_PCIE_TX13N,OAM4_PCIE_TX13N,OAM5_PCIE_TX13N,OAM6_PCIE_TX13N,OAM7_PCIE_TX13N,yes,Named on all 8 seats toward PEX8780-AB80BI G CANDIDATE DNP (8x x8 Gen3 + one x16 uplink = 80). Not 8x x16. Not a CEM mapping. Do not invent a second switch MPN.
Conn0,J54,GND,power_shared,GND,GND,GND,GND,GND,GND,GND,GND,yes,OCP-named power/ground on all 8 seats. P48V = local per-seat pour on 16 Conn0 pads after fuse keepout; NOT a 100A flood. P12V2 Unknown/may be NC. Do not tie P48V to D3000E-S1 (12 V). DO NOT ENERGIZE.
Conn0,K54,PCIE_TX12N,pcie_stub,OAM0_PCIE_TX12N,OAM1_PCIE_TX12N,OAM2_PCIE_TX12N,OAM3_PCIE_TX12N,OAM4_PCIE_TX12N,OAM5_PCIE_TX12N,OAM6_PCIE_TX12N,OAM7_PCIE_TX12N,yes,Named on all 8 seats toward PEX8780-AB80BI G CANDIDATE DNP (8x x8 Gen3 + one x16 uplink = 80). Not 8x x16. Not a CEM mapping. Do not invent a second switch MPN.
Conn0,L54,GND,power_shared,GND,GND,GND,GND,GND,GND,GND,GND,yes,OCP-named power/ground on all 8 seats. P48V = local per-seat pour on 16 Conn0 pads after fuse keepout; NOT a 100A flood. P12V2 Unknown/may be NC. Do not tie P48V to D3000E-S1 (12 V). DO NOT ENERGIZE.
Conn0,A55,PCIE_RX15P,pcie_stub,OAM0_PCIE_RX15P,OAM1_PCIE_RX15P,OAM2_PCIE_RX15P,OAM3_PCIE_RX15P,OAM4_PCIE_RX15P,OAM5_PCIE_RX15P,OAM6_PCIE_RX15P,OAM7_PCIE_RX15P,yes,Named on all 8 seats toward PEX8780-AB80BI G CANDIDATE DNP (8x x8 Gen3 + one x16 uplink = 80). Not 8x x16. Not a CEM mapping. Do not invent a second switch MPN.
Conn0,B55,GND,power_shared,GND,GND,GND,GND,GND,GND,GND,GND,yes,OCP-named power/ground on all 8 seats. P48V = local per-seat pour on 16 Conn0 pads after fuse keepout; NOT a 100A flood. P12V2 Unknown/may be NC. Do not tie P48V to D3000E-S1 (12 V). DO NOT ENERGIZE.
Conn0,C55,PCIE_RX14P,pcie_stub,OAM0_PCIE_RX14P,OAM1_PCIE_RX14P,OAM2_PCIE_RX14P,OAM3_PCIE_RX14P,OAM4_PCIE_RX14P,OAM5_PCIE_RX14P,OAM6_PCIE_RX14P,OAM7_PCIE_RX14P,yes,Named on all 8 seats toward PEX8780-AB80BI G CANDIDATE DNP (8x x8 Gen3 + one x16 uplink = 80). Not 8x x16. Not a CEM mapping. Do not invent a second switch MPN.
Conn0,D55,GND,power_shared,GND,GND,GND,GND,GND,GND,GND,GND,yes,OCP-named power/ground on all 8 seats. P48V = local per-seat pour on 16 Conn0 pads after fuse keepout; NOT a 100A flood. P12V2 Unknown/may be NC. Do not tie P48V to D3000E-S1 (12 V). DO NOT ENERGIZE.
Conn0,E55,GND,power_shared,GND,GND,GND,GND,GND,GND,GND,GND,yes,OCP-named power/ground on all 8 seats. P48V = local per-seat pour on 16 Conn0 pads after fuse keepout; NOT a 100A flood. P12V2 Unknown/may be NC. Do not tie P48V to D3000E-S1 (12 V). DO NOT ENERGIZE.
Conn0,F55,GND,power_shared,GND,GND,GND,GND,GND,GND,GND,GND,yes,OCP-named power/ground on all 8 seats. P48V = local per-seat pour on 16 Conn0 pads after fuse keepout; NOT a 100A flood. P12V2 Unknown/may be NC. Do not tie P48V to D3000E-S1 (12 V). DO NOT ENERGIZE.
Conn0,G55,GND,power_shared,GND,GND,GND,GND,GND,GND,GND,GND,yes,OCP-named power/ground on all 8 seats. P48V = local per-seat pour on 16 Conn0 pads after fuse keepout; NOT a 100A flood. P12V2 Unknown/may be NC. Do not tie P48V to D3000E-S1 (12 V). DO NOT ENERGIZE.
Conn0,H55,GND,power_shared,GND,GND,GND,GND,GND,GND,GND,GND,yes,OCP-named power/ground on all 8 seats. P48V = local per-seat pour on 16 Conn0 pads after fuse keepout; NOT a 100A flood. P12V2 Unknown/may be NC. Do not tie P48V to D3000E-S1 (12 V). DO NOT ENERGIZE.
Conn0,J55,PCIE_TX15P,pcie_stub,OAM0_PCIE_TX15P,OAM1_PCIE_TX15P,OAM2_PCIE_TX15P,OAM3_PCIE_TX15P,OAM4_PCIE_TX15P,OAM5_PCIE_TX15P,OAM6_PCIE_TX15P,OAM7_PCIE_TX15P,yes,Named on all 8 seats toward PEX8780-AB80BI G CANDIDATE DNP (8x x8 Gen3 + one x16 uplink = 80). Not 8x x16. Not a CEM mapping. Do not invent a second switch MPN.
Conn0,K55,GND,power_shared,GND,GND,GND,GND,GND,GND,GND,GND,yes,OCP-named power/ground on all 8 seats. P48V = local per-seat pour on 16 Conn0 pads after fuse keepout; NOT a 100A flood. P12V2 Unknown/may be NC. Do not tie P48V to D3000E-S1 (12 V). DO NOT ENERGIZE.
Conn0,L55,PCIE_TX14P,pcie_stub,OAM0_PCIE_TX14P,OAM1_PCIE_TX14P,OAM2_PCIE_TX14P,OAM3_PCIE_TX14P,OAM4_PCIE_TX14P,OAM5_PCIE_TX14P,OAM6_PCIE_TX14P,OAM7_PCIE_TX14P,yes,Named on all 8 seats toward PEX8780-AB80BI G CANDIDATE DNP (8x x8 Gen3 + one x16 uplink = 80). Not 8x x16. Not a CEM mapping. Do not invent a second switch MPN.
Conn0,A56,PCIE_RX15N,pcie_stub,OAM0_PCIE_RX15N,OAM1_PCIE_RX15N,OAM2_PCIE_RX15N,OAM3_PCIE_RX15N,OAM4_PCIE_RX15N,OAM5_PCIE_RX15N,OAM6_PCIE_RX15N,OAM7_PCIE_RX15N,yes,Named on all 8 seats toward PEX8780-AB80BI G CANDIDATE DNP (8x x8 Gen3 + one x16 uplink = 80). Not 8x x16. Not a CEM mapping. Do not invent a second switch MPN.
Conn0,B56,GND,power_shared,GND,GND,GND,GND,GND,GND,GND,GND,yes,OCP-named power/ground on all 8 seats. P48V = local per-seat pour on 16 Conn0 pads after fuse keepout; NOT a 100A flood. P12V2 Unknown/may be NC. Do not tie P48V to D3000E-S1 (12 V). DO NOT ENERGIZE.
Conn0,C56,PCIE_RX14N,pcie_stub,OAM0_PCIE_RX14N,OAM1_PCIE_RX14N,OAM2_PCIE_RX14N,OAM3_PCIE_RX14N,OAM4_PCIE_RX14N,OAM5_PCIE_RX14N,OAM6_PCIE_RX14N,OAM7_PCIE_RX14N,yes,Named on all 8 seats toward PEX8780-AB80BI G CANDIDATE DNP (8x x8 Gen3 + one x16 uplink = 80). Not 8x x16. Not a CEM mapping. Do not invent a second switch MPN.
Conn0,D56,GND,power_shared,GND,GND,GND,GND,GND,GND,GND,GND,yes,OCP-named power/ground on all 8 seats. P48V = local per-seat pour on 16 Conn0 pads after fuse keepout; NOT a 100A flood. P12V2 Unknown/may be NC. Do not tie P48V to D3000E-S1 (12 V). DO NOT ENERGIZE.
Conn0,E56,GND,power_shared,GND,GND,GND,GND,GND,GND,GND,GND,yes,OCP-named power/ground on all 8 seats. P48V = local per-seat pour on 16 Conn0 pads after fuse keepout; NOT a 100A flood. P12V2 Unknown/may be NC. Do not tie P48V to D3000E-S1 (12 V). DO NOT ENERGIZE.
Conn0,F56,GND,power_shared,GND,GND,GND,GND,GND,GND,GND,GND,yes,OCP-named power/ground on all 8 seats. P48V = local per-seat pour on 16 Conn0 pads after fuse keepout; NOT a 100A flood. P12V2 Unknown/may be NC. Do not tie P48V to D3000E-S1 (12 V). DO NOT ENERGIZE.
Conn0,G56,GND,power_shared,GND,GND,GND,GND,GND,GND,GND,GND,yes,OCP-named power/ground on all 8 seats. P48V = local per-seat pour on 16 Conn0 pads after fuse keepout; NOT a 100A flood. P12V2 Unknown/may be NC. Do not tie P48V to D3000E-S1 (12 V). DO NOT ENERGIZE.
Conn0,H56,GND,power_shared,GND,GND,GND,GND,GND,GND,GND,GND,yes,OCP-named power/ground on all 8 seats. P48V = local per-seat pour on 16 Conn0 pads after fuse keepout; NOT a 100A flood. P12V2 Unknown/may be NC. Do not tie P48V to D3000E-S1 (12 V). DO NOT ENERGIZE.
Conn0,J56,PCIE_TX15N,pcie_stub,OAM0_PCIE_TX15N,OAM1_PCIE_TX15N,OAM2_PCIE_TX15N,OAM3_PCIE_TX15N,OAM4_PCIE_TX15N,OAM5_PCIE_TX15N,OAM6_PCIE_TX15N,OAM7_PCIE_TX15N,yes,Named on all 8 seats toward PEX8780-AB80BI G CANDIDATE DNP (8x x8 Gen3 + one x16 uplink = 80). Not 8x x16. Not a CEM mapping. Do not invent a second switch MPN.
Conn0,K56,GND,power_shared,GND,GND,GND,GND,GND,GND,GND,GND,yes,OCP-named power/ground on all 8 seats. P48V = local per-seat pour on 16 Conn0 pads after fuse keepout; NOT a 100A flood. P12V2 Unknown/may be NC. Do not tie P48V to D3000E-S1 (12 V). DO NOT ENERGIZE.
Conn0,L56,PCIE_TX14N,pcie_stub,OAM0_PCIE_TX14N,OAM1_PCIE_TX14N,OAM2_PCIE_TX14N,OAM3_PCIE_TX14N,OAM4_PCIE_TX14N,OAM5_PCIE_TX14N,OAM6_PCIE_TX14N,OAM7_PCIE_TX14N,yes,Named on all 8 seats toward PEX8780-AB80BI G CANDIDATE DNP (8x x8 Gen3 + one x16 uplink = 80). Not 8x x16. Not a CEM mapping. Do not invent a second switch MPN.
Conn0,A57,GND,power_shared,GND,GND,GND,GND,GND,GND,GND,GND,yes,OCP-named power/ground on all 8 seats. P48V = local per-seat pour on 16 Conn0 pads after fuse keepout; NOT a 100A flood. P12V2 Unknown/may be NC. Do not tie P48V to D3000E-S1 (12 V). DO NOT ENERGIZE.
Conn0,B57,GND,power_shared,GND,GND,GND,GND,GND,GND,GND,GND,yes,OCP-named power/ground on all 8 seats. P48V = local per-seat pour on 16 Conn0 pads after fuse keepout; NOT a 100A flood. P12V2 Unknown/may be NC. Do not tie P48V to D3000E-S1 (12 V). DO NOT ENERGIZE.
Conn0,C57,GND,power_shared,GND,GND,GND,GND,GND,GND,GND,GND,yes,OCP-named power/ground on all 8 seats. P48V = local per-seat pour on 16 Conn0 pads after fuse keepout; NOT a 100A flood. P12V2 Unknown/may be NC. Do not tie P48V to D3000E-S1 (12 V). DO NOT ENERGIZE.
Conn0,D57,GND,power_shared,GND,GND,GND,GND,GND,GND,GND,GND,yes,OCP-named power/ground on all 8 seats. P48V = local per-seat pour on 16 Conn0 pads after fuse keepout; NOT a 100A flood. P12V2 Unknown/may be NC. Do not tie P48V to D3000E-S1 (12 V). DO NOT ENERGIZE.
Conn0,E57,GND,power_shared,GND,GND,GND,GND,GND,GND,GND,GND,yes,OCP-named power/ground on all 8 seats. P48V = local per-seat pour on 16 Conn0 pads after fuse keepout; NOT a 100A flood. P12V2 Unknown/may be NC. Do not tie P48V to D3000E-S1 (12 V). DO NOT ENERGIZE.
Conn0,F57,GND,power_shared,GND,GND,GND,GND,GND,GND,GND,GND,yes,OCP-named power/ground on all 8 seats. P48V = local per-seat pour on 16 Conn0 pads after fuse keepout; NOT a 100A flood. P12V2 Unknown/may be NC. Do not tie P48V to D3000E-S1 (12 V). DO NOT ENERGIZE.
Conn0,G57,GND,power_shared,GND,GND,GND,GND,GND,GND,GND,GND,yes,OCP-named power/ground on all 8 seats. P48V = local per-seat pour on 16 Conn0 pads after fuse keepout; NOT a 100A flood. P12V2 Unknown/may be NC. Do not tie P48V to D3000E-S1 (12 V). DO NOT ENERGIZE.
Conn0,H57,GND,power_shared,GND,GND,GND,GND,GND,GND,GND,GND,yes,OCP-named power/ground on all 8 seats. P48V = local per-seat pour on 16 Conn0 pads after fuse keepout; NOT a 100A flood. P12V2 Unknown/may be NC. Do not tie P48V to D3000E-S1 (12 V). DO NOT ENERGIZE.
Conn0,J57,GND,power_shared,GND,GND,GND,GND,GND,GND,GND,GND,yes,OCP-named power/ground on all 8 seats. P48V = local per-seat pour on 16 Conn0 pads after fuse keepout; NOT a 100A flood. P12V2 Unknown/may be NC. Do not tie P48V to D3000E-S1 (12 V). DO NOT ENERGIZE.
Conn0,K57,GND,power_shared,GND,GND,GND,GND,GND,GND,GND,GND,yes,OCP-named power/ground on all 8 seats. P48V = local per-seat pour on 16 Conn0 pads after fuse keepout; NOT a 100A flood. P12V2 Unknown/may be NC. Do not tie P48V to D3000E-S1 (12 V). DO NOT ENERGIZE.
Conn0,L57,GND,power_shared,GND,GND,GND,GND,GND,GND,GND,GND,yes,OCP-named power/ground on all 8 seats. P48V = local per-seat pour on 16 Conn0 pads after fuse keepout; NOT a 100A flood. P12V2 Unknown/may be NC. Do not tie P48V to D3000E-S1 (12 V). DO NOT ENERGIZE.
Conn0,A58,GND,power_shared,GND,GND,GND,GND,GND,GND,GND,GND,yes,OCP-named power/ground on all 8 seats. P48V = local per-seat pour on 16 Conn0 pads after fuse keepout; NOT a 100A flood. P12V2 Unknown/may be NC. Do not tie P48V to D3000E-S1 (12 V). DO NOT ENERGIZE.
Conn0,B58,GND,power_shared,GND,GND,GND,GND,GND,GND,GND,GND,yes,OCP-named power/ground on all 8 seats. P48V = local per-seat pour on 16 Conn0 pads after fuse keepout; NOT a 100A flood. P12V2 Unknown/may be NC. Do not tie P48V to D3000E-S1 (12 V). DO NOT ENERGIZE.
Conn0,C58,GND,power_shared,GND,GND,GND,GND,GND,GND,GND,GND,yes,OCP-named power/ground on all 8 seats. P48V = local per-seat pour on 16 Conn0 pads after fuse keepout; NOT a 100A flood. P12V2 Unknown/may be NC. Do not tie P48V to D3000E-S1 (12 V). DO NOT ENERGIZE.
Conn0,D58,GND,power_shared,GND,GND,GND,GND,GND,GND,GND,GND,yes,OCP-named power/ground on all 8 seats. P48V = local per-seat pour on 16 Conn0 pads after fuse keepout; NOT a 100A flood. P12V2 Unknown/may be NC. Do not tie P48V to D3000E-S1 (12 V). DO NOT ENERGIZE.
Conn0,E58,GND,power_shared,GND,GND,GND,GND,GND,GND,GND,GND,yes,OCP-named power/ground on all 8 seats. P48V = local per-seat pour on 16 Conn0 pads after fuse keepout; NOT a 100A flood. P12V2 Unknown/may be NC. Do not tie P48V to D3000E-S1 (12 V). DO NOT ENERGIZE.
Conn0,F58,GND,power_shared,GND,GND,GND,GND,GND,GND,GND,GND,yes,OCP-named power/ground on all 8 seats. P48V = local per-seat pour on 16 Conn0 pads after fuse keepout; NOT a 100A flood. P12V2 Unknown/may be NC. Do not tie P48V to D3000E-S1 (12 V). DO NOT ENERGIZE.
Conn0,G58,GND,power_shared,GND,GND,GND,GND,GND,GND,GND,GND,yes,OCP-named power/ground on all 8 seats. P48V = local per-seat pour on 16 Conn0 pads after fuse keepout; NOT a 100A flood. P12V2 Unknown/may be NC. Do not tie P48V to D3000E-S1 (12 V). DO NOT ENERGIZE.
Conn0,H58,DO_NOT_USE,unmapped_nc,,,,,,,,,no,Named in v1.0 but AMD overlay unknown or reserved; no copper
Conn0,J58,GND,power_shared,GND,GND,GND,GND,GND,GND,GND,GND,yes,OCP-named power/ground on all 8 seats. P48V = local per-seat pour on 16 Conn0 pads after fuse keepout; NOT a 100A flood. P12V2 Unknown/may be NC. Do not tie P48V to D3000E-S1 (12 V). DO NOT ENERGIZE.
Conn0,K58,DO_NOT_USE,unmapped_nc,,,,,,,,,no,Named in v1.0 but AMD overlay unknown or reserved; no copper
Conn0,L58,GND,power_shared,GND,GND,GND,GND,GND,GND,GND,GND,yes,OCP-named power/ground on all 8 seats. P48V = local per-seat pour on 16 Conn0 pads after fuse keepout; NOT a 100A flood. P12V2 Unknown/may be NC. Do not tie P48V to D3000E-S1 (12 V). DO NOT ENERGIZE.
Conn0,A59,P12V1,power_shared,P12V1,P12V1,P12V1,P12V1,P12V1,P12V1,P12V1,P12V1,yes,OCP-named power/ground on all 8 seats. P48V = local per-seat pour on 16 Conn0 pads after fuse keepout; NOT a 100A flood. P12V2 Unknown/may be NC. Do not tie P48V to D3000E-S1 (12 V). DO NOT ENERGIZE.
Conn0,B59,P12V2,power_shared,P12V2,P12V2,P12V2,P12V2,P12V2,P12V2,P12V2,P12V2,yes,OCP-named power/ground on all 8 seats. P48V = local per-seat pour on 16 Conn0 pads after fuse keepout; NOT a 100A flood. P12V2 Unknown/may be NC. Do not tie P48V to D3000E-S1 (12 V). DO NOT ENERGIZE.
Conn0,C59,P12V2,power_shared,P12V2,P12V2,P12V2,P12V2,P12V2,P12V2,P12V2,P12V2,yes,OCP-named power/ground on all 8 seats. P48V = local per-seat pour on 16 Conn0 pads after fuse keepout; NOT a 100A flood. P12V2 Unknown/may be NC. Do not tie P48V to D3000E-S1 (12 V). DO NOT ENERGIZE.
Conn0,D59,P12V2,power_shared,P12V2,P12V2,P12V2,P12V2,P12V2,P12V2,P12V2,P12V2,yes,OCP-named power/ground on all 8 seats. P48V = local per-seat pour on 16 Conn0 pads after fuse keepout; NOT a 100A flood. P12V2 Unknown/may be NC. Do not tie P48V to D3000E-S1 (12 V). DO NOT ENERGIZE.
Conn0,E59,P12V2,power_shared,P12V2,P12V2,P12V2,P12V2,P12V2,P12V2,P12V2,P12V2,yes,OCP-named power/ground on all 8 seats. P48V = local per-seat pour on 16 Conn0 pads after fuse keepout; NOT a 100A flood. P12V2 Unknown/may be NC. Do not tie P48V to D3000E-S1 (12 V). DO NOT ENERGIZE.
Conn0,F59,P12V2,power_shared,P12V2,P12V2,P12V2,P12V2,P12V2,P12V2,P12V2,P12V2,yes,OCP-named power/ground on all 8 seats. P48V = local per-seat pour on 16 Conn0 pads after fuse keepout; NOT a 100A flood. P12V2 Unknown/may be NC. Do not tie P48V to D3000E-S1 (12 V). DO NOT ENERGIZE.
Conn0,G59,GND,power_shared,GND,GND,GND,GND,GND,GND,GND,GND,yes,OCP-named power/ground on all 8 seats. P48V = local per-seat pour on 16 Conn0 pads after fuse keepout; NOT a 100A flood. P12V2 Unknown/may be NC. Do not tie P48V to D3000E-S1 (12 V). DO NOT ENERGIZE.
Conn0,H59,P48V,power_shared,P48V,P48V,P48V,P48V,P48V,P48V,P48V,P48V,yes,OCP-named power/ground on all 8 seats. P48V = local per-seat pour on 16 Conn0 pads after fuse keepout; NOT a 100A flood. P12V2 Unknown/may be NC. Do not tie P48V to D3000E-S1 (12 V). DO NOT ENERGIZE.
Conn0,J59,GND,power_shared,GND,GND,GND,GND,GND,GND,GND,GND,yes,OCP-named power/ground on all 8 seats. P48V = local per-seat pour on 16 Conn0 pads after fuse keepout; NOT a 100A flood. P12V2 Unknown/may be NC. Do not tie P48V to D3000E-S1 (12 V). DO NOT ENERGIZE.
Conn0,K59,P48V,power_shared,P48V,P48V,P48V,P48V,P48V,P48V,P48V,P48V,yes,OCP-named power/ground on all 8 seats. P48V = local per-seat pour on 16 Conn0 pads after fuse keepout; NOT a 100A flood. P12V2 Unknown/may be NC. Do not tie P48V to D3000E-S1 (12 V). DO NOT ENERGIZE.
Conn0,L59,GND,power_shared,GND,GND,GND,GND,GND,GND,GND,GND,yes,OCP-named power/ground on all 8 seats. P48V = local per-seat pour on 16 Conn0 pads after fuse keepout; NOT a 100A flood. P12V2 Unknown/may be NC. Do not tie P48V to D3000E-S1 (12 V). DO NOT ENERGIZE.
Conn0,A60,P12V1,power_shared,P12V1,P12V1,P12V1,P12V1,P12V1,P12V1,P12V1,P12V1,yes,OCP-named power/ground on all 8 seats. P48V = local per-seat pour on 16 Conn0 pads after fuse keepout; NOT a 100A flood. P12V2 Unknown/may be NC. Do not tie P48V to D3000E-S1 (12 V). DO NOT ENERGIZE.
Conn0,B60,P12V2,power_shared,P12V2,P12V2,P12V2,P12V2,P12V2,P12V2,P12V2,P12V2,yes,OCP-named power/ground on all 8 seats. P48V = local per-seat pour on 16 Conn0 pads after fuse keepout; NOT a 100A flood. P12V2 Unknown/may be NC. Do not tie P48V to D3000E-S1 (12 V). DO NOT ENERGIZE.
Conn0,C60,P12V2,power_shared,P12V2,P12V2,P12V2,P12V2,P12V2,P12V2,P12V2,P12V2,yes,OCP-named power/ground on all 8 seats. P48V = local per-seat pour on 16 Conn0 pads after fuse keepout; NOT a 100A flood. P12V2 Unknown/may be NC. Do not tie P48V to D3000E-S1 (12 V). DO NOT ENERGIZE.
Conn0,D60,P12V2,power_shared,P12V2,P12V2,P12V2,P12V2,P12V2,P12V2,P12V2,P12V2,yes,OCP-named power/ground on all 8 seats. P48V = local per-seat pour on 16 Conn0 pads after fuse keepout; NOT a 100A flood. P12V2 Unknown/may be NC. Do not tie P48V to D3000E-S1 (12 V). DO NOT ENERGIZE.
Conn0,E60,P12V2,power_shared,P12V2,P12V2,P12V2,P12V2,P12V2,P12V2,P12V2,P12V2,yes,OCP-named power/ground on all 8 seats. P48V = local per-seat pour on 16 Conn0 pads after fuse keepout; NOT a 100A flood. P12V2 Unknown/may be NC. Do not tie P48V to D3000E-S1 (12 V). DO NOT ENERGIZE.
Conn0,F60,P12V2,power_shared,P12V2,P12V2,P12V2,P12V2,P12V2,P12V2,P12V2,P12V2,yes,OCP-named power/ground on all 8 seats. P48V = local per-seat pour on 16 Conn0 pads after fuse keepout; NOT a 100A flood. P12V2 Unknown/may be NC. Do not tie P48V to D3000E-S1 (12 V). DO NOT ENERGIZE.
Conn0,G60,GND,power_shared,GND,GND,GND,GND,GND,GND,GND,GND,yes,OCP-named power/ground on all 8 seats. P48V = local per-seat pour on 16 Conn0 pads after fuse keepout; NOT a 100A flood. P12V2 Unknown/may be NC. Do not tie P48V to D3000E-S1 (12 V). DO NOT ENERGIZE.
Conn0,H60,P48V,power_shared,P48V,P48V,P48V,P48V,P48V,P48V,P48V,P48V,yes,OCP-named power/ground on all 8 seats. P48V = local per-seat pour on 16 Conn0 pads after fuse keepout; NOT a 100A flood. P12V2 Unknown/may be NC. Do not tie P48V to D3000E-S1 (12 V). DO NOT ENERGIZE.
Conn0,J60,DO_NOT_USE,unmapped_nc,,,,,,,,,no,Named in v1.0 but AMD overlay unknown or reserved; no copper
Conn0,K60,P48V,power_shared,P48V,P48V,P48V,P48V,P48V,P48V,P48V,P48V,yes,OCP-named power/ground on all 8 seats. P48V = local per-seat pour on 16 Conn0 pads after fuse keepout; NOT a 100A flood. P12V2 Unknown/may be NC. Do not tie P48V to D3000E-S1 (12 V). DO NOT ENERGIZE.
Conn0,L60,DO_NOT_USE,unmapped_nc,,,,,,,,,no,Named in v1.0 but AMD overlay unknown or reserved; no copper
Conn0,A61,P12V1,power_shared,P12V1,P12V1,P12V1,P12V1,P12V1,P12V1,P12V1,P12V1,yes,OCP-named power/ground on all 8 seats. P48V = local per-seat pour on 16 Conn0 pads after fuse keepout; NOT a 100A flood. P12V2 Unknown/may be NC. Do not tie P48V to D3000E-S1 (12 V). DO NOT ENERGIZE.
Conn0,B61,P12V2,power_shared,P12V2,P12V2,P12V2,P12V2,P12V2,P12V2,P12V2,P12V2,yes,OCP-named power/ground on all 8 seats. P48V = local per-seat pour on 16 Conn0 pads after fuse keepout; NOT a 100A flood. P12V2 Unknown/may be NC. Do not tie P48V to D3000E-S1 (12 V). DO NOT ENERGIZE.
Conn0,C61,P12V2,power_shared,P12V2,P12V2,P12V2,P12V2,P12V2,P12V2,P12V2,P12V2,yes,OCP-named power/ground on all 8 seats. P48V = local per-seat pour on 16 Conn0 pads after fuse keepout; NOT a 100A flood. P12V2 Unknown/may be NC. Do not tie P48V to D3000E-S1 (12 V). DO NOT ENERGIZE.
Conn0,D61,P12V2,power_shared,P12V2,P12V2,P12V2,P12V2,P12V2,P12V2,P12V2,P12V2,yes,OCP-named power/ground on all 8 seats. P48V = local per-seat pour on 16 Conn0 pads after fuse keepout; NOT a 100A flood. P12V2 Unknown/may be NC. Do not tie P48V to D3000E-S1 (12 V). DO NOT ENERGIZE.
Conn0,E61,P12V2,power_shared,P12V2,P12V2,P12V2,P12V2,P12V2,P12V2,P12V2,P12V2,yes,OCP-named power/ground on all 8 seats. P48V = local per-seat pour on 16 Conn0 pads after fuse keepout; NOT a 100A flood. P12V2 Unknown/may be NC. Do not tie P48V to D3000E-S1 (12 V). DO NOT ENERGIZE.
Conn0,F61,P12V2,power_shared,P12V2,P12V2,P12V2,P12V2,P12V2,P12V2,P12V2,P12V2,yes,OCP-named power/ground on all 8 seats. P48V = local per-seat pour on 16 Conn0 pads after fuse keepout; NOT a 100A flood. P12V2 Unknown/may be NC. Do not tie P48V to D3000E-S1 (12 V). DO NOT ENERGIZE.
Conn0,G61,GND,power_shared,GND,GND,GND,GND,GND,GND,GND,GND,yes,OCP-named power/ground on all 8 seats. P48V = local per-seat pour on 16 Conn0 pads after fuse keepout; NOT a 100A flood. P12V2 Unknown/may be NC. Do not tie P48V to D3000E-S1 (12 V). DO NOT ENERGIZE.
Conn0,H61,P48V,power_shared,P48V,P48V,P48V,P48V,P48V,P48V,P48V,P48V,yes,OCP-named power/ground on all 8 seats. P48V = local per-seat pour on 16 Conn0 pads after fuse keepout; NOT a 100A flood. P12V2 Unknown/may be NC. Do not tie P48V to D3000E-S1 (12 V). DO NOT ENERGIZE.
Conn0,J61,P48V,power_shared,P48V,P48V,P48V,P48V,P48V,P48V,P48V,P48V,yes,OCP-named power/ground on all 8 seats. P48V = local per-seat pour on 16 Conn0 pads after fuse keepout; NOT a 100A flood. P12V2 Unknown/may be NC. Do not tie P48V to D3000E-S1 (12 V). DO NOT ENERGIZE.
Conn0,K61,P48V,power_shared,P48V,P48V,P48V,P48V,P48V,P48V,P48V,P48V,yes,OCP-named power/ground on all 8 seats. P48V = local per-seat pour on 16 Conn0 pads after fuse keepout; NOT a 100A flood. P12V2 Unknown/may be NC. Do not tie P48V to D3000E-S1 (12 V). DO NOT ENERGIZE.
Conn0,L61,P48V,power_shared,P48V,P48V,P48V,P48V,P48V,P48V,P48V,P48V,yes,OCP-named power/ground on all 8 seats. P48V = local per-seat pour on 16 Conn0 pads after fuse keepout; NOT a 100A flood. P12V2 Unknown/may be NC. Do not tie P48V to D3000E-S1 (12 V). DO NOT ENERGIZE.
Conn0,A62,P12V1,power_shared,P12V1,P12V1,P12V1,P12V1,P12V1,P12V1,P12V1,P12V1,yes,OCP-named power/ground on all 8 seats. P48V = local per-seat pour on 16 Conn0 pads after fuse keepout; NOT a 100A flood. P12V2 Unknown/may be NC. Do not tie P48V to D3000E-S1 (12 V). DO NOT ENERGIZE.
Conn0,B62,P12V1,power_shared,P12V1,P12V1,P12V1,P12V1,P12V1,P12V1,P12V1,P12V1,yes,OCP-named power/ground on all 8 seats. P48V = local per-seat pour on 16 Conn0 pads after fuse keepout; NOT a 100A flood. P12V2 Unknown/may be NC. Do not tie P48V to D3000E-S1 (12 V). DO NOT ENERGIZE.
Conn0,C62,P12V2,power_shared,P12V2,P12V2,P12V2,P12V2,P12V2,P12V2,P12V2,P12V2,yes,OCP-named power/ground on all 8 seats. P48V = local per-seat pour on 16 Conn0 pads after fuse keepout; NOT a 100A flood. P12V2 Unknown/may be NC. Do not tie P48V to D3000E-S1 (12 V). DO NOT ENERGIZE.
Conn0,D62,P12V2,power_shared,P12V2,P12V2,P12V2,P12V2,P12V2,P12V2,P12V2,P12V2,yes,OCP-named power/ground on all 8 seats. P48V = local per-seat pour on 16 Conn0 pads after fuse keepout; NOT a 100A flood. P12V2 Unknown/may be NC. Do not tie P48V to D3000E-S1 (12 V). DO NOT ENERGIZE.
Conn0,E62,P12V2,power_shared,P12V2,P12V2,P12V2,P12V2,P12V2,P12V2,P12V2,P12V2,yes,OCP-named power/ground on all 8 seats. P48V = local per-seat pour on 16 Conn0 pads after fuse keepout; NOT a 100A flood. P12V2 Unknown/may be NC. Do not tie P48V to D3000E-S1 (12 V). DO NOT ENERGIZE.
Conn0,F62,P12V2,power_shared,P12V2,P12V2,P12V2,P12V2,P12V2,P12V2,P12V2,P12V2,yes,OCP-named power/ground on all 8 seats. P48V = local per-seat pour on 16 Conn0 pads after fuse keepout; NOT a 100A flood. P12V2 Unknown/may be NC. Do not tie P48V to D3000E-S1 (12 V). DO NOT ENERGIZE.
Conn0,G62,GND,power_shared,GND,GND,GND,GND,GND,GND,GND,GND,yes,OCP-named power/ground on all 8 seats. P48V = local per-seat pour on 16 Conn0 pads after fuse keepout; NOT a 100A flood. P12V2 Unknown/may be NC. Do not tie P48V to D3000E-S1 (12 V). DO NOT ENERGIZE.
Conn0,H62,P48V,power_shared,P48V,P48V,P48V,P48V,P48V,P48V,P48V,P48V,yes,OCP-named power/ground on all 8 seats. P48V = local per-seat pour on 16 Conn0 pads after fuse keepout; NOT a 100A flood. P12V2 Unknown/may be NC. Do not tie P48V to D3000E-S1 (12 V). DO NOT ENERGIZE.
Conn0,J62,P48V,power_shared,P48V,P48V,P48V,P48V,P48V,P48V,P48V,P48V,yes,OCP-named power/ground on all 8 seats. P48V = local per-seat pour on 16 Conn0 pads after fuse keepout; NOT a 100A flood. P12V2 Unknown/may be NC. Do not tie P48V to D3000E-S1 (12 V). DO NOT ENERGIZE.
Conn0,K62,P48V,power_shared,P48V,P48V,P48V,P48V,P48V,P48V,P48V,P48V,yes,OCP-named power/ground on all 8 seats. P48V = local per-seat pour on 16 Conn0 pads after fuse keepout; NOT a 100A flood. P12V2 Unknown/may be NC. Do not tie P48V to D3000E-S1 (12 V). DO NOT ENERGIZE.
Conn0,L62,P48V,power_shared,P48V,P48V,P48V,P48V,P48V,P48V,P48V,P48V,yes,OCP-named power/ground on all 8 seats. P48V = local per-seat pour on 16 Conn0 pads after fuse keepout; NOT a 100A flood. P12V2 Unknown/may be NC. Do not tie P48V to D3000E-S1 (12 V). DO NOT ENERGIZE.
Conn0,C63,P12V2,power_shared,P12V2,P12V2,P12V2,P12V2,P12V2,P12V2,P12V2,P12V2,yes,OCP-named power/ground on all 8 seats. P48V = local per-seat pour on 16 Conn0 pads after fuse keepout; NOT a 100A flood. P12V2 Unknown/may be NC. Do not tie P48V to D3000E-S1 (12 V). DO NOT ENERGIZE.
Conn0,D63,P12V2,power_shared,P12V2,P12V2,P12V2,P12V2,P12V2,P12V2,P12V2,P12V2,yes,OCP-named power/ground on all 8 seats. P48V = local per-seat pour on 16 Conn0 pads after fuse keepout; NOT a 100A flood. P12V2 Unknown/may be NC. Do not tie P48V to D3000E-S1 (12 V). DO NOT ENERGIZE.
Conn0,E63,P12V2,power_shared,P12V2,P12V2,P12V2,P12V2,P12V2,P12V2,P12V2,P12V2,yes,OCP-named power/ground on all 8 seats. P48V = local per-seat pour on 16 Conn0 pads after fuse keepout; NOT a 100A flood. P12V2 Unknown/may be NC. Do not tie P48V to D3000E-S1 (12 V). DO NOT ENERGIZE.
Conn0,F63,P12V2,power_shared,P12V2,P12V2,P12V2,P12V2,P12V2,P12V2,P12V2,P12V2,yes,OCP-named power/ground on all 8 seats. P48V = local per-seat pour on 16 Conn0 pads after fuse keepout; NOT a 100A flood. P12V2 Unknown/may be NC. Do not tie P48V to D3000E-S1 (12 V). DO NOT ENERGIZE.
Conn0,G63,GND,power_shared,GND,GND,GND,GND,GND,GND,GND,GND,yes,OCP-named power/ground on all 8 seats. P48V = local per-seat pour on 16 Conn0 pads after fuse keepout; NOT a 100A flood. P12V2 Unknown/may be NC. Do not tie P48V to D3000E-S1 (12 V). DO NOT ENERGIZE.
Conn0,H63,P48V,power_shared,P48V,P48V,P48V,P48V,P48V,P48V,P48V,P48V,yes,OCP-named power/ground on all 8 seats. P48V = local per-seat pour on 16 Conn0 pads after fuse keepout; NOT a 100A flood. P12V2 Unknown/may be NC. Do not tie P48V to D3000E-S1 (12 V). DO NOT ENERGIZE.
Conn0,J63,P48V,power_shared,P48V,P48V,P48V,P48V,P48V,P48V,P48V,P48V,yes,OCP-named power/ground on all 8 seats. P48V = local per-seat pour on 16 Conn0 pads after fuse keepout; NOT a 100A flood. P12V2 Unknown/may be NC. Do not tie P48V to D3000E-S1 (12 V). DO NOT ENERGIZE.
Conn0,C64,P12V2,power_shared,P12V2,P12V2,P12V2,P12V2,P12V2,P12V2,P12V2,P12V2,yes,OCP-named power/ground on all 8 seats. P48V = local per-seat pour on 16 Conn0 pads after fuse keepout; NOT a 100A flood. P12V2 Unknown/may be NC. Do not tie P48V to D3000E-S1 (12 V). DO NOT ENERGIZE.
Conn0,D64,P12V2,power_shared,P12V2,P12V2,P12V2,P12V2,P12V2,P12V2,P12V2,P12V2,yes,OCP-named power/ground on all 8 seats. P48V = local per-seat pour on 16 Conn0 pads after fuse keepout; NOT a 100A flood. P12V2 Unknown/may be NC. Do not tie P48V to D3000E-S1 (12 V). DO NOT ENERGIZE.
Conn0,E64,P12V2,power_shared,P12V2,P12V2,P12V2,P12V2,P12V2,P12V2,P12V2,P12V2,yes,OCP-named power/ground on all 8 seats. P48V = local per-seat pour on 16 Conn0 pads after fuse keepout; NOT a 100A flood. P12V2 Unknown/may be NC. Do not tie P48V to D3000E-S1 (12 V). DO NOT ENERGIZE.
Conn0,F64,P12V2,power_shared,P12V2,P12V2,P12V2,P12V2,P12V2,P12V2,P12V2,P12V2,yes,OCP-named power/ground on all 8 seats. P48V = local per-seat pour on 16 Conn0 pads after fuse keepout; NOT a 100A flood. P12V2 Unknown/may be NC. Do not tie P48V to D3000E-S1 (12 V). DO NOT ENERGIZE.
Conn0,G64,GND,power_shared,GND,GND,GND,GND,GND,GND,GND,GND,yes,OCP-named power/ground on all 8 seats. P48V = local per-seat pour on 16 Conn0 pads after fuse keepout; NOT a 100A flood. P12V2 Unknown/may be NC. Do not tie P48V to D3000E-S1 (12 V). DO NOT ENERGIZE.
Conn0,H64,P48V,power_shared,P48V,P48V,P48V,P48V,P48V,P48V,P48V,P48V,yes,OCP-named power/ground on all 8 seats. P48V = local per-seat pour on 16 Conn0 pads after fuse keepout; NOT a 100A flood. P12V2 Unknown/may be NC. Do not tie P48V to D3000E-S1 (12 V). DO NOT ENERGIZE.
Conn0,J64,P48V,power_shared,P48V,P48V,P48V,P48V,P48V,P48V,P48V,P48V,yes,OCP-named power/ground on all 8 seats. P48V = local per-seat pour on 16 Conn0 pads after fuse keepout; NOT a 100A flood. P12V2 Unknown/may be NC. Do not tie P48V to D3000E-S1 (12 V). DO NOT ENERGIZE.
Conn1,C1,GND,power_shared,GND,GND,GND,GND,GND,GND,GND,GND,yes,OCP-named power/ground on all 8 seats. P48V = local per-seat pour on 16 Conn0 pads after fuse keepout; NOT a 100A flood. P12V2 Unknown/may be NC. Do not tie P48V to D3000E-S1 (12 V). DO NOT ENERGIZE.
Conn1,D1,CONN1_MODPRS#,qsfp_sideband_named_not_routed,,,,,,,,,no,
Conn1,E1,GND,power_shared,GND,GND,GND,GND,GND,GND,GND,GND,yes,OCP-named power/ground on all 8 seats. P48V = local per-seat pour on 16 Conn0 pads after fuse keepout; NOT a 100A flood. P12V2 Unknown/may be NC. Do not tie P48V to D3000E-S1 (12 V). DO NOT ENERGIZE.
Conn1,F1,CONN1_RESET#,qsfp_sideband_named_not_routed,,,,,,,,,no,
Conn1,G1,GND,power_shared,GND,GND,GND,GND,GND,GND,GND,GND,yes,OCP-named power/ground on all 8 seats. P48V = local per-seat pour on 16 Conn0 pads after fuse keepout; NOT a 100A flood. P12V2 Unknown/may be NC. Do not tie P48V to D3000E-S1 (12 V). DO NOT ENERGIZE.
Conn1,H1,CONN1_YELLOW_LED,qsfp_sideband_named_not_routed,,,,,,,,,no,
Conn1,J1,GND,power_shared,GND,GND,GND,GND,GND,GND,GND,GND,yes,OCP-named power/ground on all 8 seats. P48V = local per-seat pour on 16 Conn0 pads after fuse keepout; NOT a 100A flood. P12V2 Unknown/may be NC. Do not tie P48V to D3000E-S1 (12 V). DO NOT ENERGIZE.
Conn1,C2,GND,power_shared,GND,GND,GND,GND,GND,GND,GND,GND,yes,OCP-named power/ground on all 8 seats. P48V = local per-seat pour on 16 Conn0 pads after fuse keepout; NOT a 100A flood. P12V2 Unknown/may be NC. Do not tie P48V to D3000E-S1 (12 V). DO NOT ENERGIZE.
Conn1,D2,CONN1_MODSEL#,qsfp_sideband_named_not_routed,,,,,,,,,no,
Conn1,E2,GND,power_shared,GND,GND,GND,GND,GND,GND,GND,GND,yes,OCP-named power/ground on all 8 seats. P48V = local per-seat pour on 16 Conn0 pads after fuse keepout; NOT a 100A flood. P12V2 Unknown/may be NC. Do not tie P48V to D3000E-S1 (12 V). DO NOT ENERGIZE.
Conn1,F2,CONN1_GREEN_LED,qsfp_sideband_named_not_routed,,,,,,,,,no,
Conn1,G2,GND,power_shared,GND,GND,GND,GND,GND,GND,GND,GND,yes,OCP-named power/ground on all 8 seats. P48V = local per-seat pour on 16 Conn0 pads after fuse keepout; NOT a 100A flood. P12V2 Unknown/may be NC. Do not tie P48V to D3000E-S1 (12 V). DO NOT ENERGIZE.
Conn1,H2,CONN2_INITMODE,qsfp_sideband_named_not_routed,,,,,,,,,no,
Conn1,J2,GND,power_shared,GND,GND,GND,GND,GND,GND,GND,GND,yes,OCP-named power/ground on all 8 seats. P48V = local per-seat pour on 16 Conn0 pads after fuse keepout; NOT a 100A flood. P12V2 Unknown/may be NC. Do not tie P48V to D3000E-S1 (12 V). DO NOT ENERGIZE.
Conn1,A3,CONN1_INITMODE,qsfp_sideband_named_not_routed,,,,,,,,,no,
Conn1,B3,GND,power_shared,GND,GND,GND,GND,GND,GND,GND,GND,yes,OCP-named power/ground on all 8 seats. P48V = local per-seat pour on 16 Conn0 pads after fuse keepout; NOT a 100A flood. P12V2 Unknown/may be NC. Do not tie P48V to D3000E-S1 (12 V). DO NOT ENERGIZE.
Conn1,C3,RFU,unmapped_nc,,,,,,,,,no,Named in v1.0 but AMD overlay unknown or reserved; no copper
Conn1,D3,GND,power_shared,GND,GND,GND,GND,GND,GND,GND,GND,yes,OCP-named power/ground on all 8 seats. P48V = local per-seat pour on 16 Conn0 pads after fuse keepout; NOT a 100A flood. P12V2 Unknown/may be NC. Do not tie P48V to D3000E-S1 (12 V). DO NOT ENERGIZE.
Conn1,E3,S7_TX15N,serdes_named_not_routed,,,,,,,,,no,Named SerDes (xGMI/IF candidate). NO NET on any seat. Do not route S1-S7.
Conn1,F3,GND,power_shared,GND,GND,GND,GND,GND,GND,GND,GND,yes,OCP-named power/ground on all 8 seats. P48V = local per-seat pour on 16 Conn0 pads after fuse keepout; NOT a 100A flood. P12V2 Unknown/may be NC. Do not tie P48V to D3000E-S1 (12 V). DO NOT ENERGIZE.
Conn1,G3,RFU,unmapped_nc,,,,,,,,,no,Named in v1.0 but AMD overlay unknown or reserved; no copper
Conn1,H3,GND,power_shared,GND,GND,GND,GND,GND,GND,GND,GND,yes,OCP-named power/ground on all 8 seats. P48V = local per-seat pour on 16 Conn0 pads after fuse keepout; NOT a 100A flood. P12V2 Unknown/may be NC. Do not tie P48V to D3000E-S1 (12 V). DO NOT ENERGIZE.
Conn1,J3,RFU,unmapped_nc,,,,,,,,,no,Named in v1.0 but AMD overlay unknown or reserved; no copper
Conn1,K3,GND,power_shared,GND,GND,GND,GND,GND,GND,GND,GND,yes,OCP-named power/ground on all 8 seats. P48V = local per-seat pour on 16 Conn0 pads after fuse keepout; NOT a 100A flood. P12V2 Unknown/may be NC. Do not tie P48V to D3000E-S1 (12 V). DO NOT ENERGIZE.
Conn1,L3,CONN2_INT#,qsfp_sideband_named_not_routed,,,,,,,,,no,
Conn1,A4,CONN1_INT#,qsfp_sideband_named_not_routed,,,,,,,,,no,
Conn1,B4,GND,power_shared,GND,GND,GND,GND,GND,GND,GND,GND,yes,OCP-named power/ground on all 8 seats. P48V = local per-seat pour on 16 Conn0 pads after fuse keepout; NOT a 100A flood. P12V2 Unknown/may be NC. Do not tie P48V to D3000E-S1 (12 V). DO NOT ENERGIZE.
Conn1,C4,RFU,unmapped_nc,,,,,,,,,no,Named in v1.0 but AMD overlay unknown or reserved; no copper
Conn1,D4,GND,power_shared,GND,GND,GND,GND,GND,GND,GND,GND,yes,OCP-named power/ground on all 8 seats. P48V = local per-seat pour on 16 Conn0 pads after fuse keepout; NOT a 100A flood. P12V2 Unknown/may be NC. Do not tie P48V to D3000E-S1 (12 V). DO NOT ENERGIZE.
Conn1,E4,S7_TX15P,serdes_named_not_routed,,,,,,,,,no,Named SerDes (xGMI/IF candidate). NO NET on any seat. Do not route S1-S7.
Conn1,F4,GND,power_shared,GND,GND,GND,GND,GND,GND,GND,GND,yes,OCP-named power/ground on all 8 seats. P48V = local per-seat pour on 16 Conn0 pads after fuse keepout; NOT a 100A flood. P12V2 Unknown/may be NC. Do not tie P48V to D3000E-S1 (12 V). DO NOT ENERGIZE.
Conn1,G4,RFU,unmapped_nc,,,,,,,,,no,Named in v1.0 but AMD overlay unknown or reserved; no copper
Conn1,H4,GND,power_shared,GND,GND,GND,GND,GND,GND,GND,GND,yes,OCP-named power/ground on all 8 seats. P48V = local per-seat pour on 16 Conn0 pads after fuse keepout; NOT a 100A flood. P12V2 Unknown/may be NC. Do not tie P48V to D3000E-S1 (12 V). DO NOT ENERGIZE.
Conn1,J4,RFU,unmapped_nc,,,,,,,,,no,Named in v1.0 but AMD overlay unknown or reserved; no copper
Conn1,K4,GND,power_shared,GND,GND,GND,GND,GND,GND,GND,GND,yes,OCP-named power/ground on all 8 seats. P48V = local per-seat pour on 16 Conn0 pads after fuse keepout; NOT a 100A flood. P12V2 Unknown/may be NC. Do not tie P48V to D3000E-S1 (12 V). DO NOT ENERGIZE.
Conn1,L4,CONN2_MODPRS#,qsfp_sideband_named_not_routed,,,,,,,,,no,
Conn1,A5,GND,power_shared,GND,GND,GND,GND,GND,GND,GND,GND,yes,OCP-named power/ground on all 8 seats. P48V = local per-seat pour on 16 Conn0 pads after fuse keepout; NOT a 100A flood. P12V2 Unknown/may be NC. Do not tie P48V to D3000E-S1 (12 V). DO NOT ENERGIZE.
Conn1,B5,RFU,unmapped_nc,,,,,,,,,no,Named in v1.0 but AMD overlay unknown or reserved; no copper
Conn1,C5,GND,power_shared,GND,GND,GND,GND,GND,GND,GND,GND,yes,OCP-named power/ground on all 8 seats. P48V = local per-seat pour on 16 Conn0 pads after fuse keepout; NOT a 100A flood. P12V2 Unknown/may be NC. Do not tie P48V to D3000E-S1 (12 V). DO NOT ENERGIZE.
Conn1,D5,S7_TX14N,serdes_named_not_routed,,,,,,,,,no,Named SerDes (xGMI/IF candidate). NO NET on any seat. Do not route S1-S7.
Conn1,E5,GND,power_shared,GND,GND,GND,GND,GND,GND,GND,GND,yes,OCP-named power/ground on all 8 seats. P48V = local per-seat pour on 16 Conn0 pads after fuse keepout; NOT a 100A flood. P12V2 Unknown/may be NC. Do not tie P48V to D3000E-S1 (12 V). DO NOT ENERGIZE.
Conn1,F5,CONN2_MODSEL#,qsfp_sideband_named_not_routed,,,,,,,,,no,
Conn1,G5,GND,power_shared,GND,GND,GND,GND,GND,GND,GND,GND,yes,OCP-named power/ground on all 8 seats. P48V = local per-seat pour on 16 Conn0 pads after fuse keepout; NOT a 100A flood. P12V2 Unknown/may be NC. Do not tie P48V to D3000E-S1 (12 V). DO NOT ENERGIZE.
Conn1,H5,RFU,unmapped_nc,,,,,,,,,no,Named in v1.0 but AMD overlay unknown or reserved; no copper
Conn1,J5,GND,power_shared,GND,GND,GND,GND,GND,GND,GND,GND,yes,OCP-named power/ground on all 8 seats. P48V = local per-seat pour on 16 Conn0 pads after fuse keepout; NOT a 100A flood. P12V2 Unknown/may be NC. Do not tie P48V to D3000E-S1 (12 V). DO NOT ENERGIZE.
Conn1,K5,S7_RX15N,serdes_named_not_routed,,,,,,,,,no,Named SerDes (xGMI/IF candidate). NO NET on any seat. Do not route S1-S7.
Conn1,L5,GND,power_shared,GND,GND,GND,GND,GND,GND,GND,GND,yes,OCP-named power/ground on all 8 seats. P48V = local per-seat pour on 16 Conn0 pads after fuse keepout; NOT a 100A flood. P12V2 Unknown/may be NC. Do not tie P48V to D3000E-S1 (12 V). DO NOT ENERGIZE.
Conn1,A6,GND,power_shared,GND,GND,GND,GND,GND,GND,GND,GND,yes,OCP-named power/ground on all 8 seats. P48V = local per-seat pour on 16 Conn0 pads after fuse keepout; NOT a 100A flood. P12V2 Unknown/may be NC. Do not tie P48V to D3000E-S1 (12 V). DO NOT ENERGIZE.
Conn1,B6,RFU,unmapped_nc,,,,,,,,,no,Named in v1.0 but AMD overlay unknown or reserved; no copper
Conn1,C6,GND,power_shared,GND,GND,GND,GND,GND,GND,GND,GND,yes,OCP-named power/ground on all 8 seats. P48V = local per-seat pour on 16 Conn0 pads after fuse keepout; NOT a 100A flood. P12V2 Unknown/may be NC. Do not tie P48V to D3000E-S1 (12 V). DO NOT ENERGIZE.
Conn1,D6,S7_TX14P,serdes_named_not_routed,,,,,,,,,no,Named SerDes (xGMI/IF candidate). NO NET on any seat. Do not route S1-S7.
Conn1,E6,GND,power_shared,GND,GND,GND,GND,GND,GND,GND,GND,yes,OCP-named power/ground on all 8 seats. P48V = local per-seat pour on 16 Conn0 pads after fuse keepout; NOT a 100A flood. P12V2 Unknown/may be NC. Do not tie P48V to D3000E-S1 (12 V). DO NOT ENERGIZE.
Conn1,F6,CONN2_RESET#,qsfp_sideband_named_not_routed,,,,,,,,,no,
Conn1,G6,GND,power_shared,GND,GND,GND,GND,GND,GND,GND,GND,yes,OCP-named power/ground on all 8 seats. P48V = local per-seat pour on 16 Conn0 pads after fuse keepout; NOT a 100A flood. P12V2 Unknown/may be NC. Do not tie P48V to D3000E-S1 (12 V). DO NOT ENERGIZE.
Conn1,H6,RFU,unmapped_nc,,,,,,,,,no,Named in v1.0 but AMD overlay unknown or reserved; no copper
Conn1,J6,GND,power_shared,GND,GND,GND,GND,GND,GND,GND,GND,yes,OCP-named power/ground on all 8 seats. P48V = local per-seat pour on 16 Conn0 pads after fuse keepout; NOT a 100A flood. P12V2 Unknown/may be NC. Do not tie P48V to D3000E-S1 (12 V). DO NOT ENERGIZE.
Conn1,K6,S7_RX15P,serdes_named_not_routed,,,,,,,,,no,Named SerDes (xGMI/IF candidate). NO NET on any seat. Do not route S1-S7.
Conn1,L6,GND,power_shared,GND,GND,GND,GND,GND,GND,GND,GND,yes,OCP-named power/ground on all 8 seats. P48V = local per-seat pour on 16 Conn0 pads after fuse keepout; NOT a 100A flood. P12V2 Unknown/may be NC. Do not tie P48V to D3000E-S1 (12 V). DO NOT ENERGIZE.
Conn1,A7,RFU,unmapped_nc,,,,,,,,,no,Named in v1.0 but AMD overlay unknown or reserved; no copper
Conn1,B7,GND,power_shared,GND,GND,GND,GND,GND,GND,GND,GND,yes,OCP-named power/ground on all 8 seats. P48V = local per-seat pour on 16 Conn0 pads after fuse keepout; NOT a 100A flood. P12V2 Unknown/may be NC. Do not tie P48V to D3000E-S1 (12 V). DO NOT ENERGIZE.
Conn1,C7,RFU,unmapped_nc,,,,,,,,,no,Named in v1.0 but AMD overlay unknown or reserved; no copper
Conn1,D7,GND,power_shared,GND,GND,GND,GND,GND,GND,GND,GND,yes,OCP-named power/ground on all 8 seats. P48V = local per-seat pour on 16 Conn0 pads after fuse keepout; NOT a 100A flood. P12V2 Unknown/may be NC. Do not tie P48V to D3000E-S1 (12 V). DO NOT ENERGIZE.
Conn1,E7,S7_TX13N,serdes_named_not_routed,,,,,,,,,no,Named SerDes (xGMI/IF candidate). NO NET on any seat. Do not route S1-S7.
Conn1,F7,GND,power_shared,GND,GND,GND,GND,GND,GND,GND,GND,yes,OCP-named power/ground on all 8 seats. P48V = local per-seat pour on 16 Conn0 pads after fuse keepout; NOT a 100A flood. P12V2 Unknown/may be NC. Do not tie P48V to D3000E-S1 (12 V). DO NOT ENERGIZE.
Conn1,G7,RFU,unmapped_nc,,,,,,,,,no,Named in v1.0 but AMD overlay unknown or reserved; no copper
Conn1,H7,GND,power_shared,GND,GND,GND,GND,GND,GND,GND,GND,yes,OCP-named power/ground on all 8 seats. P48V = local per-seat pour on 16 Conn0 pads after fuse keepout; NOT a 100A flood. P12V2 Unknown/may be NC. Do not tie P48V to D3000E-S1 (12 V). DO NOT ENERGIZE.
Conn1,J7,S7_RX13N,serdes_named_not_routed,,,,,,,,,no,Named SerDes (xGMI/IF candidate). NO NET on any seat. Do not route S1-S7.
Conn1,K7,GND,power_shared,GND,GND,GND,GND,GND,GND,GND,GND,yes,OCP-named power/ground on all 8 seats. P48V = local per-seat pour on 16 Conn0 pads after fuse keepout; NOT a 100A flood. P12V2 Unknown/may be NC. Do not tie P48V to D3000E-S1 (12 V). DO NOT ENERGIZE.
Conn1,L7,S7_RX14N,serdes_named_not_routed,,,,,,,,,no,Named SerDes (xGMI/IF candidate). NO NET on any seat. Do not route S1-S7.
Conn1,A8,RFU,unmapped_nc,,,,,,,,,no,Named in v1.0 but AMD overlay unknown or reserved; no copper
Conn1,B8,GND,power_shared,GND,GND,GND,GND,GND,GND,GND,GND,yes,OCP-named power/ground on all 8 seats. P48V = local per-seat pour on 16 Conn0 pads after fuse keepout; NOT a 100A flood. P12V2 Unknown/may be NC. Do not tie P48V to D3000E-S1 (12 V). DO NOT ENERGIZE.
Conn1,C8,RFU,unmapped_nc,,,,,,,,,no,Named in v1.0 but AMD overlay unknown or reserved; no copper
Conn1,D8,GND,power_shared,GND,GND,GND,GND,GND,GND,GND,GND,yes,OCP-named power/ground on all 8 seats. P48V = local per-seat pour on 16 Conn0 pads after fuse keepout; NOT a 100A flood. P12V2 Unknown/may be NC. Do not tie P48V to D3000E-S1 (12 V). DO NOT ENERGIZE.
Conn1,E8,S7_TX13P,serdes_named_not_routed,,,,,,,,,no,Named SerDes (xGMI/IF candidate). NO NET on any seat. Do not route S1-S7.
Conn1,F8,GND,power_shared,GND,GND,GND,GND,GND,GND,GND,GND,yes,OCP-named power/ground on all 8 seats. P48V = local per-seat pour on 16 Conn0 pads after fuse keepout; NOT a 100A flood. P12V2 Unknown/may be NC. Do not tie P48V to D3000E-S1 (12 V). DO NOT ENERGIZE.
Conn1,G8,RFU,unmapped_nc,,,,,,,,,no,Named in v1.0 but AMD overlay unknown or reserved; no copper
Conn1,H8,GND,power_shared,GND,GND,GND,GND,GND,GND,GND,GND,yes,OCP-named power/ground on all 8 seats. P48V = local per-seat pour on 16 Conn0 pads after fuse keepout; NOT a 100A flood. P12V2 Unknown/may be NC. Do not tie P48V to D3000E-S1 (12 V). DO NOT ENERGIZE.
Conn1,J8,S7_RX13P,serdes_named_not_routed,,,,,,,,,no,Named SerDes (xGMI/IF candidate). NO NET on any seat. Do not route S1-S7.
Conn1,K8,GND,power_shared,GND,GND,GND,GND,GND,GND,GND,GND,yes,OCP-named power/ground on all 8 seats. P48V = local per-seat pour on 16 Conn0 pads after fuse keepout; NOT a 100A flood. P12V2 Unknown/may be NC. Do not tie P48V to D3000E-S1 (12 V). DO NOT ENERGIZE.
Conn1,L8,S7_RX14P,serdes_named_not_routed,,,,,,,,,no,Named SerDes (xGMI/IF candidate). NO NET on any seat. Do not route S1-S7.
Conn1,A9,GND,power_shared,GND,GND,GND,GND,GND,GND,GND,GND,yes,OCP-named power/ground on all 8 seats. P48V = local per-seat pour on 16 Conn0 pads after fuse keepout; NOT a 100A flood. P12V2 Unknown/may be NC. Do not tie P48V to D3000E-S1 (12 V). DO NOT ENERGIZE.
Conn1,B9,S7_TX7N,serdes_named_not_routed,,,,,,,,,no,Named SerDes (xGMI/IF candidate). NO NET on any seat. Do not route S1-S7.
Conn1,C9,GND,power_shared,GND,GND,GND,GND,GND,GND,GND,GND,yes,OCP-named power/ground on all 8 seats. P48V = local per-seat pour on 16 Conn0 pads after fuse keepout; NOT a 100A flood. P12V2 Unknown/may be NC. Do not tie P48V to D3000E-S1 (12 V). DO NOT ENERGIZE.
Conn1,D9,S7_TX12N,serdes_named_not_routed,,,,,,,,,no,Named SerDes (xGMI/IF candidate). NO NET on any seat. Do not route S1-S7.
Conn1,E9,GND,power_shared,GND,GND,GND,GND,GND,GND,GND,GND,yes,OCP-named power/ground on all 8 seats. P48V = local per-seat pour on 16 Conn0 pads after fuse keepout; NOT a 100A flood. P12V2 Unknown/may be NC. Do not tie P48V to D3000E-S1 (12 V). DO NOT ENERGIZE.
Conn1,F9,CONN2_GREEN_LED,qsfp_sideband_named_not_routed,,,,,,,,,no,
Conn1,G9,GND,power_shared,GND,GND,GND,GND,GND,GND,GND,GND,yes,OCP-named power/ground on all 8 seats. P48V = local per-seat pour on 16 Conn0 pads after fuse keepout; NOT a 100A flood. P12V2 Unknown/may be NC. Do not tie P48V to D3000E-S1 (12 V). DO NOT ENERGIZE.
Conn1,H9,S7_RX7N,serdes_named_not_routed,,,,,,,,,no,Named SerDes (xGMI/IF candidate). NO NET on any seat. Do not route S1-S7.
Conn1,J9,GND,power_shared,GND,GND,GND,GND,GND,GND,GND,GND,yes,OCP-named power/ground on all 8 seats. P48V = local per-seat pour on 16 Conn0 pads after fuse keepout; NOT a 100A flood. P12V2 Unknown/may be NC. Do not tie P48V to D3000E-S1 (12 V). DO NOT ENERGIZE.
Conn1,K9,S7_RX12N,serdes_named_not_routed,,,,,,,,,no,Named SerDes (xGMI/IF candidate). NO NET on any seat. Do not route S1-S7.
Conn1,L9,GND,power_shared,GND,GND,GND,GND,GND,GND,GND,GND,yes,OCP-named power/ground on all 8 seats. P48V = local per-seat pour on 16 Conn0 pads after fuse keepout; NOT a 100A flood. P12V2 Unknown/may be NC. Do not tie P48V to D3000E-S1 (12 V). DO NOT ENERGIZE.
Conn1,A10,GND,power_shared,GND,GND,GND,GND,GND,GND,GND,GND,yes,OCP-named power/ground on all 8 seats. P48V = local per-seat pour on 16 Conn0 pads after fuse keepout; NOT a 100A flood. P12V2 Unknown/may be NC. Do not tie P48V to D3000E-S1 (12 V). DO NOT ENERGIZE.
Conn1,B10,S7_TX7P,serdes_named_not_routed,,,,,,,,,no,Named SerDes (xGMI/IF candidate). NO NET on any seat. Do not route S1-S7.
Conn1,C10,GND,power_shared,GND,GND,GND,GND,GND,GND,GND,GND,yes,OCP-named power/ground on all 8 seats. P48V = local per-seat pour on 16 Conn0 pads after fuse keepout; NOT a 100A flood. P12V2 Unknown/may be NC. Do not tie P48V to D3000E-S1 (12 V). DO NOT ENERGIZE.
Conn1,D10,S7_TX12P,serdes_named_not_routed,,,,,,,,,no,Named SerDes (xGMI/IF candidate). NO NET on any seat. Do not route S1-S7.
Conn1,E10,GND,power_shared,GND,GND,GND,GND,GND,GND,GND,GND,yes,OCP-named power/ground on all 8 seats. P48V = local per-seat pour on 16 Conn0 pads after fuse keepout; NOT a 100A flood. P12V2 Unknown/may be NC. Do not tie P48V to D3000E-S1 (12 V). DO NOT ENERGIZE.
Conn1,F10,CONN2_YELLOW_LED,qsfp_sideband_named_not_routed,,,,,,,,,no,
Conn1,G10,GND,power_shared,GND,GND,GND,GND,GND,GND,GND,GND,yes,OCP-named power/ground on all 8 seats. P48V = local per-seat pour on 16 Conn0 pads after fuse keepout; NOT a 100A flood. P12V2 Unknown/may be NC. Do not tie P48V to D3000E-S1 (12 V). DO NOT ENERGIZE.
Conn1,H10,S7_RX7P,serdes_named_not_routed,,,,,,,,,no,Named SerDes (xGMI/IF candidate). NO NET on any seat. Do not route S1-S7.
Conn1,J10,GND,power_shared,GND,GND,GND,GND,GND,GND,GND,GND,yes,OCP-named power/ground on all 8 seats. P48V = local per-seat pour on 16 Conn0 pads after fuse keepout; NOT a 100A flood. P12V2 Unknown/may be NC. Do not tie P48V to D3000E-S1 (12 V). DO NOT ENERGIZE.
Conn1,K10,S7_RX12P,serdes_named_not_routed,,,,,,,,,no,Named SerDes (xGMI/IF candidate). NO NET on any seat. Do not route S1-S7.
Conn1,L10,GND,power_shared,GND,GND,GND,GND,GND,GND,GND,GND,yes,OCP-named power/ground on all 8 seats. P48V = local per-seat pour on 16 Conn0 pads after fuse keepout; NOT a 100A flood. P12V2 Unknown/may be NC. Do not tie P48V to D3000E-S1 (12 V). DO NOT ENERGIZE.
Conn1,A11,S7_TX5N,serdes_named_not_routed,,,,,,,,,no,Named SerDes (xGMI/IF candidate). NO NET on any seat. Do not route S1-S7.
Conn1,B11,GND,power_shared,GND,GND,GND,GND,GND,GND,GND,GND,yes,OCP-named power/ground on all 8 seats. P48V = local per-seat pour on 16 Conn0 pads after fuse keepout; NOT a 100A flood. P12V2 Unknown/may be NC. Do not tie P48V to D3000E-S1 (12 V). DO NOT ENERGIZE.
Conn1,C11,S7_TX6N,serdes_named_not_routed,,,,,,,,,no,Named SerDes (xGMI/IF candidate). NO NET on any seat. Do not route S1-S7.
Conn1,D11,GND,power_shared,GND,GND,GND,GND,GND,GND,GND,GND,yes,OCP-named power/ground on all 8 seats. P48V = local per-seat pour on 16 Conn0 pads after fuse keepout; NOT a 100A flood. P12V2 Unknown/may be NC. Do not tie P48V to D3000E-S1 (12 V). DO NOT ENERGIZE.
Conn1,E11,S7_TX11N,serdes_named_not_routed,,,,,,,,,no,Named SerDes (xGMI/IF candidate). NO NET on any seat. Do not route S1-S7.
Conn1,F11,GND,power_shared,GND,GND,GND,GND,GND,GND,GND,GND,yes,OCP-named power/ground on all 8 seats. P48V = local per-seat pour on 16 Conn0 pads after fuse keepout; NOT a 100A flood. P12V2 Unknown/may be NC. Do not tie P48V to D3000E-S1 (12 V). DO NOT ENERGIZE.
Conn1,G11,S7_RX5N,serdes_named_not_routed,,,,,,,,,no,Named SerDes (xGMI/IF candidate). NO NET on any seat. Do not route S1-S7.
Conn1,H11,GND,power_shared,GND,GND,GND,GND,GND,GND,GND,GND,yes,OCP-named power/ground on all 8 seats. P48V = local per-seat pour on 16 Conn0 pads after fuse keepout; NOT a 100A flood. P12V2 Unknown/may be NC. Do not tie P48V to D3000E-S1 (12 V). DO NOT ENERGIZE.
Conn1,J11,S7_RX6N,serdes_named_not_routed,,,,,,,,,no,Named SerDes (xGMI/IF candidate). NO NET on any seat. Do not route S1-S7.
Conn1,K11,GND,power_shared,GND,GND,GND,GND,GND,GND,GND,GND,yes,OCP-named power/ground on all 8 seats. P48V = local per-seat pour on 16 Conn0 pads after fuse keepout; NOT a 100A flood. P12V2 Unknown/may be NC. Do not tie P48V to D3000E-S1 (12 V). DO NOT ENERGIZE.
Conn1,L11,S7_RX11N,serdes_named_not_routed,,,,,,,,,no,Named SerDes (xGMI/IF candidate). NO NET on any seat. Do not route S1-S7.
Conn1,A12,S7_TX5P,serdes_named_not_routed,,,,,,,,,no,Named SerDes (xGMI/IF candidate). NO NET on any seat. Do not route S1-S7.
Conn1,B12,GND,power_shared,GND,GND,GND,GND,GND,GND,GND,GND,yes,OCP-named power/ground on all 8 seats. P48V = local per-seat pour on 16 Conn0 pads after fuse keepout; NOT a 100A flood. P12V2 Unknown/may be NC. Do not tie P48V to D3000E-S1 (12 V). DO NOT ENERGIZE.
Conn1,C12,S7_TX6P,serdes_named_not_routed,,,,,,,,,no,Named SerDes (xGMI/IF candidate). NO NET on any seat. Do not route S1-S7.
Conn1,D12,GND,power_shared,GND,GND,GND,GND,GND,GND,GND,GND,yes,OCP-named power/ground on all 8 seats. P48V = local per-seat pour on 16 Conn0 pads after fuse keepout; NOT a 100A flood. P12V2 Unknown/may be NC. Do not tie P48V to D3000E-S1 (12 V). DO NOT ENERGIZE.
Conn1,E12,S7_TX11P,serdes_named_not_routed,,,,,,,,,no,Named SerDes (xGMI/IF candidate). NO NET on any seat. Do not route S1-S7.
Conn1,F12,GND,power_shared,GND,GND,GND,GND,GND,GND,GND,GND,yes,OCP-named power/ground on all 8 seats. P48V = local per-seat pour on 16 Conn0 pads after fuse keepout; NOT a 100A flood. P12V2 Unknown/may be NC. Do not tie P48V to D3000E-S1 (12 V). DO NOT ENERGIZE.
Conn1,G12,S7_RX5P,serdes_named_not_routed,,,,,,,,,no,Named SerDes (xGMI/IF candidate). NO NET on any seat. Do not route S1-S7.
Conn1,H12,GND,power_shared,GND,GND,GND,GND,GND,GND,GND,GND,yes,OCP-named power/ground on all 8 seats. P48V = local per-seat pour on 16 Conn0 pads after fuse keepout; NOT a 100A flood. P12V2 Unknown/may be NC. Do not tie P48V to D3000E-S1 (12 V). DO NOT ENERGIZE.
Conn1,J12,S7_RX6P,serdes_named_not_routed,,,,,,,,,no,Named SerDes (xGMI/IF candidate). NO NET on any seat. Do not route S1-S7.
Conn1,K12,GND,power_shared,GND,GND,GND,GND,GND,GND,GND,GND,yes,OCP-named power/ground on all 8 seats. P48V = local per-seat pour on 16 Conn0 pads after fuse keepout; NOT a 100A flood. P12V2 Unknown/may be NC. Do not tie P48V to D3000E-S1 (12 V). DO NOT ENERGIZE.
Conn1,L12,S7_RX11P,serdes_named_not_routed,,,,,,,,,no,Named SerDes (xGMI/IF candidate). NO NET on any seat. Do not route S1-S7.
Conn1,A13,GND,power_shared,GND,GND,GND,GND,GND,GND,GND,GND,yes,OCP-named power/ground on all 8 seats. P48V = local per-seat pour on 16 Conn0 pads after fuse keepout; NOT a 100A flood. P12V2 Unknown/may be NC. Do not tie P48V to D3000E-S1 (12 V). DO NOT ENERGIZE.
Conn1,B13,S7_TX4N,serdes_named_not_routed,,,,,,,,,no,Named SerDes (xGMI/IF candidate). NO NET on any seat. Do not route S1-S7.
Conn1,C13,GND,power_shared,GND,GND,GND,GND,GND,GND,GND,GND,yes,OCP-named power/ground on all 8 seats. P48V = local per-seat pour on 16 Conn0 pads after fuse keepout; NOT a 100A flood. P12V2 Unknown/may be NC. Do not tie P48V to D3000E-S1 (12 V). DO NOT ENERGIZE.
Conn1,D13,S7_TX10N,serdes_named_not_routed,,,,,,,,,no,Named SerDes (xGMI/IF candidate). NO NET on any seat. Do not route S1-S7.
Conn1,E13,GND,power_shared,GND,GND,GND,GND,GND,GND,GND,GND,yes,OCP-named power/ground on all 8 seats. P48V = local per-seat pour on 16 Conn0 pads after fuse keepout; NOT a 100A flood. P12V2 Unknown/may be NC. Do not tie P48V to D3000E-S1 (12 V). DO NOT ENERGIZE.
Conn1,F13,TEST10,unmapped_nc,,,,,,,,,no,Named in v1.0 but AMD overlay unknown or reserved; no copper
Conn1,G13,GND,power_shared,GND,GND,GND,GND,GND,GND,GND,GND,yes,OCP-named power/ground on all 8 seats. P48V = local per-seat pour on 16 Conn0 pads after fuse keepout; NOT a 100A flood. P12V2 Unknown/may be NC. Do not tie P48V to D3000E-S1 (12 V). DO NOT ENERGIZE.
Conn1,H13,S7_RX4N,serdes_named_not_routed,,,,,,,,,no,Named SerDes (xGMI/IF candidate). NO NET on any seat. Do not route S1-S7.
Conn1,J13,GND,power_shared,GND,GND,GND,GND,GND,GND,GND,GND,yes,OCP-named power/ground on all 8 seats. P48V = local per-seat pour on 16 Conn0 pads after fuse keepout; NOT a 100A flood. P12V2 Unknown/may be NC. Do not tie P48V to D3000E-S1 (12 V). DO NOT ENERGIZE.
Conn1,K13,S7_RX10N,serdes_named_not_routed,,,,,,,,,no,Named SerDes (xGMI/IF candidate). NO NET on any seat. Do not route S1-S7.
Conn1,L13,GND,power_shared,GND,GND,GND,GND,GND,GND,GND,GND,yes,OCP-named power/ground on all 8 seats. P48V = local per-seat pour on 16 Conn0 pads after fuse keepout; NOT a 100A flood. P12V2 Unknown/may be NC. Do not tie P48V to D3000E-S1 (12 V). DO NOT ENERGIZE.
Conn1,A14,GND,power_shared,GND,GND,GND,GND,GND,GND,GND,GND,yes,OCP-named power/ground on all 8 seats. P48V = local per-seat pour on 16 Conn0 pads after fuse keepout; NOT a 100A flood. P12V2 Unknown/may be NC. Do not tie P48V to D3000E-S1 (12 V). DO NOT ENERGIZE.
Conn1,B14,S7_TX4P,serdes_named_not_routed,,,,,,,,,no,Named SerDes (xGMI/IF candidate). NO NET on any seat. Do not route S1-S7.
Conn1,C14,GND,power_shared,GND,GND,GND,GND,GND,GND,GND,GND,yes,OCP-named power/ground on all 8 seats. P48V = local per-seat pour on 16 Conn0 pads after fuse keepout; NOT a 100A flood. P12V2 Unknown/may be NC. Do not tie P48V to D3000E-S1 (12 V). DO NOT ENERGIZE.
Conn1,D14,S7_TX10P,serdes_named_not_routed,,,,,,,,,no,Named SerDes (xGMI/IF candidate). NO NET on any seat. Do not route S1-S7.
Conn1,E14,GND,power_shared,GND,GND,GND,GND,GND,GND,GND,GND,yes,OCP-named power/ground on all 8 seats. P48V = local per-seat pour on 16 Conn0 pads after fuse keepout; NOT a 100A flood. P12V2 Unknown/may be NC. Do not tie P48V to D3000E-S1 (12 V). DO NOT ENERGIZE.
Conn1,F14,TEST11,unmapped_nc,,,,,,,,,no,Named in v1.0 but AMD overlay unknown or reserved; no copper
Conn1,G14,GND,power_shared,GND,GND,GND,GND,GND,GND,GND,GND,yes,OCP-named power/ground on all 8 seats. P48V = local per-seat pour on 16 Conn0 pads after fuse keepout; NOT a 100A flood. P12V2 Unknown/may be NC. Do not tie P48V to D3000E-S1 (12 V). DO NOT ENERGIZE.
Conn1,H14,S7_RX4P,serdes_named_not_routed,,,,,,,,,no,Named SerDes (xGMI/IF candidate). NO NET on any seat. Do not route S1-S7.
Conn1,J14,GND,power_shared,GND,GND,GND,GND,GND,GND,GND,GND,yes,OCP-named power/ground on all 8 seats. P48V = local per-seat pour on 16 Conn0 pads after fuse keepout; NOT a 100A flood. P12V2 Unknown/may be NC. Do not tie P48V to D3000E-S1 (12 V). DO NOT ENERGIZE.
Conn1,K14,S7_RX10P,serdes_named_not_routed,,,,,,,,,no,Named SerDes (xGMI/IF candidate). NO NET on any seat. Do not route S1-S7.
Conn1,L14,GND,power_shared,GND,GND,GND,GND,GND,GND,GND,GND,yes,OCP-named power/ground on all 8 seats. P48V = local per-seat pour on 16 Conn0 pads after fuse keepout; NOT a 100A flood. P12V2 Unknown/may be NC. Do not tie P48V to D3000E-S1 (12 V). DO NOT ENERGIZE.
Conn1,A15,S7_TX2N,serdes_named_not_routed,,,,,,,,,no,Named SerDes (xGMI/IF candidate). NO NET on any seat. Do not route S1-S7.
Conn1,B15,GND,power_shared,GND,GND,GND,GND,GND,GND,GND,GND,yes,OCP-named power/ground on all 8 seats. P48V = local per-seat pour on 16 Conn0 pads after fuse keepout; NOT a 100A flood. P12V2 Unknown/may be NC. Do not tie P48V to D3000E-S1 (12 V). DO NOT ENERGIZE.
Conn1,C15,S7_TX3N,serdes_named_not_routed,,,,,,,,,no,Named SerDes (xGMI/IF candidate). NO NET on any seat. Do not route S1-S7.
Conn1,D15,GND,power_shared,GND,GND,GND,GND,GND,GND,GND,GND,yes,OCP-named power/ground on all 8 seats. P48V = local per-seat pour on 16 Conn0 pads after fuse keepout; NOT a 100A flood. P12V2 Unknown/may be NC. Do not tie P48V to D3000E-S1 (12 V). DO NOT ENERGIZE.
Conn1,E15,S7_TX9N,serdes_named_not_routed,,,,,,,,,no,Named SerDes (xGMI/IF candidate). NO NET on any seat. Do not route S1-S7.
Conn1,F15,GND,power_shared,GND,GND,GND,GND,GND,GND,GND,GND,yes,OCP-named power/ground on all 8 seats. P48V = local per-seat pour on 16 Conn0 pads after fuse keepout; NOT a 100A flood. P12V2 Unknown/may be NC. Do not tie P48V to D3000E-S1 (12 V). DO NOT ENERGIZE.
Conn1,G15,S7_RX2N,serdes_named_not_routed,,,,,,,,,no,Named SerDes (xGMI/IF candidate). NO NET on any seat. Do not route S1-S7.
Conn1,H15,GND,power_shared,GND,GND,GND,GND,GND,GND,GND,GND,yes,OCP-named power/ground on all 8 seats. P48V = local per-seat pour on 16 Conn0 pads after fuse keepout; NOT a 100A flood. P12V2 Unknown/may be NC. Do not tie P48V to D3000E-S1 (12 V). DO NOT ENERGIZE.
Conn1,J15,S7_RX3N,serdes_named_not_routed,,,,,,,,,no,Named SerDes (xGMI/IF candidate). NO NET on any seat. Do not route S1-S7.
Conn1,K15,GND,power_shared,GND,GND,GND,GND,GND,GND,GND,GND,yes,OCP-named power/ground on all 8 seats. P48V = local per-seat pour on 16 Conn0 pads after fuse keepout; NOT a 100A flood. P12V2 Unknown/may be NC. Do not tie P48V to D3000E-S1 (12 V). DO NOT ENERGIZE.
Conn1,L15,S7_RX9N,serdes_named_not_routed,,,,,,,,,no,Named SerDes (xGMI/IF candidate). NO NET on any seat. Do not route S1-S7.
Conn1,A16,S7_TX2P,serdes_named_not_routed,,,,,,,,,no,Named SerDes (xGMI/IF candidate). NO NET on any seat. Do not route S1-S7.
Conn1,B16,GND,power_shared,GND,GND,GND,GND,GND,GND,GND,GND,yes,OCP-named power/ground on all 8 seats. P48V = local per-seat pour on 16 Conn0 pads after fuse keepout; NOT a 100A flood. P12V2 Unknown/may be NC. Do not tie P48V to D3000E-S1 (12 V). DO NOT ENERGIZE.
Conn1,C16,S7_TX3P,serdes_named_not_routed,,,,,,,,,no,Named SerDes (xGMI/IF candidate). NO NET on any seat. Do not route S1-S7.
Conn1,D16,GND,power_shared,GND,GND,GND,GND,GND,GND,GND,GND,yes,OCP-named power/ground on all 8 seats. P48V = local per-seat pour on 16 Conn0 pads after fuse keepout; NOT a 100A flood. P12V2 Unknown/may be NC. Do not tie P48V to D3000E-S1 (12 V). DO NOT ENERGIZE.
Conn1,E16,S7_TX9P,serdes_named_not_routed,,,,,,,,,no,Named SerDes (xGMI/IF candidate). NO NET on any seat. Do not route S1-S7.
Conn1,F16,GND,power_shared,GND,GND,GND,GND,GND,GND,GND,GND,yes,OCP-named power/ground on all 8 seats. P48V = local per-seat pour on 16 Conn0 pads after fuse keepout; NOT a 100A flood. P12V2 Unknown/may be NC. Do not tie P48V to D3000E-S1 (12 V). DO NOT ENERGIZE.
Conn1,G16,S7_RX2P,serdes_named_not_routed,,,,,,,,,no,Named SerDes (xGMI/IF candidate). NO NET on any seat. Do not route S1-S7.
Conn1,H16,GND,power_shared,GND,GND,GND,GND,GND,GND,GND,GND,yes,OCP-named power/ground on all 8 seats. P48V = local per-seat pour on 16 Conn0 pads after fuse keepout; NOT a 100A flood. P12V2 Unknown/may be NC. Do not tie P48V to D3000E-S1 (12 V). DO NOT ENERGIZE.
Conn1,J16,S7_RX3P,serdes_named_not_routed,,,,,,,,,no,Named SerDes (xGMI/IF candidate). NO NET on any seat. Do not route S1-S7.
Conn1,K16,GND,power_shared,GND,GND,GND,GND,GND,GND,GND,GND,yes,OCP-named power/ground on all 8 seats. P48V = local per-seat pour on 16 Conn0 pads after fuse keepout; NOT a 100A flood. P12V2 Unknown/may be NC. Do not tie P48V to D3000E-S1 (12 V). DO NOT ENERGIZE.
Conn1,L16,S7_RX9P,serdes_named_not_routed,,,,,,,,,no,Named SerDes (xGMI/IF candidate). NO NET on any seat. Do not route S1-S7.
Conn1,A17,GND,power_shared,GND,GND,GND,GND,GND,GND,GND,GND,yes,OCP-named power/ground on all 8 seats. P48V = local per-seat pour on 16 Conn0 pads after fuse keepout; NOT a 100A flood. P12V2 Unknown/may be NC. Do not tie P48V to D3000E-S1 (12 V). DO NOT ENERGIZE.
Conn1,B17,S7_TX1N,serdes_named_not_routed,,,,,,,,,no,Named SerDes (xGMI/IF candidate). NO NET on any seat. Do not route S1-S7.
Conn1,C17,GND,power_shared,GND,GND,GND,GND,GND,GND,GND,GND,yes,OCP-named power/ground on all 8 seats. P48V = local per-seat pour on 16 Conn0 pads after fuse keepout; NOT a 100A flood. P12V2 Unknown/may be NC. Do not tie P48V to D3000E-S1 (12 V). DO NOT ENERGIZE.
Conn1,D17,S7_TX8N,serdes_named_not_routed,,,,,,,,,no,Named SerDes (xGMI/IF candidate). NO NET on any seat. Do not route S1-S7.
Conn1,E17,GND,power_shared,GND,GND,GND,GND,GND,GND,GND,GND,yes,OCP-named power/ground on all 8 seats. P48V = local per-seat pour on 16 Conn0 pads after fuse keepout; NOT a 100A flood. P12V2 Unknown/may be NC. Do not tie P48V to D3000E-S1 (12 V). DO NOT ENERGIZE.
Conn1,F17,TEST12,unmapped_nc,,,,,,,,,no,Named in v1.0 but AMD overlay unknown or reserved; no copper
Conn1,G17,GND,power_shared,GND,GND,GND,GND,GND,GND,GND,GND,yes,OCP-named power/ground on all 8 seats. P48V = local per-seat pour on 16 Conn0 pads after fuse keepout; NOT a 100A flood. P12V2 Unknown/may be NC. Do not tie P48V to D3000E-S1 (12 V). DO NOT ENERGIZE.
Conn1,H17,S7_RX1N,serdes_named_not_routed,,,,,,,,,no,Named SerDes (xGMI/IF candidate). NO NET on any seat. Do not route S1-S7.
Conn1,J17,GND,power_shared,GND,GND,GND,GND,GND,GND,GND,GND,yes,OCP-named power/ground on all 8 seats. P48V = local per-seat pour on 16 Conn0 pads after fuse keepout; NOT a 100A flood. P12V2 Unknown/may be NC. Do not tie P48V to D3000E-S1 (12 V). DO NOT ENERGIZE.
Conn1,K17,S7_RX8N,serdes_named_not_routed,,,,,,,,,no,Named SerDes (xGMI/IF candidate). NO NET on any seat. Do not route S1-S7.
Conn1,L17,GND,power_shared,GND,GND,GND,GND,GND,GND,GND,GND,yes,OCP-named power/ground on all 8 seats. P48V = local per-seat pour on 16 Conn0 pads after fuse keepout; NOT a 100A flood. P12V2 Unknown/may be NC. Do not tie P48V to D3000E-S1 (12 V). DO NOT ENERGIZE.
Conn1,A18,GND,power_shared,GND,GND,GND,GND,GND,GND,GND,GND,yes,OCP-named power/ground on all 8 seats. P48V = local per-seat pour on 16 Conn0 pads after fuse keepout; NOT a 100A flood. P12V2 Unknown/may be NC. Do not tie P48V to D3000E-S1 (12 V). DO NOT ENERGIZE.
Conn1,B18,S7_TX1P,serdes_named_not_routed,,,,,,,,,no,Named SerDes (xGMI/IF candidate). NO NET on any seat. Do not route S1-S7.
Conn1,C18,GND,power_shared,GND,GND,GND,GND,GND,GND,GND,GND,yes,OCP-named power/ground on all 8 seats. P48V = local per-seat pour on 16 Conn0 pads after fuse keepout; NOT a 100A flood. P12V2 Unknown/may be NC. Do not tie P48V to D3000E-S1 (12 V). DO NOT ENERGIZE.
Conn1,D18,S7_TX8P,serdes_named_not_routed,,,,,,,,,no,Named SerDes (xGMI/IF candidate). NO NET on any seat. Do not route S1-S7.
Conn1,E18,GND,power_shared,GND,GND,GND,GND,GND,GND,GND,GND,yes,OCP-named power/ground on all 8 seats. P48V = local per-seat pour on 16 Conn0 pads after fuse keepout; NOT a 100A flood. P12V2 Unknown/may be NC. Do not tie P48V to D3000E-S1 (12 V). DO NOT ENERGIZE.
Conn1,F18,TEST13,unmapped_nc,,,,,,,,,no,Named in v1.0 but AMD overlay unknown or reserved; no copper
Conn1,G18,GND,power_shared,GND,GND,GND,GND,GND,GND,GND,GND,yes,OCP-named power/ground on all 8 seats. P48V = local per-seat pour on 16 Conn0 pads after fuse keepout; NOT a 100A flood. P12V2 Unknown/may be NC. Do not tie P48V to D3000E-S1 (12 V). DO NOT ENERGIZE.
Conn1,H18,S7_RX1P,serdes_named_not_routed,,,,,,,,,no,Named SerDes (xGMI/IF candidate). NO NET on any seat. Do not route S1-S7.
Conn1,J18,GND,power_shared,GND,GND,GND,GND,GND,GND,GND,GND,yes,OCP-named power/ground on all 8 seats. P48V = local per-seat pour on 16 Conn0 pads after fuse keepout; NOT a 100A flood. P12V2 Unknown/may be NC. Do not tie P48V to D3000E-S1 (12 V). DO NOT ENERGIZE.
Conn1,K18,S7_RX8P,serdes_named_not_routed,,,,,,,,,no,Named SerDes (xGMI/IF candidate). NO NET on any seat. Do not route S1-S7.
Conn1,L18,GND,power_shared,GND,GND,GND,GND,GND,GND,GND,GND,yes,OCP-named power/ground on all 8 seats. P48V = local per-seat pour on 16 Conn0 pads after fuse keepout; NOT a 100A flood. P12V2 Unknown/may be NC. Do not tie P48V to D3000E-S1 (12 V). DO NOT ENERGIZE.
Conn1,A19,S7_TX0N,serdes_named_not_routed,,,,,,,,,no,Named SerDes (xGMI/IF candidate). NO NET on any seat. Do not route S1-S7.
Conn1,B19,GND,power_shared,GND,GND,GND,GND,GND,GND,GND,GND,yes,OCP-named power/ground on all 8 seats. P48V = local per-seat pour on 16 Conn0 pads after fuse keepout; NOT a 100A flood. P12V2 Unknown/may be NC. Do not tie P48V to D3000E-S1 (12 V). DO NOT ENERGIZE.
Conn1,C19,S6_TX0N,serdes_named_not_routed,,,,,,,,,no,Named SerDes (xGMI/IF candidate). NO NET on any seat. Do not route S1-S7.
Conn1,D19,GND,power_shared,GND,GND,GND,GND,GND,GND,GND,GND,yes,OCP-named power/ground on all 8 seats. P48V = local per-seat pour on 16 Conn0 pads after fuse keepout; NOT a 100A flood. P12V2 Unknown/may be NC. Do not tie P48V to D3000E-S1 (12 V). DO NOT ENERGIZE.
Conn1,E19,S6_TX8N,serdes_named_not_routed,,,,,,,,,no,Named SerDes (xGMI/IF candidate). NO NET on any seat. Do not route S1-S7.
Conn1,F19,GND,power_shared,GND,GND,GND,GND,GND,GND,GND,GND,yes,OCP-named power/ground on all 8 seats. P48V = local per-seat pour on 16 Conn0 pads after fuse keepout; NOT a 100A flood. P12V2 Unknown/may be NC. Do not tie P48V to D3000E-S1 (12 V). DO NOT ENERGIZE.
Conn1,G19,S7_RX0N,serdes_named_not_routed,,,,,,,,,no,Named SerDes (xGMI/IF candidate). NO NET on any seat. Do not route S1-S7.
Conn1,H19,GND,power_shared,GND,GND,GND,GND,GND,GND,GND,GND,yes,OCP-named power/ground on all 8 seats. P48V = local per-seat pour on 16 Conn0 pads after fuse keepout; NOT a 100A flood. P12V2 Unknown/may be NC. Do not tie P48V to D3000E-S1 (12 V). DO NOT ENERGIZE.
Conn1,J19,S6_RX0N,serdes_named_not_routed,,,,,,,,,no,Named SerDes (xGMI/IF candidate). NO NET on any seat. Do not route S1-S7.
Conn1,K19,GND,power_shared,GND,GND,GND,GND,GND,GND,GND,GND,yes,OCP-named power/ground on all 8 seats. P48V = local per-seat pour on 16 Conn0 pads after fuse keepout; NOT a 100A flood. P12V2 Unknown/may be NC. Do not tie P48V to D3000E-S1 (12 V). DO NOT ENERGIZE.
Conn1,L19,S6_RX8N,serdes_named_not_routed,,,,,,,,,no,Named SerDes (xGMI/IF candidate). NO NET on any seat. Do not route S1-S7.
Conn1,A20,S7_TX0P,serdes_named_not_routed,,,,,,,,,no,Named SerDes (xGMI/IF candidate). NO NET on any seat. Do not route S1-S7.
Conn1,B20,GND,power_shared,GND,GND,GND,GND,GND,GND,GND,GND,yes,OCP-named power/ground on all 8 seats. P48V = local per-seat pour on 16 Conn0 pads after fuse keepout; NOT a 100A flood. P12V2 Unknown/may be NC. Do not tie P48V to D3000E-S1 (12 V). DO NOT ENERGIZE.
Conn1,C20,S6_TX0P,serdes_named_not_routed,,,,,,,,,no,Named SerDes (xGMI/IF candidate). NO NET on any seat. Do not route S1-S7.
Conn1,D20,GND,power_shared,GND,GND,GND,GND,GND,GND,GND,GND,yes,OCP-named power/ground on all 8 seats. P48V = local per-seat pour on 16 Conn0 pads after fuse keepout; NOT a 100A flood. P12V2 Unknown/may be NC. Do not tie P48V to D3000E-S1 (12 V). DO NOT ENERGIZE.
Conn1,E20,S6_TX8P,serdes_named_not_routed,,,,,,,,,no,Named SerDes (xGMI/IF candidate). NO NET on any seat. Do not route S1-S7.
Conn1,F20,GND,power_shared,GND,GND,GND,GND,GND,GND,GND,GND,yes,OCP-named power/ground on all 8 seats. P48V = local per-seat pour on 16 Conn0 pads after fuse keepout; NOT a 100A flood. P12V2 Unknown/may be NC. Do not tie P48V to D3000E-S1 (12 V). DO NOT ENERGIZE.
Conn1,G20,S7_RX0P,serdes_named_not_routed,,,,,,,,,no,Named SerDes (xGMI/IF candidate). NO NET on any seat. Do not route S1-S7.
Conn1,H20,GND,power_shared,GND,GND,GND,GND,GND,GND,GND,GND,yes,OCP-named power/ground on all 8 seats. P48V = local per-seat pour on 16 Conn0 pads after fuse keepout; NOT a 100A flood. P12V2 Unknown/may be NC. Do not tie P48V to D3000E-S1 (12 V). DO NOT ENERGIZE.
Conn1,J20,S6_RX0P,serdes_named_not_routed,,,,,,,,,no,Named SerDes (xGMI/IF candidate). NO NET on any seat. Do not route S1-S7.
Conn1,K20,GND,power_shared,GND,GND,GND,GND,GND,GND,GND,GND,yes,OCP-named power/ground on all 8 seats. P48V = local per-seat pour on 16 Conn0 pads after fuse keepout; NOT a 100A flood. P12V2 Unknown/may be NC. Do not tie P48V to D3000E-S1 (12 V). DO NOT ENERGIZE.
Conn1,L20,S6_RX8P,serdes_named_not_routed,,,,,,,,,no,Named SerDes (xGMI/IF candidate). NO NET on any seat. Do not route S1-S7.
Conn1,A21,GND,power_shared,GND,GND,GND,GND,GND,GND,GND,GND,yes,OCP-named power/ground on all 8 seats. P48V = local per-seat pour on 16 Conn0 pads after fuse keepout; NOT a 100A flood. P12V2 Unknown/may be NC. Do not tie P48V to D3000E-S1 (12 V). DO NOT ENERGIZE.
Conn1,B21,S6_TX1N,serdes_named_not_routed,,,,,,,,,no,Named SerDes (xGMI/IF candidate). NO NET on any seat. Do not route S1-S7.
Conn1,C21,GND,power_shared,GND,GND,GND,GND,GND,GND,GND,GND,yes,OCP-named power/ground on all 8 seats. P48V = local per-seat pour on 16 Conn0 pads after fuse keepout; NOT a 100A flood. P12V2 Unknown/may be NC. Do not tie P48V to D3000E-S1 (12 V). DO NOT ENERGIZE.
Conn1,D21,S6_TX9N,serdes_named_not_routed,,,,,,,,,no,Named SerDes (xGMI/IF candidate). NO NET on any seat. Do not route S1-S7.
Conn1,E21,GND,power_shared,GND,GND,GND,GND,GND,GND,GND,GND,yes,OCP-named power/ground on all 8 seats. P48V = local per-seat pour on 16 Conn0 pads after fuse keepout; NOT a 100A flood. P12V2 Unknown/may be NC. Do not tie P48V to D3000E-S1 (12 V). DO NOT ENERGIZE.
Conn1,F21,TEST14,unmapped_nc,,,,,,,,,no,Named in v1.0 but AMD overlay unknown or reserved; no copper
Conn1,G21,GND,power_shared,GND,GND,GND,GND,GND,GND,GND,GND,yes,OCP-named power/ground on all 8 seats. P48V = local per-seat pour on 16 Conn0 pads after fuse keepout; NOT a 100A flood. P12V2 Unknown/may be NC. Do not tie P48V to D3000E-S1 (12 V). DO NOT ENERGIZE.
Conn1,H21,S6_RX1N,serdes_named_not_routed,,,,,,,,,no,Named SerDes (xGMI/IF candidate). NO NET on any seat. Do not route S1-S7.
Conn1,J21,GND,power_shared,GND,GND,GND,GND,GND,GND,GND,GND,yes,OCP-named power/ground on all 8 seats. P48V = local per-seat pour on 16 Conn0 pads after fuse keepout; NOT a 100A flood. P12V2 Unknown/may be NC. Do not tie P48V to D3000E-S1 (12 V). DO NOT ENERGIZE.
Conn1,K21,S6_RX9N,serdes_named_not_routed,,,,,,,,,no,Named SerDes (xGMI/IF candidate). NO NET on any seat. Do not route S1-S7.
Conn1,L21,GND,power_shared,GND,GND,GND,GND,GND,GND,GND,GND,yes,OCP-named power/ground on all 8 seats. P48V = local per-seat pour on 16 Conn0 pads after fuse keepout; NOT a 100A flood. P12V2 Unknown/may be NC. Do not tie P48V to D3000E-S1 (12 V). DO NOT ENERGIZE.
Conn1,A22,GND,power_shared,GND,GND,GND,GND,GND,GND,GND,GND,yes,OCP-named power/ground on all 8 seats. P48V = local per-seat pour on 16 Conn0 pads after fuse keepout; NOT a 100A flood. P12V2 Unknown/may be NC. Do not tie P48V to D3000E-S1 (12 V). DO NOT ENERGIZE.
Conn1,B22,S6_TX1P,serdes_named_not_routed,,,,,,,,,no,Named SerDes (xGMI/IF candidate). NO NET on any seat. Do not route S1-S7.
Conn1,C22,GND,power_shared,GND,GND,GND,GND,GND,GND,GND,GND,yes,OCP-named power/ground on all 8 seats. P48V = local per-seat pour on 16 Conn0 pads after fuse keepout; NOT a 100A flood. P12V2 Unknown/may be NC. Do not tie P48V to D3000E-S1 (12 V). DO NOT ENERGIZE.
Conn1,D22,S6_TX9P,serdes_named_not_routed,,,,,,,,,no,Named SerDes (xGMI/IF candidate). NO NET on any seat. Do not route S1-S7.
Conn1,E22,GND,power_shared,GND,GND,GND,GND,GND,GND,GND,GND,yes,OCP-named power/ground on all 8 seats. P48V = local per-seat pour on 16 Conn0 pads after fuse keepout; NOT a 100A flood. P12V2 Unknown/may be NC. Do not tie P48V to D3000E-S1 (12 V). DO NOT ENERGIZE.
Conn1,F22,RFU,unmapped_nc,,,,,,,,,no,Named in v1.0 but AMD overlay unknown or reserved; no copper
Conn1,G22,GND,power_shared,GND,GND,GND,GND,GND,GND,GND,GND,yes,OCP-named power/ground on all 8 seats. P48V = local per-seat pour on 16 Conn0 pads after fuse keepout; NOT a 100A flood. P12V2 Unknown/may be NC. Do not tie P48V to D3000E-S1 (12 V). DO NOT ENERGIZE.
Conn1,H22,S6_RX1P,serdes_named_not_routed,,,,,,,,,no,Named SerDes (xGMI/IF candidate). NO NET on any seat. Do not route S1-S7.
Conn1,J22,GND,power_shared,GND,GND,GND,GND,GND,GND,GND,GND,yes,OCP-named power/ground on all 8 seats. P48V = local per-seat pour on 16 Conn0 pads after fuse keepout; NOT a 100A flood. P12V2 Unknown/may be NC. Do not tie P48V to D3000E-S1 (12 V). DO NOT ENERGIZE.
Conn1,K22,S6_RX9P,serdes_named_not_routed,,,,,,,,,no,Named SerDes (xGMI/IF candidate). NO NET on any seat. Do not route S1-S7.
Conn1,L22,GND,power_shared,GND,GND,GND,GND,GND,GND,GND,GND,yes,OCP-named power/ground on all 8 seats. P48V = local per-seat pour on 16 Conn0 pads after fuse keepout; NOT a 100A flood. P12V2 Unknown/may be NC. Do not tie P48V to D3000E-S1 (12 V). DO NOT ENERGIZE.
Conn1,A23,S6_TX3N,serdes_named_not_routed,,,,,,,,,no,Named SerDes (xGMI/IF candidate). NO NET on any seat. Do not route S1-S7.
Conn1,B23,GND,power_shared,GND,GND,GND,GND,GND,GND,GND,GND,yes,OCP-named power/ground on all 8 seats. P48V = local per-seat pour on 16 Conn0 pads after fuse keepout; NOT a 100A flood. P12V2 Unknown/may be NC. Do not tie P48V to D3000E-S1 (12 V). DO NOT ENERGIZE.
Conn1,C23,S6_TX2N,serdes_named_not_routed,,,,,,,,,no,Named SerDes (xGMI/IF candidate). NO NET on any seat. Do not route S1-S7.
Conn1,D23,GND,power_shared,GND,GND,GND,GND,GND,GND,GND,GND,yes,OCP-named power/ground on all 8 seats. P48V = local per-seat pour on 16 Conn0 pads after fuse keepout; NOT a 100A flood. P12V2 Unknown/may be NC. Do not tie P48V to D3000E-S1 (12 V). DO NOT ENERGIZE.
Conn1,E23,S6_TX10N,serdes_named_not_routed,,,,,,,,,no,Named SerDes (xGMI/IF candidate). NO NET on any seat. Do not route S1-S7.
Conn1,F23,GND,power_shared,GND,GND,GND,GND,GND,GND,GND,GND,yes,OCP-named power/ground on all 8 seats. P48V = local per-seat pour on 16 Conn0 pads after fuse keepout; NOT a 100A flood. P12V2 Unknown/may be NC. Do not tie P48V to D3000E-S1 (12 V). DO NOT ENERGIZE.
Conn1,G23,S6_RX3N,serdes_named_not_routed,,,,,,,,,no,Named SerDes (xGMI/IF candidate). NO NET on any seat. Do not route S1-S7.
Conn1,H23,GND,power_shared,GND,GND,GND,GND,GND,GND,GND,GND,yes,OCP-named power/ground on all 8 seats. P48V = local per-seat pour on 16 Conn0 pads after fuse keepout; NOT a 100A flood. P12V2 Unknown/may be NC. Do not tie P48V to D3000E-S1 (12 V). DO NOT ENERGIZE.
Conn1,J23,S6_RX2N,serdes_named_not_routed,,,,,,,,,no,Named SerDes (xGMI/IF candidate). NO NET on any seat. Do not route S1-S7.
Conn1,K23,GND,power_shared,GND,GND,GND,GND,GND,GND,GND,GND,yes,OCP-named power/ground on all 8 seats. P48V = local per-seat pour on 16 Conn0 pads after fuse keepout; NOT a 100A flood. P12V2 Unknown/may be NC. Do not tie P48V to D3000E-S1 (12 V). DO NOT ENERGIZE.
Conn1,L23,S6_RX10N,serdes_named_not_routed,,,,,,,,,no,Named SerDes (xGMI/IF candidate). NO NET on any seat. Do not route S1-S7.
Conn1,A24,S6_TX3P,serdes_named_not_routed,,,,,,,,,no,Named SerDes (xGMI/IF candidate). NO NET on any seat. Do not route S1-S7.
Conn1,B24,GND,power_shared,GND,GND,GND,GND,GND,GND,GND,GND,yes,OCP-named power/ground on all 8 seats. P48V = local per-seat pour on 16 Conn0 pads after fuse keepout; NOT a 100A flood. P12V2 Unknown/may be NC. Do not tie P48V to D3000E-S1 (12 V). DO NOT ENERGIZE.
Conn1,C24,S6_TX2P,serdes_named_not_routed,,,,,,,,,no,Named SerDes (xGMI/IF candidate). NO NET on any seat. Do not route S1-S7.
Conn1,D24,GND,power_shared,GND,GND,GND,GND,GND,GND,GND,GND,yes,OCP-named power/ground on all 8 seats. P48V = local per-seat pour on 16 Conn0 pads after fuse keepout; NOT a 100A flood. P12V2 Unknown/may be NC. Do not tie P48V to D3000E-S1 (12 V). DO NOT ENERGIZE.
Conn1,E24,S6_TX10P,serdes_named_not_routed,,,,,,,,,no,Named SerDes (xGMI/IF candidate). NO NET on any seat. Do not route S1-S7.
Conn1,F24,GND,power_shared,GND,GND,GND,GND,GND,GND,GND,GND,yes,OCP-named power/ground on all 8 seats. P48V = local per-seat pour on 16 Conn0 pads after fuse keepout; NOT a 100A flood. P12V2 Unknown/may be NC. Do not tie P48V to D3000E-S1 (12 V). DO NOT ENERGIZE.
Conn1,G24,S6_RX3P,serdes_named_not_routed,,,,,,,,,no,Named SerDes (xGMI/IF candidate). NO NET on any seat. Do not route S1-S7.
Conn1,H24,GND,power_shared,GND,GND,GND,GND,GND,GND,GND,GND,yes,OCP-named power/ground on all 8 seats. P48V = local per-seat pour on 16 Conn0 pads after fuse keepout; NOT a 100A flood. P12V2 Unknown/may be NC. Do not tie P48V to D3000E-S1 (12 V). DO NOT ENERGIZE.
Conn1,J24,S6_RX2P,serdes_named_not_routed,,,,,,,,,no,Named SerDes (xGMI/IF candidate). NO NET on any seat. Do not route S1-S7.
Conn1,K24,GND,power_shared,GND,GND,GND,GND,GND,GND,GND,GND,yes,OCP-named power/ground on all 8 seats. P48V = local per-seat pour on 16 Conn0 pads after fuse keepout; NOT a 100A flood. P12V2 Unknown/may be NC. Do not tie P48V to D3000E-S1 (12 V). DO NOT ENERGIZE.
Conn1,L24,S6_RX10P,serdes_named_not_routed,,,,,,,,,no,Named SerDes (xGMI/IF candidate). NO NET on any seat. Do not route S1-S7.
Conn1,A25,GND,power_shared,GND,GND,GND,GND,GND,GND,GND,GND,yes,OCP-named power/ground on all 8 seats. P48V = local per-seat pour on 16 Conn0 pads after fuse keepout; NOT a 100A flood. P12V2 Unknown/may be NC. Do not tie P48V to D3000E-S1 (12 V). DO NOT ENERGIZE.
Conn1,B25,S6_TX4N,serdes_named_not_routed,,,,,,,,,no,Named SerDes (xGMI/IF candidate). NO NET on any seat. Do not route S1-S7.
Conn1,C25,GND,power_shared,GND,GND,GND,GND,GND,GND,GND,GND,yes,OCP-named power/ground on all 8 seats. P48V = local per-seat pour on 16 Conn0 pads after fuse keepout; NOT a 100A flood. P12V2 Unknown/may be NC. Do not tie P48V to D3000E-S1 (12 V). DO NOT ENERGIZE.
Conn1,D25,S6_TX11N,serdes_named_not_routed,,,,,,,,,no,Named SerDes (xGMI/IF candidate). NO NET on any seat. Do not route S1-S7.
Conn1,E25,GND,power_shared,GND,GND,GND,GND,GND,GND,GND,GND,yes,OCP-named power/ground on all 8 seats. P48V = local per-seat pour on 16 Conn0 pads after fuse keepout; NOT a 100A flood. P12V2 Unknown/may be NC. Do not tie P48V to D3000E-S1 (12 V). DO NOT ENERGIZE.
Conn1,F25,PWRRDT#0,ocp_sideband,OAM0_PWRRDT#0,OAM1_PWRRDT#0,OAM2_PWRRDT#0,OAM3_PWRRDT#0,OAM4_PWRRDT#0,OAM5_PWRRDT#0,OAM6_PWRRDT#0,OAM7_PWRRDT#0,yes,
Conn1,G25,GND,power_shared,GND,GND,GND,GND,GND,GND,GND,GND,yes,OCP-named power/ground on all 8 seats. P48V = local per-seat pour on 16 Conn0 pads after fuse keepout; NOT a 100A flood. P12V2 Unknown/may be NC. Do not tie P48V to D3000E-S1 (12 V). DO NOT ENERGIZE.
Conn1,H25,S6_RX4N,serdes_named_not_routed,,,,,,,,,no,Named SerDes (xGMI/IF candidate). NO NET on any seat. Do not route S1-S7.
Conn1,J25,GND,power_shared,GND,GND,GND,GND,GND,GND,GND,GND,yes,OCP-named power/ground on all 8 seats. P48V = local per-seat pour on 16 Conn0 pads after fuse keepout; NOT a 100A flood. P12V2 Unknown/may be NC. Do not tie P48V to D3000E-S1 (12 V). DO NOT ENERGIZE.
Conn1,K25,S6_RX11N,serdes_named_not_routed,,,,,,,,,no,Named SerDes (xGMI/IF candidate). NO NET on any seat. Do not route S1-S7.
Conn1,L25,GND,power_shared,GND,GND,GND,GND,GND,GND,GND,GND,yes,OCP-named power/ground on all 8 seats. P48V = local per-seat pour on 16 Conn0 pads after fuse keepout; NOT a 100A flood. P12V2 Unknown/may be NC. Do not tie P48V to D3000E-S1 (12 V). DO NOT ENERGIZE.
Conn1,A26,GND,power_shared,GND,GND,GND,GND,GND,GND,GND,GND,yes,OCP-named power/ground on all 8 seats. P48V = local per-seat pour on 16 Conn0 pads after fuse keepout; NOT a 100A flood. P12V2 Unknown/may be NC. Do not tie P48V to D3000E-S1 (12 V). DO NOT ENERGIZE.
Conn1,B26,S6_TX4P,serdes_named_not_routed,,,,,,,,,no,Named SerDes (xGMI/IF candidate). NO NET on any seat. Do not route S1-S7.
Conn1,C26,GND,power_shared,GND,GND,GND,GND,GND,GND,GND,GND,yes,OCP-named power/ground on all 8 seats. P48V = local per-seat pour on 16 Conn0 pads after fuse keepout; NOT a 100A flood. P12V2 Unknown/may be NC. Do not tie P48V to D3000E-S1 (12 V). DO NOT ENERGIZE.
Conn1,D26,S6_TX11P,serdes_named_not_routed,,,,,,,,,no,Named SerDes (xGMI/IF candidate). NO NET on any seat. Do not route S1-S7.
Conn1,E26,GND,power_shared,GND,GND,GND,GND,GND,GND,GND,GND,yes,OCP-named power/ground on all 8 seats. P48V = local per-seat pour on 16 Conn0 pads after fuse keepout; NOT a 100A flood. P12V2 Unknown/may be NC. Do not tie P48V to D3000E-S1 (12 V). DO NOT ENERGIZE.
Conn1,F26,PWRRDT#1,ocp_sideband,OAM0_PWRRDT#1,OAM1_PWRRDT#1,OAM2_PWRRDT#1,OAM3_PWRRDT#1,OAM4_PWRRDT#1,OAM5_PWRRDT#1,OAM6_PWRRDT#1,OAM7_PWRRDT#1,yes,
Conn1,G26,GND,power_shared,GND,GND,GND,GND,GND,GND,GND,GND,yes,OCP-named power/ground on all 8 seats. P48V = local per-seat pour on 16 Conn0 pads after fuse keepout; NOT a 100A flood. P12V2 Unknown/may be NC. Do not tie P48V to D3000E-S1 (12 V). DO NOT ENERGIZE.
Conn1,H26,S6_RX4P,serdes_named_not_routed,,,,,,,,,no,Named SerDes (xGMI/IF candidate). NO NET on any seat. Do not route S1-S7.
Conn1,J26,GND,power_shared,GND,GND,GND,GND,GND,GND,GND,GND,yes,OCP-named power/ground on all 8 seats. P48V = local per-seat pour on 16 Conn0 pads after fuse keepout; NOT a 100A flood. P12V2 Unknown/may be NC. Do not tie P48V to D3000E-S1 (12 V). DO NOT ENERGIZE.
Conn1,K26,S6_RX11P,serdes_named_not_routed,,,,,,,,,no,Named SerDes (xGMI/IF candidate). NO NET on any seat. Do not route S1-S7.
Conn1,L26,GND,power_shared,GND,GND,GND,GND,GND,GND,GND,GND,yes,OCP-named power/ground on all 8 seats. P48V = local per-seat pour on 16 Conn0 pads after fuse keepout; NOT a 100A flood. P12V2 Unknown/may be NC. Do not tie P48V to D3000E-S1 (12 V). DO NOT ENERGIZE.
Conn1,A27,S6_TX5N,serdes_named_not_routed,,,,,,,,,no,Named SerDes (xGMI/IF candidate). NO NET on any seat. Do not route S1-S7.
Conn1,B27,GND,power_shared,GND,GND,GND,GND,GND,GND,GND,GND,yes,OCP-named power/ground on all 8 seats. P48V = local per-seat pour on 16 Conn0 pads after fuse keepout; NOT a 100A flood. P12V2 Unknown/may be NC. Do not tie P48V to D3000E-S1 (12 V). DO NOT ENERGIZE.
Conn1,C27,S6_TX13N,serdes_named_not_routed,,,,,,,,,no,Named SerDes (xGMI/IF candidate). NO NET on any seat. Do not route S1-S7.
Conn1,D27,GND,power_shared,GND,GND,GND,GND,GND,GND,GND,GND,yes,OCP-named power/ground on all 8 seats. P48V = local per-seat pour on 16 Conn0 pads after fuse keepout; NOT a 100A flood. P12V2 Unknown/may be NC. Do not tie P48V to D3000E-S1 (12 V). DO NOT ENERGIZE.
Conn1,E27,S6_TX12N,serdes_named_not_routed,,,,,,,,,no,Named SerDes (xGMI/IF candidate). NO NET on any seat. Do not route S1-S7.
Conn1,F27,GND,power_shared,GND,GND,GND,GND,GND,GND,GND,GND,yes,OCP-named power/ground on all 8 seats. P48V = local per-seat pour on 16 Conn0 pads after fuse keepout; NOT a 100A flood. P12V2 Unknown/may be NC. Do not tie P48V to D3000E-S1 (12 V). DO NOT ENERGIZE.
Conn1,G27,S6_RX6N,serdes_named_not_routed,,,,,,,,,no,Named SerDes (xGMI/IF candidate). NO NET on any seat. Do not route S1-S7.
Conn1,H27,GND,power_shared,GND,GND,GND,GND,GND,GND,GND,GND,yes,OCP-named power/ground on all 8 seats. P48V = local per-seat pour on 16 Conn0 pads after fuse keepout; NOT a 100A flood. P12V2 Unknown/may be NC. Do not tie P48V to D3000E-S1 (12 V). DO NOT ENERGIZE.
Conn1,J27,S6_RX5N,serdes_named_not_routed,,,,,,,,,no,Named SerDes (xGMI/IF candidate). NO NET on any seat. Do not route S1-S7.
Conn1,K27,GND,power_shared,GND,GND,GND,GND,GND,GND,GND,GND,yes,OCP-named power/ground on all 8 seats. P48V = local per-seat pour on 16 Conn0 pads after fuse keepout; NOT a 100A flood. P12V2 Unknown/may be NC. Do not tie P48V to D3000E-S1 (12 V). DO NOT ENERGIZE.
Conn1,L27,S6_RX12N,serdes_named_not_routed,,,,,,,,,no,Named SerDes (xGMI/IF candidate). NO NET on any seat. Do not route S1-S7.
Conn1,A28,S6_TX5P,serdes_named_not_routed,,,,,,,,,no,Named SerDes (xGMI/IF candidate). NO NET on any seat. Do not route S1-S7.
Conn1,B28,GND,power_shared,GND,GND,GND,GND,GND,GND,GND,GND,yes,OCP-named power/ground on all 8 seats. P48V = local per-seat pour on 16 Conn0 pads after fuse keepout; NOT a 100A flood. P12V2 Unknown/may be NC. Do not tie P48V to D3000E-S1 (12 V). DO NOT ENERGIZE.
Conn1,C28,S6_TX13P,serdes_named_not_routed,,,,,,,,,no,Named SerDes (xGMI/IF candidate). NO NET on any seat. Do not route S1-S7.
Conn1,D28,GND,power_shared,GND,GND,GND,GND,GND,GND,GND,GND,yes,OCP-named power/ground on all 8 seats. P48V = local per-seat pour on 16 Conn0 pads after fuse keepout; NOT a 100A flood. P12V2 Unknown/may be NC. Do not tie P48V to D3000E-S1 (12 V). DO NOT ENERGIZE.
Conn1,E28,S6_TX12P,serdes_named_not_routed,,,,,,,,,no,Named SerDes (xGMI/IF candidate). NO NET on any seat. Do not route S1-S7.
Conn1,F28,GND,power_shared,GND,GND,GND,GND,GND,GND,GND,GND,yes,OCP-named power/ground on all 8 seats. P48V = local per-seat pour on 16 Conn0 pads after fuse keepout; NOT a 100A flood. P12V2 Unknown/may be NC. Do not tie P48V to D3000E-S1 (12 V). DO NOT ENERGIZE.
Conn1,G28,S6_RX6P,serdes_named_not_routed,,,,,,,,,no,Named SerDes (xGMI/IF candidate). NO NET on any seat. Do not route S1-S7.
Conn1,H28,GND,power_shared,GND,GND,GND,GND,GND,GND,GND,GND,yes,OCP-named power/ground on all 8 seats. P48V = local per-seat pour on 16 Conn0 pads after fuse keepout; NOT a 100A flood. P12V2 Unknown/may be NC. Do not tie P48V to D3000E-S1 (12 V). DO NOT ENERGIZE.
Conn1,J28,S6_RX5P,serdes_named_not_routed,,,,,,,,,no,Named SerDes (xGMI/IF candidate). NO NET on any seat. Do not route S1-S7.
Conn1,K28,GND,power_shared,GND,GND,GND,GND,GND,GND,GND,GND,yes,OCP-named power/ground on all 8 seats. P48V = local per-seat pour on 16 Conn0 pads after fuse keepout; NOT a 100A flood. P12V2 Unknown/may be NC. Do not tie P48V to D3000E-S1 (12 V). DO NOT ENERGIZE.
Conn1,L28,S6_RX12P,serdes_named_not_routed,,,,,,,,,no,Named SerDes (xGMI/IF candidate). NO NET on any seat. Do not route S1-S7.
Conn1,A29,GND,power_shared,GND,GND,GND,GND,GND,GND,GND,GND,yes,OCP-named power/ground on all 8 seats. P48V = local per-seat pour on 16 Conn0 pads after fuse keepout; NOT a 100A flood. P12V2 Unknown/may be NC. Do not tie P48V to D3000E-S1 (12 V). DO NOT ENERGIZE.
Conn1,B29,S6_TX6N,serdes_named_not_routed,,,,,,,,,no,Named SerDes (xGMI/IF candidate). NO NET on any seat. Do not route S1-S7.
Conn1,C29,GND,power_shared,GND,GND,GND,GND,GND,GND,GND,GND,yes,OCP-named power/ground on all 8 seats. P48V = local per-seat pour on 16 Conn0 pads after fuse keepout; NOT a 100A flood. P12V2 Unknown/may be NC. Do not tie P48V to D3000E-S1 (12 V). DO NOT ENERGIZE.
Conn1,D29,S6_TX14N,serdes_named_not_routed,,,,,,,,,no,Named SerDes (xGMI/IF candidate). NO NET on any seat. Do not route S1-S7.
Conn1,E29,GND,power_shared,GND,GND,GND,GND,GND,GND,GND,GND,yes,OCP-named power/ground on all 8 seats. P48V = local per-seat pour on 16 Conn0 pads after fuse keepout; NOT a 100A flood. P12V2 Unknown/may be NC. Do not tie P48V to D3000E-S1 (12 V). DO NOT ENERGIZE.
Conn1,F29,RFU,unmapped_nc,,,,,,,,,no,Named in v1.0 but AMD overlay unknown or reserved; no copper
Conn1,G29,GND,power_shared,GND,GND,GND,GND,GND,GND,GND,GND,yes,OCP-named power/ground on all 8 seats. P48V = local per-seat pour on 16 Conn0 pads after fuse keepout; NOT a 100A flood. P12V2 Unknown/may be NC. Do not tie P48V to D3000E-S1 (12 V). DO NOT ENERGIZE.
Conn1,H29,S6_RX7N,serdes_named_not_routed,,,,,,,,,no,Named SerDes (xGMI/IF candidate). NO NET on any seat. Do not route S1-S7.
Conn1,J29,GND,power_shared,GND,GND,GND,GND,GND,GND,GND,GND,yes,OCP-named power/ground on all 8 seats. P48V = local per-seat pour on 16 Conn0 pads after fuse keepout; NOT a 100A flood. P12V2 Unknown/may be NC. Do not tie P48V to D3000E-S1 (12 V). DO NOT ENERGIZE.
Conn1,K29,S6_RX13N,serdes_named_not_routed,,,,,,,,,no,Named SerDes (xGMI/IF candidate). NO NET on any seat. Do not route S1-S7.
Conn1,L29,GND,power_shared,GND,GND,GND,GND,GND,GND,GND,GND,yes,OCP-named power/ground on all 8 seats. P48V = local per-seat pour on 16 Conn0 pads after fuse keepout; NOT a 100A flood. P12V2 Unknown/may be NC. Do not tie P48V to D3000E-S1 (12 V). DO NOT ENERGIZE.
Conn1,A30,GND,power_shared,GND,GND,GND,GND,GND,GND,GND,GND,yes,OCP-named power/ground on all 8 seats. P48V = local per-seat pour on 16 Conn0 pads after fuse keepout; NOT a 100A flood. P12V2 Unknown/may be NC. Do not tie P48V to D3000E-S1 (12 V). DO NOT ENERGIZE.
Conn1,B30,S6_TX6P,serdes_named_not_routed,,,,,,,,,no,Named SerDes (xGMI/IF candidate). NO NET on any seat. Do not route S1-S7.
Conn1,C30,GND,power_shared,GND,GND,GND,GND,GND,GND,GND,GND,yes,OCP-named power/ground on all 8 seats. P48V = local per-seat pour on 16 Conn0 pads after fuse keepout; NOT a 100A flood. P12V2 Unknown/may be NC. Do not tie P48V to D3000E-S1 (12 V). DO NOT ENERGIZE.
Conn1,D30,S6_TX14P,serdes_named_not_routed,,,,,,,,,no,Named SerDes (xGMI/IF candidate). NO NET on any seat. Do not route S1-S7.
Conn1,E30,GND,power_shared,GND,GND,GND,GND,GND,GND,GND,GND,yes,OCP-named power/ground on all 8 seats. P48V = local per-seat pour on 16 Conn0 pads after fuse keepout; NOT a 100A flood. P12V2 Unknown/may be NC. Do not tie P48V to D3000E-S1 (12 V). DO NOT ENERGIZE.
Conn1,F30,RFU,unmapped_nc,,,,,,,,,no,Named in v1.0 but AMD overlay unknown or reserved; no copper
Conn1,G30,GND,power_shared,GND,GND,GND,GND,GND,GND,GND,GND,yes,OCP-named power/ground on all 8 seats. P48V = local per-seat pour on 16 Conn0 pads after fuse keepout; NOT a 100A flood. P12V2 Unknown/may be NC. Do not tie P48V to D3000E-S1 (12 V). DO NOT ENERGIZE.
Conn1,H30,S6_RX7P,serdes_named_not_routed,,,,,,,,,no,Named SerDes (xGMI/IF candidate). NO NET on any seat. Do not route S1-S7.
Conn1,J30,GND,power_shared,GND,GND,GND,GND,GND,GND,GND,GND,yes,OCP-named power/ground on all 8 seats. P48V = local per-seat pour on 16 Conn0 pads after fuse keepout; NOT a 100A flood. P12V2 Unknown/may be NC. Do not tie P48V to D3000E-S1 (12 V). DO NOT ENERGIZE.
Conn1,K30,S6_RX13P,serdes_named_not_routed,,,,,,,,,no,Named SerDes (xGMI/IF candidate). NO NET on any seat. Do not route S1-S7.
Conn1,L30,GND,power_shared,GND,GND,GND,GND,GND,GND,GND,GND,yes,OCP-named power/ground on all 8 seats. P48V = local per-seat pour on 16 Conn0 pads after fuse keepout; NOT a 100A flood. P12V2 Unknown/may be NC. Do not tie P48V to D3000E-S1 (12 V). DO NOT ENERGIZE.
Conn1,A31,S6_TX7N,serdes_named_not_routed,,,,,,,,,no,Named SerDes (xGMI/IF candidate). NO NET on any seat. Do not route S1-S7.
Conn1,B31,GND,power_shared,GND,GND,GND,GND,GND,GND,GND,GND,yes,OCP-named power/ground on all 8 seats. P48V = local per-seat pour on 16 Conn0 pads after fuse keepout; NOT a 100A flood. P12V2 Unknown/may be NC. Do not tie P48V to D3000E-S1 (12 V). DO NOT ENERGIZE.
Conn1,C31,S6_TX15N,serdes_named_not_routed,,,,,,,,,no,Named SerDes (xGMI/IF candidate). NO NET on any seat. Do not route S1-S7.
Conn1,D31,GND,power_shared,GND,GND,GND,GND,GND,GND,GND,GND,yes,OCP-named power/ground on all 8 seats. P48V = local per-seat pour on 16 Conn0 pads after fuse keepout; NOT a 100A flood. P12V2 Unknown/may be NC. Do not tie P48V to D3000E-S1 (12 V). DO NOT ENERGIZE.
Conn1,E31,RFU,unmapped_nc,,,,,,,,,no,Named in v1.0 but AMD overlay unknown or reserved; no copper
Conn1,F31,GND,power_shared,GND,GND,GND,GND,GND,GND,GND,GND,yes,OCP-named power/ground on all 8 seats. P48V = local per-seat pour on 16 Conn0 pads after fuse keepout; NOT a 100A flood. P12V2 Unknown/may be NC. Do not tie P48V to D3000E-S1 (12 V). DO NOT ENERGIZE.
Conn1,G31,RFU,unmapped_nc,,,,,,,,,no,Named in v1.0 but AMD overlay unknown or reserved; no copper
Conn1,H31,GND,power_shared,GND,GND,GND,GND,GND,GND,GND,GND,yes,OCP-named power/ground on all 8 seats. P48V = local per-seat pour on 16 Conn0 pads after fuse keepout; NOT a 100A flood. P12V2 Unknown/may be NC. Do not tie P48V to D3000E-S1 (12 V). DO NOT ENERGIZE.
Conn1,J31,S6_RX15N,serdes_named_not_routed,,,,,,,,,no,Named SerDes (xGMI/IF candidate). NO NET on any seat. Do not route S1-S7.
Conn1,K31,GND,power_shared,GND,GND,GND,GND,GND,GND,GND,GND,yes,OCP-named power/ground on all 8 seats. P48V = local per-seat pour on 16 Conn0 pads after fuse keepout; NOT a 100A flood. P12V2 Unknown/may be NC. Do not tie P48V to D3000E-S1 (12 V). DO NOT ENERGIZE.
Conn1,L31,S6_RX14N,serdes_named_not_routed,,,,,,,,,no,Named SerDes (xGMI/IF candidate). NO NET on any seat. Do not route S1-S7.
Conn1,A32,S6_TX7P,serdes_named_not_routed,,,,,,,,,no,Named SerDes (xGMI/IF candidate). NO NET on any seat. Do not route S1-S7.
Conn1,B32,GND,power_shared,GND,GND,GND,GND,GND,GND,GND,GND,yes,OCP-named power/ground on all 8 seats. P48V = local per-seat pour on 16 Conn0 pads after fuse keepout; NOT a 100A flood. P12V2 Unknown/may be NC. Do not tie P48V to D3000E-S1 (12 V). DO NOT ENERGIZE.
Conn1,C32,S6_TX15P,serdes_named_not_routed,,,,,,,,,no,Named SerDes (xGMI/IF candidate). NO NET on any seat. Do not route S1-S7.
Conn1,D32,GND,power_shared,GND,GND,GND,GND,GND,GND,GND,GND,yes,OCP-named power/ground on all 8 seats. P48V = local per-seat pour on 16 Conn0 pads after fuse keepout; NOT a 100A flood. P12V2 Unknown/may be NC. Do not tie P48V to D3000E-S1 (12 V). DO NOT ENERGIZE.
Conn1,E32,RFU,unmapped_nc,,,,,,,,,no,Named in v1.0 but AMD overlay unknown or reserved; no copper
Conn1,F32,GND,power_shared,GND,GND,GND,GND,GND,GND,GND,GND,yes,OCP-named power/ground on all 8 seats. P48V = local per-seat pour on 16 Conn0 pads after fuse keepout; NOT a 100A flood. P12V2 Unknown/may be NC. Do not tie P48V to D3000E-S1 (12 V). DO NOT ENERGIZE.
Conn1,G32,RFU,unmapped_nc,,,,,,,,,no,Named in v1.0 but AMD overlay unknown or reserved; no copper
Conn1,H32,GND,power_shared,GND,GND,GND,GND,GND,GND,GND,GND,yes,OCP-named power/ground on all 8 seats. P48V = local per-seat pour on 16 Conn0 pads after fuse keepout; NOT a 100A flood. P12V2 Unknown/may be NC. Do not tie P48V to D3000E-S1 (12 V). DO NOT ENERGIZE.
Conn1,J32,S6_RX15P,serdes_named_not_routed,,,,,,,,,no,Named SerDes (xGMI/IF candidate). NO NET on any seat. Do not route S1-S7.
Conn1,K32,GND,power_shared,GND,GND,GND,GND,GND,GND,GND,GND,yes,OCP-named power/ground on all 8 seats. P48V = local per-seat pour on 16 Conn0 pads after fuse keepout; NOT a 100A flood. P12V2 Unknown/may be NC. Do not tie P48V to D3000E-S1 (12 V). DO NOT ENERGIZE.
Conn1,L32,S6_RX14P,serdes_named_not_routed,,,,,,,,,no,Named SerDes (xGMI/IF candidate). NO NET on any seat. Do not route S1-S7.
Conn1,A33,GND,power_shared,GND,GND,GND,GND,GND,GND,GND,GND,yes,OCP-named power/ground on all 8 seats. P48V = local per-seat pour on 16 Conn0 pads after fuse keepout; NOT a 100A flood. P12V2 Unknown/may be NC. Do not tie P48V to D3000E-S1 (12 V). DO NOT ENERGIZE.
Conn1,B33,S5_TX0N,serdes_named_not_routed,,,,,,,,,no,Named SerDes (xGMI/IF candidate). NO NET on any seat. Do not route S1-S7.
Conn1,C33,GND,power_shared,GND,GND,GND,GND,GND,GND,GND,GND,yes,OCP-named power/ground on all 8 seats. P48V = local per-seat pour on 16 Conn0 pads after fuse keepout; NOT a 100A flood. P12V2 Unknown/may be NC. Do not tie P48V to D3000E-S1 (12 V). DO NOT ENERGIZE.
Conn1,D33,S5_TX8N,serdes_named_not_routed,,,,,,,,,no,Named SerDes (xGMI/IF candidate). NO NET on any seat. Do not route S1-S7.
Conn1,E33,GND,power_shared,GND,GND,GND,GND,GND,GND,GND,GND,yes,OCP-named power/ground on all 8 seats. P48V = local per-seat pour on 16 Conn0 pads after fuse keepout; NOT a 100A flood. P12V2 Unknown/may be NC. Do not tie P48V to D3000E-S1 (12 V). DO NOT ENERGIZE.
Conn1,F33,RFU,unmapped_nc,,,,,,,,,no,Named in v1.0 but AMD overlay unknown or reserved; no copper
Conn1,G33,GND,power_shared,GND,GND,GND,GND,GND,GND,GND,GND,yes,OCP-named power/ground on all 8 seats. P48V = local per-seat pour on 16 Conn0 pads after fuse keepout; NOT a 100A flood. P12V2 Unknown/may be NC. Do not tie P48V to D3000E-S1 (12 V). DO NOT ENERGIZE.
Conn1,H33,S5_RX0N,serdes_named_not_routed,,,,,,,,,no,Named SerDes (xGMI/IF candidate). NO NET on any seat. Do not route S1-S7.
Conn1,J33,GND,power_shared,GND,GND,GND,GND,GND,GND,GND,GND,yes,OCP-named power/ground on all 8 seats. P48V = local per-seat pour on 16 Conn0 pads after fuse keepout; NOT a 100A flood. P12V2 Unknown/may be NC. Do not tie P48V to D3000E-S1 (12 V). DO NOT ENERGIZE.
Conn1,K33,S5_RX8N,serdes_named_not_routed,,,,,,,,,no,Named SerDes (xGMI/IF candidate). NO NET on any seat. Do not route S1-S7.
Conn1,L33,GND,power_shared,GND,GND,GND,GND,GND,GND,GND,GND,yes,OCP-named power/ground on all 8 seats. P48V = local per-seat pour on 16 Conn0 pads after fuse keepout; NOT a 100A flood. P12V2 Unknown/may be NC. Do not tie P48V to D3000E-S1 (12 V). DO NOT ENERGIZE.
Conn1,A34,GND,power_shared,GND,GND,GND,GND,GND,GND,GND,GND,yes,OCP-named power/ground on all 8 seats. P48V = local per-seat pour on 16 Conn0 pads after fuse keepout; NOT a 100A flood. P12V2 Unknown/may be NC. Do not tie P48V to D3000E-S1 (12 V). DO NOT ENERGIZE.
Conn1,B34,S5_TX0P,serdes_named_not_routed,,,,,,,,,no,Named SerDes (xGMI/IF candidate). NO NET on any seat. Do not route S1-S7.
Conn1,C34,GND,power_shared,GND,GND,GND,GND,GND,GND,GND,GND,yes,OCP-named power/ground on all 8 seats. P48V = local per-seat pour on 16 Conn0 pads after fuse keepout; NOT a 100A flood. P12V2 Unknown/may be NC. Do not tie P48V to D3000E-S1 (12 V). DO NOT ENERGIZE.
Conn1,D34,S5_TX8P,serdes_named_not_routed,,,,,,,,,no,Named SerDes (xGMI/IF candidate). NO NET on any seat. Do not route S1-S7.
Conn1,E34,GND,power_shared,GND,GND,GND,GND,GND,GND,GND,GND,yes,OCP-named power/ground on all 8 seats. P48V = local per-seat pour on 16 Conn0 pads after fuse keepout; NOT a 100A flood. P12V2 Unknown/may be NC. Do not tie P48V to D3000E-S1 (12 V). DO NOT ENERGIZE.
Conn1,F34,RFU,unmapped_nc,,,,,,,,,no,Named in v1.0 but AMD overlay unknown or reserved; no copper
Conn1,G34,GND,power_shared,GND,GND,GND,GND,GND,GND,GND,GND,yes,OCP-named power/ground on all 8 seats. P48V = local per-seat pour on 16 Conn0 pads after fuse keepout; NOT a 100A flood. P12V2 Unknown/may be NC. Do not tie P48V to D3000E-S1 (12 V). DO NOT ENERGIZE.
Conn1,H34,S5_RX0P,serdes_named_not_routed,,,,,,,,,no,Named SerDes (xGMI/IF candidate). NO NET on any seat. Do not route S1-S7.
Conn1,J34,GND,power_shared,GND,GND,GND,GND,GND,GND,GND,GND,yes,OCP-named power/ground on all 8 seats. P48V = local per-seat pour on 16 Conn0 pads after fuse keepout; NOT a 100A flood. P12V2 Unknown/may be NC. Do not tie P48V to D3000E-S1 (12 V). DO NOT ENERGIZE.
Conn1,K34,S5_RX8P,serdes_named_not_routed,,,,,,,,,no,Named SerDes (xGMI/IF candidate). NO NET on any seat. Do not route S1-S7.
Conn1,L34,GND,power_shared,GND,GND,GND,GND,GND,GND,GND,GND,yes,OCP-named power/ground on all 8 seats. P48V = local per-seat pour on 16 Conn0 pads after fuse keepout; NOT a 100A flood. P12V2 Unknown/may be NC. Do not tie P48V to D3000E-S1 (12 V). DO NOT ENERGIZE.
Conn1,A35,S5_TX2N,serdes_named_not_routed,,,,,,,,,no,Named SerDes (xGMI/IF candidate). NO NET on any seat. Do not route S1-S7.
Conn1,B35,GND,power_shared,GND,GND,GND,GND,GND,GND,GND,GND,yes,OCP-named power/ground on all 8 seats. P48V = local per-seat pour on 16 Conn0 pads after fuse keepout; NOT a 100A flood. P12V2 Unknown/may be NC. Do not tie P48V to D3000E-S1 (12 V). DO NOT ENERGIZE.
Conn1,C35,S5_TX1N,serdes_named_not_routed,,,,,,,,,no,Named SerDes (xGMI/IF candidate). NO NET on any seat. Do not route S1-S7.
Conn1,D35,GND,power_shared,GND,GND,GND,GND,GND,GND,GND,GND,yes,OCP-named power/ground on all 8 seats. P48V = local per-seat pour on 16 Conn0 pads after fuse keepout; NOT a 100A flood. P12V2 Unknown/may be NC. Do not tie P48V to D3000E-S1 (12 V). DO NOT ENERGIZE.
Conn1,E35,S5_TX9N,serdes_named_not_routed,,,,,,,,,no,Named SerDes (xGMI/IF candidate). NO NET on any seat. Do not route S1-S7.
Conn1,F35,GND,power_shared,GND,GND,GND,GND,GND,GND,GND,GND,yes,OCP-named power/ground on all 8 seats. P48V = local per-seat pour on 16 Conn0 pads after fuse keepout; NOT a 100A flood. P12V2 Unknown/may be NC. Do not tie P48V to D3000E-S1 (12 V). DO NOT ENERGIZE.
Conn1,G35,S5_RX2N,serdes_named_not_routed,,,,,,,,,no,Named SerDes (xGMI/IF candidate). NO NET on any seat. Do not route S1-S7.
Conn1,H35,GND,power_shared,GND,GND,GND,GND,GND,GND,GND,GND,yes,OCP-named power/ground on all 8 seats. P48V = local per-seat pour on 16 Conn0 pads after fuse keepout; NOT a 100A flood. P12V2 Unknown/may be NC. Do not tie P48V to D3000E-S1 (12 V). DO NOT ENERGIZE.
Conn1,J35,S5_RX1N,serdes_named_not_routed,,,,,,,,,no,Named SerDes (xGMI/IF candidate). NO NET on any seat. Do not route S1-S7.
Conn1,K35,GND,power_shared,GND,GND,GND,GND,GND,GND,GND,GND,yes,OCP-named power/ground on all 8 seats. P48V = local per-seat pour on 16 Conn0 pads after fuse keepout; NOT a 100A flood. P12V2 Unknown/may be NC. Do not tie P48V to D3000E-S1 (12 V). DO NOT ENERGIZE.
Conn1,L35,S5_RX9N,serdes_named_not_routed,,,,,,,,,no,Named SerDes (xGMI/IF candidate). NO NET on any seat. Do not route S1-S7.
Conn1,A36,S5_TX2P,serdes_named_not_routed,,,,,,,,,no,Named SerDes (xGMI/IF candidate). NO NET on any seat. Do not route S1-S7.
Conn1,B36,GND,power_shared,GND,GND,GND,GND,GND,GND,GND,GND,yes,OCP-named power/ground on all 8 seats. P48V = local per-seat pour on 16 Conn0 pads after fuse keepout; NOT a 100A flood. P12V2 Unknown/may be NC. Do not tie P48V to D3000E-S1 (12 V). DO NOT ENERGIZE.
Conn1,C36,S5_TX1P,serdes_named_not_routed,,,,,,,,,no,Named SerDes (xGMI/IF candidate). NO NET on any seat. Do not route S1-S7.
Conn1,D36,GND,power_shared,GND,GND,GND,GND,GND,GND,GND,GND,yes,OCP-named power/ground on all 8 seats. P48V = local per-seat pour on 16 Conn0 pads after fuse keepout; NOT a 100A flood. P12V2 Unknown/may be NC. Do not tie P48V to D3000E-S1 (12 V). DO NOT ENERGIZE.
Conn1,E36,S5_TX9P,serdes_named_not_routed,,,,,,,,,no,Named SerDes (xGMI/IF candidate). NO NET on any seat. Do not route S1-S7.
Conn1,F36,GND,power_shared,GND,GND,GND,GND,GND,GND,GND,GND,yes,OCP-named power/ground on all 8 seats. P48V = local per-seat pour on 16 Conn0 pads after fuse keepout; NOT a 100A flood. P12V2 Unknown/may be NC. Do not tie P48V to D3000E-S1 (12 V). DO NOT ENERGIZE.
Conn1,G36,S5_RX2P,serdes_named_not_routed,,,,,,,,,no,Named SerDes (xGMI/IF candidate). NO NET on any seat. Do not route S1-S7.
Conn1,H36,GND,power_shared,GND,GND,GND,GND,GND,GND,GND,GND,yes,OCP-named power/ground on all 8 seats. P48V = local per-seat pour on 16 Conn0 pads after fuse keepout; NOT a 100A flood. P12V2 Unknown/may be NC. Do not tie P48V to D3000E-S1 (12 V). DO NOT ENERGIZE.
Conn1,J36,S5_RX1P,serdes_named_not_routed,,,,,,,,,no,Named SerDes (xGMI/IF candidate). NO NET on any seat. Do not route S1-S7.
Conn1,K36,GND,power_shared,GND,GND,GND,GND,GND,GND,GND,GND,yes,OCP-named power/ground on all 8 seats. P48V = local per-seat pour on 16 Conn0 pads after fuse keepout; NOT a 100A flood. P12V2 Unknown/may be NC. Do not tie P48V to D3000E-S1 (12 V). DO NOT ENERGIZE.
Conn1,L36,S5_RX9P,serdes_named_not_routed,,,,,,,,,no,Named SerDes (xGMI/IF candidate). NO NET on any seat. Do not route S1-S7.
Conn1,A37,GND,power_shared,GND,GND,GND,GND,GND,GND,GND,GND,yes,OCP-named power/ground on all 8 seats. P48V = local per-seat pour on 16 Conn0 pads after fuse keepout; NOT a 100A flood. P12V2 Unknown/may be NC. Do not tie P48V to D3000E-S1 (12 V). DO NOT ENERGIZE.
Conn1,B37,S5_TX3N,serdes_named_not_routed,,,,,,,,,no,Named SerDes (xGMI/IF candidate). NO NET on any seat. Do not route S1-S7.
Conn1,C37,GND,power_shared,GND,GND,GND,GND,GND,GND,GND,GND,yes,OCP-named power/ground on all 8 seats. P48V = local per-seat pour on 16 Conn0 pads after fuse keepout; NOT a 100A flood. P12V2 Unknown/may be NC. Do not tie P48V to D3000E-S1 (12 V). DO NOT ENERGIZE.
Conn1,D37,S5_TX10N,serdes_named_not_routed,,,,,,,,,no,Named SerDes (xGMI/IF candidate). NO NET on any seat. Do not route S1-S7.
Conn1,E37,GND,power_shared,GND,GND,GND,GND,GND,GND,GND,GND,yes,OCP-named power/ground on all 8 seats. P48V = local per-seat pour on 16 Conn0 pads after fuse keepout; NOT a 100A flood. P12V2 Unknown/may be NC. Do not tie P48V to D3000E-S1 (12 V). DO NOT ENERGIZE.
Conn1,F37,RFU,unmapped_nc,,,,,,,,,no,Named in v1.0 but AMD overlay unknown or reserved; no copper
Conn1,G37,GND,power_shared,GND,GND,GND,GND,GND,GND,GND,GND,yes,OCP-named power/ground on all 8 seats. P48V = local per-seat pour on 16 Conn0 pads after fuse keepout; NOT a 100A flood. P12V2 Unknown/may be NC. Do not tie P48V to D3000E-S1 (12 V). DO NOT ENERGIZE.
Conn1,H37,S5_RX3N,serdes_named_not_routed,,,,,,,,,no,Named SerDes (xGMI/IF candidate). NO NET on any seat. Do not route S1-S7.
Conn1,J37,GND,power_shared,GND,GND,GND,GND,GND,GND,GND,GND,yes,OCP-named power/ground on all 8 seats. P48V = local per-seat pour on 16 Conn0 pads after fuse keepout; NOT a 100A flood. P12V2 Unknown/may be NC. Do not tie P48V to D3000E-S1 (12 V). DO NOT ENERGIZE.
Conn1,K37,S5_RX10N,serdes_named_not_routed,,,,,,,,,no,Named SerDes (xGMI/IF candidate). NO NET on any seat. Do not route S1-S7.
Conn1,L37,GND,power_shared,GND,GND,GND,GND,GND,GND,GND,GND,yes,OCP-named power/ground on all 8 seats. P48V = local per-seat pour on 16 Conn0 pads after fuse keepout; NOT a 100A flood. P12V2 Unknown/may be NC. Do not tie P48V to D3000E-S1 (12 V). DO NOT ENERGIZE.
Conn1,A38,GND,power_shared,GND,GND,GND,GND,GND,GND,GND,GND,yes,OCP-named power/ground on all 8 seats. P48V = local per-seat pour on 16 Conn0 pads after fuse keepout; NOT a 100A flood. P12V2 Unknown/may be NC. Do not tie P48V to D3000E-S1 (12 V). DO NOT ENERGIZE.
Conn1,B38,S5_TX3P,serdes_named_not_routed,,,,,,,,,no,Named SerDes (xGMI/IF candidate). NO NET on any seat. Do not route S1-S7.
Conn1,C38,GND,power_shared,GND,GND,GND,GND,GND,GND,GND,GND,yes,OCP-named power/ground on all 8 seats. P48V = local per-seat pour on 16 Conn0 pads after fuse keepout; NOT a 100A flood. P12V2 Unknown/may be NC. Do not tie P48V to D3000E-S1 (12 V). DO NOT ENERGIZE.
Conn1,D38,S5_TX10P,serdes_named_not_routed,,,,,,,,,no,Named SerDes (xGMI/IF candidate). NO NET on any seat. Do not route S1-S7.
Conn1,E38,GND,power_shared,GND,GND,GND,GND,GND,GND,GND,GND,yes,OCP-named power/ground on all 8 seats. P48V = local per-seat pour on 16 Conn0 pads after fuse keepout; NOT a 100A flood. P12V2 Unknown/may be NC. Do not tie P48V to D3000E-S1 (12 V). DO NOT ENERGIZE.
Conn1,F38,RFU,unmapped_nc,,,,,,,,,no,Named in v1.0 but AMD overlay unknown or reserved; no copper
Conn1,G38,GND,power_shared,GND,GND,GND,GND,GND,GND,GND,GND,yes,OCP-named power/ground on all 8 seats. P48V = local per-seat pour on 16 Conn0 pads after fuse keepout; NOT a 100A flood. P12V2 Unknown/may be NC. Do not tie P48V to D3000E-S1 (12 V). DO NOT ENERGIZE.
Conn1,H38,S5_RX3P,serdes_named_not_routed,,,,,,,,,no,Named SerDes (xGMI/IF candidate). NO NET on any seat. Do not route S1-S7.
Conn1,J38,GND,power_shared,GND,GND,GND,GND,GND,GND,GND,GND,yes,OCP-named power/ground on all 8 seats. P48V = local per-seat pour on 16 Conn0 pads after fuse keepout; NOT a 100A flood. P12V2 Unknown/may be NC. Do not tie P48V to D3000E-S1 (12 V). DO NOT ENERGIZE.
Conn1,K38,S5_RX10P,serdes_named_not_routed,,,,,,,,,no,Named SerDes (xGMI/IF candidate). NO NET on any seat. Do not route S1-S7.
Conn1,L38,GND,power_shared,GND,GND,GND,GND,GND,GND,GND,GND,yes,OCP-named power/ground on all 8 seats. P48V = local per-seat pour on 16 Conn0 pads after fuse keepout; NOT a 100A flood. P12V2 Unknown/may be NC. Do not tie P48V to D3000E-S1 (12 V). DO NOT ENERGIZE.
Conn1,A39,S5_TX4N,serdes_named_not_routed,,,,,,,,,no,Named SerDes (xGMI/IF candidate). NO NET on any seat. Do not route S1-S7.
Conn1,B39,GND,power_shared,GND,GND,GND,GND,GND,GND,GND,GND,yes,OCP-named power/ground on all 8 seats. P48V = local per-seat pour on 16 Conn0 pads after fuse keepout; NOT a 100A flood. P12V2 Unknown/may be NC. Do not tie P48V to D3000E-S1 (12 V). DO NOT ENERGIZE.
Conn1,C39,S5_TX11N,serdes_named_not_routed,,,,,,,,,no,Named SerDes (xGMI/IF candidate). NO NET on any seat. Do not route S1-S7.
Conn1,D39,GND,power_shared,GND,GND,GND,GND,GND,GND,GND,GND,yes,OCP-named power/ground on all 8 seats. P48V = local per-seat pour on 16 Conn0 pads after fuse keepout; NOT a 100A flood. P12V2 Unknown/may be NC. Do not tie P48V to D3000E-S1 (12 V). DO NOT ENERGIZE.
Conn1,E39,RFU,unmapped_nc,,,,,,,,,no,Named in v1.0 but AMD overlay unknown or reserved; no copper
Conn1,F39,GND,power_shared,GND,GND,GND,GND,GND,GND,GND,GND,yes,OCP-named power/ground on all 8 seats. P48V = local per-seat pour on 16 Conn0 pads after fuse keepout; NOT a 100A flood. P12V2 Unknown/may be NC. Do not tie P48V to D3000E-S1 (12 V). DO NOT ENERGIZE.
Conn1,G39,S5_RX5N,serdes_named_not_routed,,,,,,,,,no,Named SerDes (xGMI/IF candidate). NO NET on any seat. Do not route S1-S7.
Conn1,H39,GND,power_shared,GND,GND,GND,GND,GND,GND,GND,GND,yes,OCP-named power/ground on all 8 seats. P48V = local per-seat pour on 16 Conn0 pads after fuse keepout; NOT a 100A flood. P12V2 Unknown/may be NC. Do not tie P48V to D3000E-S1 (12 V). DO NOT ENERGIZE.
Conn1,J39,S5_RX4N,serdes_named_not_routed,,,,,,,,,no,Named SerDes (xGMI/IF candidate). NO NET on any seat. Do not route S1-S7.
Conn1,K39,GND,power_shared,GND,GND,GND,GND,GND,GND,GND,GND,yes,OCP-named power/ground on all 8 seats. P48V = local per-seat pour on 16 Conn0 pads after fuse keepout; NOT a 100A flood. P12V2 Unknown/may be NC. Do not tie P48V to D3000E-S1 (12 V). DO NOT ENERGIZE.
Conn1,L39,S5_RX11N,serdes_named_not_routed,,,,,,,,,no,Named SerDes (xGMI/IF candidate). NO NET on any seat. Do not route S1-S7.
Conn1,A40,S5_TX4P,serdes_named_not_routed,,,,,,,,,no,Named SerDes (xGMI/IF candidate). NO NET on any seat. Do not route S1-S7.
Conn1,B40,GND,power_shared,GND,GND,GND,GND,GND,GND,GND,GND,yes,OCP-named power/ground on all 8 seats. P48V = local per-seat pour on 16 Conn0 pads after fuse keepout; NOT a 100A flood. P12V2 Unknown/may be NC. Do not tie P48V to D3000E-S1 (12 V). DO NOT ENERGIZE.
Conn1,C40,S5_TX11P,serdes_named_not_routed,,,,,,,,,no,Named SerDes (xGMI/IF candidate). NO NET on any seat. Do not route S1-S7.
Conn1,D40,GND,power_shared,GND,GND,GND,GND,GND,GND,GND,GND,yes,OCP-named power/ground on all 8 seats. P48V = local per-seat pour on 16 Conn0 pads after fuse keepout; NOT a 100A flood. P12V2 Unknown/may be NC. Do not tie P48V to D3000E-S1 (12 V). DO NOT ENERGIZE.
Conn1,E40,RFU,unmapped_nc,,,,,,,,,no,Named in v1.0 but AMD overlay unknown or reserved; no copper
Conn1,F40,GND,power_shared,GND,GND,GND,GND,GND,GND,GND,GND,yes,OCP-named power/ground on all 8 seats. P48V = local per-seat pour on 16 Conn0 pads after fuse keepout; NOT a 100A flood. P12V2 Unknown/may be NC. Do not tie P48V to D3000E-S1 (12 V). DO NOT ENERGIZE.
Conn1,G40,S5_RX5P,serdes_named_not_routed,,,,,,,,,no,Named SerDes (xGMI/IF candidate). NO NET on any seat. Do not route S1-S7.
Conn1,H40,GND,power_shared,GND,GND,GND,GND,GND,GND,GND,GND,yes,OCP-named power/ground on all 8 seats. P48V = local per-seat pour on 16 Conn0 pads after fuse keepout; NOT a 100A flood. P12V2 Unknown/may be NC. Do not tie P48V to D3000E-S1 (12 V). DO NOT ENERGIZE.
Conn1,J40,S5_RX4P,serdes_named_not_routed,,,,,,,,,no,Named SerDes (xGMI/IF candidate). NO NET on any seat. Do not route S1-S7.
Conn1,K40,GND,power_shared,GND,GND,GND,GND,GND,GND,GND,GND,yes,OCP-named power/ground on all 8 seats. P48V = local per-seat pour on 16 Conn0 pads after fuse keepout; NOT a 100A flood. P12V2 Unknown/may be NC. Do not tie P48V to D3000E-S1 (12 V). DO NOT ENERGIZE.
Conn1,L40,S5_RX11P,serdes_named_not_routed,,,,,,,,,no,Named SerDes (xGMI/IF candidate). NO NET on any seat. Do not route S1-S7.
Conn1,A41,GND,power_shared,GND,GND,GND,GND,GND,GND,GND,GND,yes,OCP-named power/ground on all 8 seats. P48V = local per-seat pour on 16 Conn0 pads after fuse keepout; NOT a 100A flood. P12V2 Unknown/may be NC. Do not tie P48V to D3000E-S1 (12 V). DO NOT ENERGIZE.
Conn1,B41,S5_TX5N,serdes_named_not_routed,,,,,,,,,no,Named SerDes (xGMI/IF candidate). NO NET on any seat. Do not route S1-S7.
Conn1,C41,GND,power_shared,GND,GND,GND,GND,GND,GND,GND,GND,yes,OCP-named power/ground on all 8 seats. P48V = local per-seat pour on 16 Conn0 pads after fuse keepout; NOT a 100A flood. P12V2 Unknown/may be NC. Do not tie P48V to D3000E-S1 (12 V). DO NOT ENERGIZE.
Conn1,D41,S5_TX12N,serdes_named_not_routed,,,,,,,,,no,Named SerDes (xGMI/IF candidate). NO NET on any seat. Do not route S1-S7.
Conn1,E41,GND,power_shared,GND,GND,GND,GND,GND,GND,GND,GND,yes,OCP-named power/ground on all 8 seats. P48V = local per-seat pour on 16 Conn0 pads after fuse keepout; NOT a 100A flood. P12V2 Unknown/may be NC. Do not tie P48V to D3000E-S1 (12 V). DO NOT ENERGIZE.
Conn1,F41,RFU,unmapped_nc,,,,,,,,,no,Named in v1.0 but AMD overlay unknown or reserved; no copper
Conn1,G41,GND,power_shared,GND,GND,GND,GND,GND,GND,GND,GND,yes,OCP-named power/ground on all 8 seats. P48V = local per-seat pour on 16 Conn0 pads after fuse keepout; NOT a 100A flood. P12V2 Unknown/may be NC. Do not tie P48V to D3000E-S1 (12 V). DO NOT ENERGIZE.
Conn1,H41,S5_RX6N,serdes_named_not_routed,,,,,,,,,no,Named SerDes (xGMI/IF candidate). NO NET on any seat. Do not route S1-S7.
Conn1,J41,GND,power_shared,GND,GND,GND,GND,GND,GND,GND,GND,yes,OCP-named power/ground on all 8 seats. P48V = local per-seat pour on 16 Conn0 pads after fuse keepout; NOT a 100A flood. P12V2 Unknown/may be NC. Do not tie P48V to D3000E-S1 (12 V). DO NOT ENERGIZE.
Conn1,K41,S5_RX12N,serdes_named_not_routed,,,,,,,,,no,Named SerDes (xGMI/IF candidate). NO NET on any seat. Do not route S1-S7.
Conn1,L41,GND,power_shared,GND,GND,GND,GND,GND,GND,GND,GND,yes,OCP-named power/ground on all 8 seats. P48V = local per-seat pour on 16 Conn0 pads after fuse keepout; NOT a 100A flood. P12V2 Unknown/may be NC. Do not tie P48V to D3000E-S1 (12 V). DO NOT ENERGIZE.
Conn1,A42,GND,power_shared,GND,GND,GND,GND,GND,GND,GND,GND,yes,OCP-named power/ground on all 8 seats. P48V = local per-seat pour on 16 Conn0 pads after fuse keepout; NOT a 100A flood. P12V2 Unknown/may be NC. Do not tie P48V to D3000E-S1 (12 V). DO NOT ENERGIZE.
Conn1,B42,S5_TX5P,serdes_named_not_routed,,,,,,,,,no,Named SerDes (xGMI/IF candidate). NO NET on any seat. Do not route S1-S7.
Conn1,C42,GND,power_shared,GND,GND,GND,GND,GND,GND,GND,GND,yes,OCP-named power/ground on all 8 seats. P48V = local per-seat pour on 16 Conn0 pads after fuse keepout; NOT a 100A flood. P12V2 Unknown/may be NC. Do not tie P48V to D3000E-S1 (12 V). DO NOT ENERGIZE.
Conn1,D42,S5_TX12P,serdes_named_not_routed,,,,,,,,,no,Named SerDes (xGMI/IF candidate). NO NET on any seat. Do not route S1-S7.
Conn1,E42,GND,power_shared,GND,GND,GND,GND,GND,GND,GND,GND,yes,OCP-named power/ground on all 8 seats. P48V = local per-seat pour on 16 Conn0 pads after fuse keepout; NOT a 100A flood. P12V2 Unknown/may be NC. Do not tie P48V to D3000E-S1 (12 V). DO NOT ENERGIZE.
Conn1,F42,RFU,unmapped_nc,,,,,,,,,no,Named in v1.0 but AMD overlay unknown or reserved; no copper
Conn1,G42,GND,power_shared,GND,GND,GND,GND,GND,GND,GND,GND,yes,OCP-named power/ground on all 8 seats. P48V = local per-seat pour on 16 Conn0 pads after fuse keepout; NOT a 100A flood. P12V2 Unknown/may be NC. Do not tie P48V to D3000E-S1 (12 V). DO NOT ENERGIZE.
Conn1,H42,S5_RX6P,serdes_named_not_routed,,,,,,,,,no,Named SerDes (xGMI/IF candidate). NO NET on any seat. Do not route S1-S7.
Conn1,J42,GND,power_shared,GND,GND,GND,GND,GND,GND,GND,GND,yes,OCP-named power/ground on all 8 seats. P48V = local per-seat pour on 16 Conn0 pads after fuse keepout; NOT a 100A flood. P12V2 Unknown/may be NC. Do not tie P48V to D3000E-S1 (12 V). DO NOT ENERGIZE.
Conn1,K42,S5_RX12P,serdes_named_not_routed,,,,,,,,,no,Named SerDes (xGMI/IF candidate). NO NET on any seat. Do not route S1-S7.
Conn1,L42,GND,power_shared,GND,GND,GND,GND,GND,GND,GND,GND,yes,OCP-named power/ground on all 8 seats. P48V = local per-seat pour on 16 Conn0 pads after fuse keepout; NOT a 100A flood. P12V2 Unknown/may be NC. Do not tie P48V to D3000E-S1 (12 V). DO NOT ENERGIZE.
Conn1,A43,S5_TX6N,serdes_named_not_routed,,,,,,,,,no,Named SerDes (xGMI/IF candidate). NO NET on any seat. Do not route S1-S7.
Conn1,B43,GND,power_shared,GND,GND,GND,GND,GND,GND,GND,GND,yes,OCP-named power/ground on all 8 seats. P48V = local per-seat pour on 16 Conn0 pads after fuse keepout; NOT a 100A flood. P12V2 Unknown/may be NC. Do not tie P48V to D3000E-S1 (12 V). DO NOT ENERGIZE.
Conn1,C43,S5_TX14N,serdes_named_not_routed,,,,,,,,,no,Named SerDes (xGMI/IF candidate). NO NET on any seat. Do not route S1-S7.
Conn1,D43,GND,power_shared,GND,GND,GND,GND,GND,GND,GND,GND,yes,OCP-named power/ground on all 8 seats. P48V = local per-seat pour on 16 Conn0 pads after fuse keepout; NOT a 100A flood. P12V2 Unknown/may be NC. Do not tie P48V to D3000E-S1 (12 V). DO NOT ENERGIZE.
Conn1,E43,S5_TX13N,serdes_named_not_routed,,,,,,,,,no,Named SerDes (xGMI/IF candidate). NO NET on any seat. Do not route S1-S7.
Conn1,F43,GND,power_shared,GND,GND,GND,GND,GND,GND,GND,GND,yes,OCP-named power/ground on all 8 seats. P48V = local per-seat pour on 16 Conn0 pads after fuse keepout; NOT a 100A flood. P12V2 Unknown/may be NC. Do not tie P48V to D3000E-S1 (12 V). DO NOT ENERGIZE.
Conn1,G43,S5_RX7N,serdes_named_not_routed,,,,,,,,,no,Named SerDes (xGMI/IF candidate). NO NET on any seat. Do not route S1-S7.
Conn1,H43,GND,power_shared,GND,GND,GND,GND,GND,GND,GND,GND,yes,OCP-named power/ground on all 8 seats. P48V = local per-seat pour on 16 Conn0 pads after fuse keepout; NOT a 100A flood. P12V2 Unknown/may be NC. Do not tie P48V to D3000E-S1 (12 V). DO NOT ENERGIZE.
Conn1,J43,S5_RX14N,serdes_named_not_routed,,,,,,,,,no,Named SerDes (xGMI/IF candidate). NO NET on any seat. Do not route S1-S7.
Conn1,K43,GND,power_shared,GND,GND,GND,GND,GND,GND,GND,GND,yes,OCP-named power/ground on all 8 seats. P48V = local per-seat pour on 16 Conn0 pads after fuse keepout; NOT a 100A flood. P12V2 Unknown/may be NC. Do not tie P48V to D3000E-S1 (12 V). DO NOT ENERGIZE.
Conn1,L43,S5_RX13N,serdes_named_not_routed,,,,,,,,,no,Named SerDes (xGMI/IF candidate). NO NET on any seat. Do not route S1-S7.
Conn1,A44,S5_TX6P,serdes_named_not_routed,,,,,,,,,no,Named SerDes (xGMI/IF candidate). NO NET on any seat. Do not route S1-S7.
Conn1,B44,GND,power_shared,GND,GND,GND,GND,GND,GND,GND,GND,yes,OCP-named power/ground on all 8 seats. P48V = local per-seat pour on 16 Conn0 pads after fuse keepout; NOT a 100A flood. P12V2 Unknown/may be NC. Do not tie P48V to D3000E-S1 (12 V). DO NOT ENERGIZE.
Conn1,C44,S5_TX14P,serdes_named_not_routed,,,,,,,,,no,Named SerDes (xGMI/IF candidate). NO NET on any seat. Do not route S1-S7.
Conn1,D44,GND,power_shared,GND,GND,GND,GND,GND,GND,GND,GND,yes,OCP-named power/ground on all 8 seats. P48V = local per-seat pour on 16 Conn0 pads after fuse keepout; NOT a 100A flood. P12V2 Unknown/may be NC. Do not tie P48V to D3000E-S1 (12 V). DO NOT ENERGIZE.
Conn1,E44,S5_TX13P,serdes_named_not_routed,,,,,,,,,no,Named SerDes (xGMI/IF candidate). NO NET on any seat. Do not route S1-S7.
Conn1,F44,GND,power_shared,GND,GND,GND,GND,GND,GND,GND,GND,yes,OCP-named power/ground on all 8 seats. P48V = local per-seat pour on 16 Conn0 pads after fuse keepout; NOT a 100A flood. P12V2 Unknown/may be NC. Do not tie P48V to D3000E-S1 (12 V). DO NOT ENERGIZE.
Conn1,G44,S5_RX7P,serdes_named_not_routed,,,,,,,,,no,Named SerDes (xGMI/IF candidate). NO NET on any seat. Do not route S1-S7.
Conn1,H44,GND,power_shared,GND,GND,GND,GND,GND,GND,GND,GND,yes,OCP-named power/ground on all 8 seats. P48V = local per-seat pour on 16 Conn0 pads after fuse keepout; NOT a 100A flood. P12V2 Unknown/may be NC. Do not tie P48V to D3000E-S1 (12 V). DO NOT ENERGIZE.
Conn1,J44,S5_RX14P,serdes_named_not_routed,,,,,,,,,no,Named SerDes (xGMI/IF candidate). NO NET on any seat. Do not route S1-S7.
Conn1,K44,GND,power_shared,GND,GND,GND,GND,GND,GND,GND,GND,yes,OCP-named power/ground on all 8 seats. P48V = local per-seat pour on 16 Conn0 pads after fuse keepout; NOT a 100A flood. P12V2 Unknown/may be NC. Do not tie P48V to D3000E-S1 (12 V). DO NOT ENERGIZE.
Conn1,L44,S5_RX13P,serdes_named_not_routed,,,,,,,,,no,Named SerDes (xGMI/IF candidate). NO NET on any seat. Do not route S1-S7.
Conn1,A45,GND,power_shared,GND,GND,GND,GND,GND,GND,GND,GND,yes,OCP-named power/ground on all 8 seats. P48V = local per-seat pour on 16 Conn0 pads after fuse keepout; NOT a 100A flood. P12V2 Unknown/may be NC. Do not tie P48V to D3000E-S1 (12 V). DO NOT ENERGIZE.
Conn1,B45,S5_TX7N,serdes_named_not_routed,,,,,,,,,no,Named SerDes (xGMI/IF candidate). NO NET on any seat. Do not route S1-S7.
Conn1,C45,GND,power_shared,GND,GND,GND,GND,GND,GND,GND,GND,yes,OCP-named power/ground on all 8 seats. P48V = local per-seat pour on 16 Conn0 pads after fuse keepout; NOT a 100A flood. P12V2 Unknown/may be NC. Do not tie P48V to D3000E-S1 (12 V). DO NOT ENERGIZE.
Conn1,D45,S5_TX15N,serdes_named_not_routed,,,,,,,,,no,Named SerDes (xGMI/IF candidate). NO NET on any seat. Do not route S1-S7.
Conn1,E45,GND,power_shared,GND,GND,GND,GND,GND,GND,GND,GND,yes,OCP-named power/ground on all 8 seats. P48V = local per-seat pour on 16 Conn0 pads after fuse keepout; NOT a 100A flood. P12V2 Unknown/may be NC. Do not tie P48V to D3000E-S1 (12 V). DO NOT ENERGIZE.
Conn1,F45,RFU,unmapped_nc,,,,,,,,,no,Named in v1.0 but AMD overlay unknown or reserved; no copper
Conn1,G45,GND,power_shared,GND,GND,GND,GND,GND,GND,GND,GND,yes,OCP-named power/ground on all 8 seats. P48V = local per-seat pour on 16 Conn0 pads after fuse keepout; NOT a 100A flood. P12V2 Unknown/may be NC. Do not tie P48V to D3000E-S1 (12 V). DO NOT ENERGIZE.
Conn1,H45,AUX_156M_REFCLKP,clock_reset,OAM0_AUX_156M_REFCLKP,OAM1_AUX_156M_REFCLKP,OAM2_AUX_156M_REFCLKP,OAM3_AUX_156M_REFCLKP,OAM4_AUX_156M_REFCLKP,OAM5_AUX_156M_REFCLKP,OAM6_AUX_156M_REFCLKP,OAM7_AUX_156M_REFCLKP,yes,
Conn1,J45,GND,power_shared,GND,GND,GND,GND,GND,GND,GND,GND,yes,OCP-named power/ground on all 8 seats. P48V = local per-seat pour on 16 Conn0 pads after fuse keepout; NOT a 100A flood. P12V2 Unknown/may be NC. Do not tie P48V to D3000E-S1 (12 V). DO NOT ENERGIZE.
Conn1,K45,S5_RX15N,serdes_named_not_routed,,,,,,,,,no,Named SerDes (xGMI/IF candidate). NO NET on any seat. Do not route S1-S7.
Conn1,L45,GND,power_shared,GND,GND,GND,GND,GND,GND,GND,GND,yes,OCP-named power/ground on all 8 seats. P48V = local per-seat pour on 16 Conn0 pads after fuse keepout; NOT a 100A flood. P12V2 Unknown/may be NC. Do not tie P48V to D3000E-S1 (12 V). DO NOT ENERGIZE.
Conn1,A46,GND,power_shared,GND,GND,GND,GND,GND,GND,GND,GND,yes,OCP-named power/ground on all 8 seats. P48V = local per-seat pour on 16 Conn0 pads after fuse keepout; NOT a 100A flood. P12V2 Unknown/may be NC. Do not tie P48V to D3000E-S1 (12 V). DO NOT ENERGIZE.
Conn1,B46,S5_TX7P,serdes_named_not_routed,,,,,,,,,no,Named SerDes (xGMI/IF candidate). NO NET on any seat. Do not route S1-S7.
Conn1,C46,GND,power_shared,GND,GND,GND,GND,GND,GND,GND,GND,yes,OCP-named power/ground on all 8 seats. P48V = local per-seat pour on 16 Conn0 pads after fuse keepout; NOT a 100A flood. P12V2 Unknown/may be NC. Do not tie P48V to D3000E-S1 (12 V). DO NOT ENERGIZE.
Conn1,D46,S5_TX15P,serdes_named_not_routed,,,,,,,,,no,Named SerDes (xGMI/IF candidate). NO NET on any seat. Do not route S1-S7.
Conn1,E46,GND,power_shared,GND,GND,GND,GND,GND,GND,GND,GND,yes,OCP-named power/ground on all 8 seats. P48V = local per-seat pour on 16 Conn0 pads after fuse keepout; NOT a 100A flood. P12V2 Unknown/may be NC. Do not tie P48V to D3000E-S1 (12 V). DO NOT ENERGIZE.
Conn1,F46,LINK_CONFIG[4],ocp_sideband,OAM0_LINK_CONFIG[4],OAM1_LINK_CONFIG[4],OAM2_LINK_CONFIG[4],OAM3_LINK_CONFIG[4],OAM4_LINK_CONFIG[4],OAM5_LINK_CONFIG[4],OAM6_LINK_CONFIG[4],OAM7_LINK_CONFIG[4],yes,
Conn1,G46,GND,power_shared,GND,GND,GND,GND,GND,GND,GND,GND,yes,OCP-named power/ground on all 8 seats. P48V = local per-seat pour on 16 Conn0 pads after fuse keepout; NOT a 100A flood. P12V2 Unknown/may be NC. Do not tie P48V to D3000E-S1 (12 V). DO NOT ENERGIZE.
Conn1,H46,AUX_156M_REFCLKN,clock_reset,OAM0_AUX_156M_REFCLKN,OAM1_AUX_156M_REFCLKN,OAM2_AUX_156M_REFCLKN,OAM3_AUX_156M_REFCLKN,OAM4_AUX_156M_REFCLKN,OAM5_AUX_156M_REFCLKN,OAM6_AUX_156M_REFCLKN,OAM7_AUX_156M_REFCLKN,yes,
Conn1,J46,GND,power_shared,GND,GND,GND,GND,GND,GND,GND,GND,yes,OCP-named power/ground on all 8 seats. P48V = local per-seat pour on 16 Conn0 pads after fuse keepout; NOT a 100A flood. P12V2 Unknown/may be NC. Do not tie P48V to D3000E-S1 (12 V). DO NOT ENERGIZE.
Conn1,K46,S5_RX15P,serdes_named_not_routed,,,,,,,,,no,Named SerDes (xGMI/IF candidate). NO NET on any seat. Do not route S1-S7.
Conn1,L46,GND,power_shared,GND,GND,GND,GND,GND,GND,GND,GND,yes,OCP-named power/ground on all 8 seats. P48V = local per-seat pour on 16 Conn0 pads after fuse keepout; NOT a 100A flood. P12V2 Unknown/may be NC. Do not tie P48V to D3000E-S1 (12 V). DO NOT ENERGIZE.
Conn1,A47,S4_TX1N,serdes_named_not_routed,,,,,,,,,no,Named SerDes (xGMI/IF candidate). NO NET on any seat. Do not route S1-S7.
Conn1,B47,GND,power_shared,GND,GND,GND,GND,GND,GND,GND,GND,yes,OCP-named power/ground on all 8 seats. P48V = local per-seat pour on 16 Conn0 pads after fuse keepout; NOT a 100A flood. P12V2 Unknown/may be NC. Do not tie P48V to D3000E-S1 (12 V). DO NOT ENERGIZE.
Conn1,C47,S4_TX0N,serdes_named_not_routed,,,,,,,,,no,Named SerDes (xGMI/IF candidate). NO NET on any seat. Do not route S1-S7.
Conn1,D47,GND,power_shared,GND,GND,GND,GND,GND,GND,GND,GND,yes,OCP-named power/ground on all 8 seats. P48V = local per-seat pour on 16 Conn0 pads after fuse keepout; NOT a 100A flood. P12V2 Unknown/may be NC. Do not tie P48V to D3000E-S1 (12 V). DO NOT ENERGIZE.
Conn1,E47,S4_TX8N,serdes_named_not_routed,,,,,,,,,no,Named SerDes (xGMI/IF candidate). NO NET on any seat. Do not route S1-S7.
Conn1,F47,GND,power_shared,GND,GND,GND,GND,GND,GND,GND,GND,yes,OCP-named power/ground on all 8 seats. P48V = local per-seat pour on 16 Conn0 pads after fuse keepout; NOT a 100A flood. P12V2 Unknown/may be NC. Do not tie P48V to D3000E-S1 (12 V). DO NOT ENERGIZE.
Conn1,G47,S4_RX0N,serdes_named_not_routed,,,,,,,,,no,Named SerDes (xGMI/IF candidate). NO NET on any seat. Do not route S1-S7.
Conn1,H47,GND,power_shared,GND,GND,GND,GND,GND,GND,GND,GND,yes,OCP-named power/ground on all 8 seats. P48V = local per-seat pour on 16 Conn0 pads after fuse keepout; NOT a 100A flood. P12V2 Unknown/may be NC. Do not tie P48V to D3000E-S1 (12 V). DO NOT ENERGIZE.
Conn1,J47,S4_RX9N,serdes_named_not_routed,,,,,,,,,no,Named SerDes (xGMI/IF candidate). NO NET on any seat. Do not route S1-S7.
Conn1,K47,GND,power_shared,GND,GND,GND,GND,GND,GND,GND,GND,yes,OCP-named power/ground on all 8 seats. P48V = local per-seat pour on 16 Conn0 pads after fuse keepout; NOT a 100A flood. P12V2 Unknown/may be NC. Do not tie P48V to D3000E-S1 (12 V). DO NOT ENERGIZE.
Conn1,L47,S4_RX8N,serdes_named_not_routed,,,,,,,,,no,Named SerDes (xGMI/IF candidate). NO NET on any seat. Do not route S1-S7.
Conn1,A48,S4_TX1P,serdes_named_not_routed,,,,,,,,,no,Named SerDes (xGMI/IF candidate). NO NET on any seat. Do not route S1-S7.
Conn1,B48,GND,power_shared,GND,GND,GND,GND,GND,GND,GND,GND,yes,OCP-named power/ground on all 8 seats. P48V = local per-seat pour on 16 Conn0 pads after fuse keepout; NOT a 100A flood. P12V2 Unknown/may be NC. Do not tie P48V to D3000E-S1 (12 V). DO NOT ENERGIZE.
Conn1,C48,S4_TX0P,serdes_named_not_routed,,,,,,,,,no,Named SerDes (xGMI/IF candidate). NO NET on any seat. Do not route S1-S7.
Conn1,D48,GND,power_shared,GND,GND,GND,GND,GND,GND,GND,GND,yes,OCP-named power/ground on all 8 seats. P48V = local per-seat pour on 16 Conn0 pads after fuse keepout; NOT a 100A flood. P12V2 Unknown/may be NC. Do not tie P48V to D3000E-S1 (12 V). DO NOT ENERGIZE.
Conn1,E48,S4_TX8P,serdes_named_not_routed,,,,,,,,,no,Named SerDes (xGMI/IF candidate). NO NET on any seat. Do not route S1-S7.
Conn1,F48,GND,power_shared,GND,GND,GND,GND,GND,GND,GND,GND,yes,OCP-named power/ground on all 8 seats. P48V = local per-seat pour on 16 Conn0 pads after fuse keepout; NOT a 100A flood. P12V2 Unknown/may be NC. Do not tie P48V to D3000E-S1 (12 V). DO NOT ENERGIZE.
Conn1,G48,S4_RX0P,serdes_named_not_routed,,,,,,,,,no,Named SerDes (xGMI/IF candidate). NO NET on any seat. Do not route S1-S7.
Conn1,H48,GND,power_shared,GND,GND,GND,GND,GND,GND,GND,GND,yes,OCP-named power/ground on all 8 seats. P48V = local per-seat pour on 16 Conn0 pads after fuse keepout; NOT a 100A flood. P12V2 Unknown/may be NC. Do not tie P48V to D3000E-S1 (12 V). DO NOT ENERGIZE.
Conn1,J48,S4_RX9P,serdes_named_not_routed,,,,,,,,,no,Named SerDes (xGMI/IF candidate). NO NET on any seat. Do not route S1-S7.
Conn1,K48,GND,power_shared,GND,GND,GND,GND,GND,GND,GND,GND,yes,OCP-named power/ground on all 8 seats. P48V = local per-seat pour on 16 Conn0 pads after fuse keepout; NOT a 100A flood. P12V2 Unknown/may be NC. Do not tie P48V to D3000E-S1 (12 V). DO NOT ENERGIZE.
Conn1,L48,S4_RX8P,serdes_named_not_routed,,,,,,,,,no,Named SerDes (xGMI/IF candidate). NO NET on any seat. Do not route S1-S7.
Conn1,A49,GND,power_shared,GND,GND,GND,GND,GND,GND,GND,GND,yes,OCP-named power/ground on all 8 seats. P48V = local per-seat pour on 16 Conn0 pads after fuse keepout; NOT a 100A flood. P12V2 Unknown/may be NC. Do not tie P48V to D3000E-S1 (12 V). DO NOT ENERGIZE.
Conn1,B49,S4_TX2N,serdes_named_not_routed,,,,,,,,,no,Named SerDes (xGMI/IF candidate). NO NET on any seat. Do not route S1-S7.
Conn1,C49,GND,power_shared,GND,GND,GND,GND,GND,GND,GND,GND,yes,OCP-named power/ground on all 8 seats. P48V = local per-seat pour on 16 Conn0 pads after fuse keepout; NOT a 100A flood. P12V2 Unknown/may be NC. Do not tie P48V to D3000E-S1 (12 V). DO NOT ENERGIZE.
Conn1,D49,S4_TX9N,serdes_named_not_routed,,,,,,,,,no,Named SerDes (xGMI/IF candidate). NO NET on any seat. Do not route S1-S7.
Conn1,E49,GND,power_shared,GND,GND,GND,GND,GND,GND,GND,GND,yes,OCP-named power/ground on all 8 seats. P48V = local per-seat pour on 16 Conn0 pads after fuse keepout; NOT a 100A flood. P12V2 Unknown/may be NC. Do not tie P48V to D3000E-S1 (12 V). DO NOT ENERGIZE.
Conn1,F49,LINK_CONFIG[3],ocp_sideband,OAM0_LINK_CONFIG[3],OAM1_LINK_CONFIG[3],OAM2_LINK_CONFIG[3],OAM3_LINK_CONFIG[3],OAM4_LINK_CONFIG[3],OAM5_LINK_CONFIG[3],OAM6_LINK_CONFIG[3],OAM7_LINK_CONFIG[3],yes,
Conn1,G49,GND,power_shared,GND,GND,GND,GND,GND,GND,GND,GND,yes,OCP-named power/ground on all 8 seats. P48V = local per-seat pour on 16 Conn0 pads after fuse keepout; NOT a 100A flood. P12V2 Unknown/may be NC. Do not tie P48V to D3000E-S1 (12 V). DO NOT ENERGIZE.
Conn1,H49,S4_RX1N,serdes_named_not_routed,,,,,,,,,no,Named SerDes (xGMI/IF candidate). NO NET on any seat. Do not route S1-S7.
Conn1,J49,GND,power_shared,GND,GND,GND,GND,GND,GND,GND,GND,yes,OCP-named power/ground on all 8 seats. P48V = local per-seat pour on 16 Conn0 pads after fuse keepout; NOT a 100A flood. P12V2 Unknown/may be NC. Do not tie P48V to D3000E-S1 (12 V). DO NOT ENERGIZE.
Conn1,K49,S4_RX10N,serdes_named_not_routed,,,,,,,,,no,Named SerDes (xGMI/IF candidate). NO NET on any seat. Do not route S1-S7.
Conn1,L49,GND,power_shared,GND,GND,GND,GND,GND,GND,GND,GND,yes,OCP-named power/ground on all 8 seats. P48V = local per-seat pour on 16 Conn0 pads after fuse keepout; NOT a 100A flood. P12V2 Unknown/may be NC. Do not tie P48V to D3000E-S1 (12 V). DO NOT ENERGIZE.
Conn1,A50,GND,power_shared,GND,GND,GND,GND,GND,GND,GND,GND,yes,OCP-named power/ground on all 8 seats. P48V = local per-seat pour on 16 Conn0 pads after fuse keepout; NOT a 100A flood. P12V2 Unknown/may be NC. Do not tie P48V to D3000E-S1 (12 V). DO NOT ENERGIZE.
Conn1,B50,S4_TX2P,serdes_named_not_routed,,,,,,,,,no,Named SerDes (xGMI/IF candidate). NO NET on any seat. Do not route S1-S7.
Conn1,C50,GND,power_shared,GND,GND,GND,GND,GND,GND,GND,GND,yes,OCP-named power/ground on all 8 seats. P48V = local per-seat pour on 16 Conn0 pads after fuse keepout; NOT a 100A flood. P12V2 Unknown/may be NC. Do not tie P48V to D3000E-S1 (12 V). DO NOT ENERGIZE.
Conn1,D50,S4_TX9P,serdes_named_not_routed,,,,,,,,,no,Named SerDes (xGMI/IF candidate). NO NET on any seat. Do not route S1-S7.
Conn1,E50,GND,power_shared,GND,GND,GND,GND,GND,GND,GND,GND,yes,OCP-named power/ground on all 8 seats. P48V = local per-seat pour on 16 Conn0 pads after fuse keepout; NOT a 100A flood. P12V2 Unknown/may be NC. Do not tie P48V to D3000E-S1 (12 V). DO NOT ENERGIZE.
Conn1,F50,LINK_CONFIG[2],ocp_sideband,OAM0_LINK_CONFIG[2],OAM1_LINK_CONFIG[2],OAM2_LINK_CONFIG[2],OAM3_LINK_CONFIG[2],OAM4_LINK_CONFIG[2],OAM5_LINK_CONFIG[2],OAM6_LINK_CONFIG[2],OAM7_LINK_CONFIG[2],yes,
Conn1,G50,GND,power_shared,GND,GND,GND,GND,GND,GND,GND,GND,yes,OCP-named power/ground on all 8 seats. P48V = local per-seat pour on 16 Conn0 pads after fuse keepout; NOT a 100A flood. P12V2 Unknown/may be NC. Do not tie P48V to D3000E-S1 (12 V). DO NOT ENERGIZE.
Conn1,H50,S4_RX1P,serdes_named_not_routed,,,,,,,,,no,Named SerDes (xGMI/IF candidate). NO NET on any seat. Do not route S1-S7.
Conn1,J50,GND,power_shared,GND,GND,GND,GND,GND,GND,GND,GND,yes,OCP-named power/ground on all 8 seats. P48V = local per-seat pour on 16 Conn0 pads after fuse keepout; NOT a 100A flood. P12V2 Unknown/may be NC. Do not tie P48V to D3000E-S1 (12 V). DO NOT ENERGIZE.
Conn1,K50,S4_RX10P,serdes_named_not_routed,,,,,,,,,no,Named SerDes (xGMI/IF candidate). NO NET on any seat. Do not route S1-S7.
Conn1,L50,GND,power_shared,GND,GND,GND,GND,GND,GND,GND,GND,yes,OCP-named power/ground on all 8 seats. P48V = local per-seat pour on 16 Conn0 pads after fuse keepout; NOT a 100A flood. P12V2 Unknown/may be NC. Do not tie P48V to D3000E-S1 (12 V). DO NOT ENERGIZE.
Conn1,A51,S4_TX3N,serdes_named_not_routed,,,,,,,,,no,Named SerDes (xGMI/IF candidate). NO NET on any seat. Do not route S1-S7.
Conn1,B51,GND,power_shared,GND,GND,GND,GND,GND,GND,GND,GND,yes,OCP-named power/ground on all 8 seats. P48V = local per-seat pour on 16 Conn0 pads after fuse keepout; NOT a 100A flood. P12V2 Unknown/may be NC. Do not tie P48V to D3000E-S1 (12 V). DO NOT ENERGIZE.
Conn1,C51,S4_TX11N,serdes_named_not_routed,,,,,,,,,no,Named SerDes (xGMI/IF candidate). NO NET on any seat. Do not route S1-S7.
Conn1,D51,GND,power_shared,GND,GND,GND,GND,GND,GND,GND,GND,yes,OCP-named power/ground on all 8 seats. P48V = local per-seat pour on 16 Conn0 pads after fuse keepout; NOT a 100A flood. P12V2 Unknown/may be NC. Do not tie P48V to D3000E-S1 (12 V). DO NOT ENERGIZE.
Conn1,E51,S4_TX10N,serdes_named_not_routed,,,,,,,,,no,Named SerDes (xGMI/IF candidate). NO NET on any seat. Do not route S1-S7.
Conn1,F51,GND,power_shared,GND,GND,GND,GND,GND,GND,GND,GND,yes,OCP-named power/ground on all 8 seats. P48V = local per-seat pour on 16 Conn0 pads after fuse keepout; NOT a 100A flood. P12V2 Unknown/may be NC. Do not tie P48V to D3000E-S1 (12 V). DO NOT ENERGIZE.
Conn1,G51,S4_RX2N,serdes_named_not_routed,,,,,,,,,no,Named SerDes (xGMI/IF candidate). NO NET on any seat. Do not route S1-S7.
Conn1,H51,GND,power_shared,GND,GND,GND,GND,GND,GND,GND,GND,yes,OCP-named power/ground on all 8 seats. P48V = local per-seat pour on 16 Conn0 pads after fuse keepout; NOT a 100A flood. P12V2 Unknown/may be NC. Do not tie P48V to D3000E-S1 (12 V). DO NOT ENERGIZE.
Conn1,J51,S4_RX12N,serdes_named_not_routed,,,,,,,,,no,Named SerDes (xGMI/IF candidate). NO NET on any seat. Do not route S1-S7.
Conn1,K51,GND,power_shared,GND,GND,GND,GND,GND,GND,GND,GND,yes,OCP-named power/ground on all 8 seats. P48V = local per-seat pour on 16 Conn0 pads after fuse keepout; NOT a 100A flood. P12V2 Unknown/may be NC. Do not tie P48V to D3000E-S1 (12 V). DO NOT ENERGIZE.
Conn1,L51,S4_RX11N,serdes_named_not_routed,,,,,,,,,no,Named SerDes (xGMI/IF candidate). NO NET on any seat. Do not route S1-S7.
Conn1,A52,S4_TX3P,serdes_named_not_routed,,,,,,,,,no,Named SerDes (xGMI/IF candidate). NO NET on any seat. Do not route S1-S7.
Conn1,B52,GND,power_shared,GND,GND,GND,GND,GND,GND,GND,GND,yes,OCP-named power/ground on all 8 seats. P48V = local per-seat pour on 16 Conn0 pads after fuse keepout; NOT a 100A flood. P12V2 Unknown/may be NC. Do not tie P48V to D3000E-S1 (12 V). DO NOT ENERGIZE.
Conn1,C52,S4_TX11P,serdes_named_not_routed,,,,,,,,,no,Named SerDes (xGMI/IF candidate). NO NET on any seat. Do not route S1-S7.
Conn1,D52,GND,power_shared,GND,GND,GND,GND,GND,GND,GND,GND,yes,OCP-named power/ground on all 8 seats. P48V = local per-seat pour on 16 Conn0 pads after fuse keepout; NOT a 100A flood. P12V2 Unknown/may be NC. Do not tie P48V to D3000E-S1 (12 V). DO NOT ENERGIZE.
Conn1,E52,S4_TX10P,serdes_named_not_routed,,,,,,,,,no,Named SerDes (xGMI/IF candidate). NO NET on any seat. Do not route S1-S7.
Conn1,F52,GND,power_shared,GND,GND,GND,GND,GND,GND,GND,GND,yes,OCP-named power/ground on all 8 seats. P48V = local per-seat pour on 16 Conn0 pads after fuse keepout; NOT a 100A flood. P12V2 Unknown/may be NC. Do not tie P48V to D3000E-S1 (12 V). DO NOT ENERGIZE.
Conn1,G52,S4_RX2P,serdes_named_not_routed,,,,,,,,,no,Named SerDes (xGMI/IF candidate). NO NET on any seat. Do not route S1-S7.
Conn1,H52,GND,power_shared,GND,GND,GND,GND,GND,GND,GND,GND,yes,OCP-named power/ground on all 8 seats. P48V = local per-seat pour on 16 Conn0 pads after fuse keepout; NOT a 100A flood. P12V2 Unknown/may be NC. Do not tie P48V to D3000E-S1 (12 V). DO NOT ENERGIZE.
Conn1,J52,S4_RX12P,serdes_named_not_routed,,,,,,,,,no,Named SerDes (xGMI/IF candidate). NO NET on any seat. Do not route S1-S7.
Conn1,K52,GND,power_shared,GND,GND,GND,GND,GND,GND,GND,GND,yes,OCP-named power/ground on all 8 seats. P48V = local per-seat pour on 16 Conn0 pads after fuse keepout; NOT a 100A flood. P12V2 Unknown/may be NC. Do not tie P48V to D3000E-S1 (12 V). DO NOT ENERGIZE.
Conn1,L52,S4_RX11P,serdes_named_not_routed,,,,,,,,,no,Named SerDes (xGMI/IF candidate). NO NET on any seat. Do not route S1-S7.
Conn1,A53,GND,power_shared,GND,GND,GND,GND,GND,GND,GND,GND,yes,OCP-named power/ground on all 8 seats. P48V = local per-seat pour on 16 Conn0 pads after fuse keepout; NOT a 100A flood. P12V2 Unknown/may be NC. Do not tie P48V to D3000E-S1 (12 V). DO NOT ENERGIZE.
Conn1,B53,S4_TX4N,serdes_named_not_routed,,,,,,,,,no,Named SerDes (xGMI/IF candidate). NO NET on any seat. Do not route S1-S7.
Conn1,C53,GND,power_shared,GND,GND,GND,GND,GND,GND,GND,GND,yes,OCP-named power/ground on all 8 seats. P48V = local per-seat pour on 16 Conn0 pads after fuse keepout; NOT a 100A flood. P12V2 Unknown/may be NC. Do not tie P48V to D3000E-S1 (12 V). DO NOT ENERGIZE.
Conn1,D53,S4_TX12N,serdes_named_not_routed,,,,,,,,,no,Named SerDes (xGMI/IF candidate). NO NET on any seat. Do not route S1-S7.
Conn1,E53,GND,power_shared,GND,GND,GND,GND,GND,GND,GND,GND,yes,OCP-named power/ground on all 8 seats. P48V = local per-seat pour on 16 Conn0 pads after fuse keepout; NOT a 100A flood. P12V2 Unknown/may be NC. Do not tie P48V to D3000E-S1 (12 V). DO NOT ENERGIZE.
Conn1,F53,LINK_CONFIG[1],ocp_sideband,OAM0_LINK_CONFIG[1],OAM1_LINK_CONFIG[1],OAM2_LINK_CONFIG[1],OAM3_LINK_CONFIG[1],OAM4_LINK_CONFIG[1],OAM5_LINK_CONFIG[1],OAM6_LINK_CONFIG[1],OAM7_LINK_CONFIG[1],yes,
Conn1,G53,GND,power_shared,GND,GND,GND,GND,GND,GND,GND,GND,yes,OCP-named power/ground on all 8 seats. P48V = local per-seat pour on 16 Conn0 pads after fuse keepout; NOT a 100A flood. P12V2 Unknown/may be NC. Do not tie P48V to D3000E-S1 (12 V). DO NOT ENERGIZE.
Conn1,H53,S4_RX3N,serdes_named_not_routed,,,,,,,,,no,Named SerDes (xGMI/IF candidate). NO NET on any seat. Do not route S1-S7.
Conn1,J53,GND,power_shared,GND,GND,GND,GND,GND,GND,GND,GND,yes,OCP-named power/ground on all 8 seats. P48V = local per-seat pour on 16 Conn0 pads after fuse keepout; NOT a 100A flood. P12V2 Unknown/may be NC. Do not tie P48V to D3000E-S1 (12 V). DO NOT ENERGIZE.
Conn1,K53,S4_RX13N,serdes_named_not_routed,,,,,,,,,no,Named SerDes (xGMI/IF candidate). NO NET on any seat. Do not route S1-S7.
Conn1,L53,GND,power_shared,GND,GND,GND,GND,GND,GND,GND,GND,yes,OCP-named power/ground on all 8 seats. P48V = local per-seat pour on 16 Conn0 pads after fuse keepout; NOT a 100A flood. P12V2 Unknown/may be NC. Do not tie P48V to D3000E-S1 (12 V). DO NOT ENERGIZE.
Conn1,A54,GND,power_shared,GND,GND,GND,GND,GND,GND,GND,GND,yes,OCP-named power/ground on all 8 seats. P48V = local per-seat pour on 16 Conn0 pads after fuse keepout; NOT a 100A flood. P12V2 Unknown/may be NC. Do not tie P48V to D3000E-S1 (12 V). DO NOT ENERGIZE.
Conn1,B54,S4_TX4P,serdes_named_not_routed,,,,,,,,,no,Named SerDes (xGMI/IF candidate). NO NET on any seat. Do not route S1-S7.
Conn1,C54,GND,power_shared,GND,GND,GND,GND,GND,GND,GND,GND,yes,OCP-named power/ground on all 8 seats. P48V = local per-seat pour on 16 Conn0 pads after fuse keepout; NOT a 100A flood. P12V2 Unknown/may be NC. Do not tie P48V to D3000E-S1 (12 V). DO NOT ENERGIZE.
Conn1,D54,S4_TX12P,serdes_named_not_routed,,,,,,,,,no,Named SerDes (xGMI/IF candidate). NO NET on any seat. Do not route S1-S7.
Conn1,E54,GND,power_shared,GND,GND,GND,GND,GND,GND,GND,GND,yes,OCP-named power/ground on all 8 seats. P48V = local per-seat pour on 16 Conn0 pads after fuse keepout; NOT a 100A flood. P12V2 Unknown/may be NC. Do not tie P48V to D3000E-S1 (12 V). DO NOT ENERGIZE.
Conn1,F54,LINK_CONFIG[0],ocp_sideband,OAM0_LINK_CONFIG[0],OAM1_LINK_CONFIG[0],OAM2_LINK_CONFIG[0],OAM3_LINK_CONFIG[0],OAM4_LINK_CONFIG[0],OAM5_LINK_CONFIG[0],OAM6_LINK_CONFIG[0],OAM7_LINK_CONFIG[0],yes,
Conn1,G54,GND,power_shared,GND,GND,GND,GND,GND,GND,GND,GND,yes,OCP-named power/ground on all 8 seats. P48V = local per-seat pour on 16 Conn0 pads after fuse keepout; NOT a 100A flood. P12V2 Unknown/may be NC. Do not tie P48V to D3000E-S1 (12 V). DO NOT ENERGIZE.
Conn1,H54,S4_RX3P,serdes_named_not_routed,,,,,,,,,no,Named SerDes (xGMI/IF candidate). NO NET on any seat. Do not route S1-S7.
Conn1,J54,GND,power_shared,GND,GND,GND,GND,GND,GND,GND,GND,yes,OCP-named power/ground on all 8 seats. P48V = local per-seat pour on 16 Conn0 pads after fuse keepout; NOT a 100A flood. P12V2 Unknown/may be NC. Do not tie P48V to D3000E-S1 (12 V). DO NOT ENERGIZE.
Conn1,K54,S4_RX13P,serdes_named_not_routed,,,,,,,,,no,Named SerDes (xGMI/IF candidate). NO NET on any seat. Do not route S1-S7.
Conn1,L54,GND,power_shared,GND,GND,GND,GND,GND,GND,GND,GND,yes,OCP-named power/ground on all 8 seats. P48V = local per-seat pour on 16 Conn0 pads after fuse keepout; NOT a 100A flood. P12V2 Unknown/may be NC. Do not tie P48V to D3000E-S1 (12 V). DO NOT ENERGIZE.
Conn1,A55,S4_TX5N,serdes_named_not_routed,,,,,,,,,no,Named SerDes (xGMI/IF candidate). NO NET on any seat. Do not route S1-S7.
Conn1,B55,GND,power_shared,GND,GND,GND,GND,GND,GND,GND,GND,yes,OCP-named power/ground on all 8 seats. P48V = local per-seat pour on 16 Conn0 pads after fuse keepout; NOT a 100A flood. P12V2 Unknown/may be NC. Do not tie P48V to D3000E-S1 (12 V). DO NOT ENERGIZE.
Conn1,C55,S4_TX14N,serdes_named_not_routed,,,,,,,,,no,Named SerDes (xGMI/IF candidate). NO NET on any seat. Do not route S1-S7.
Conn1,D55,GND,power_shared,GND,GND,GND,GND,GND,GND,GND,GND,yes,OCP-named power/ground on all 8 seats. P48V = local per-seat pour on 16 Conn0 pads after fuse keepout; NOT a 100A flood. P12V2 Unknown/may be NC. Do not tie P48V to D3000E-S1 (12 V). DO NOT ENERGIZE.
Conn1,E55,S4_TX13N,serdes_named_not_routed,,,,,,,,,no,Named SerDes (xGMI/IF candidate). NO NET on any seat. Do not route S1-S7.
Conn1,F55,GND,power_shared,GND,GND,GND,GND,GND,GND,GND,GND,yes,OCP-named power/ground on all 8 seats. P48V = local per-seat pour on 16 Conn0 pads after fuse keepout; NOT a 100A flood. P12V2 Unknown/may be NC. Do not tie P48V to D3000E-S1 (12 V). DO NOT ENERGIZE.
Conn1,G55,SCALE_DEBUG_EN,named_other,OAM0_SCALE_DEBUG_EN,OAM1_SCALE_DEBUG_EN,OAM2_SCALE_DEBUG_EN,OAM3_SCALE_DEBUG_EN,OAM4_SCALE_DEBUG_EN,OAM5_SCALE_DEBUG_EN,OAM6_SCALE_DEBUG_EN,OAM7_SCALE_DEBUG_EN,no,
Conn1,H55,GND,power_shared,GND,GND,GND,GND,GND,GND,GND,GND,yes,OCP-named power/ground on all 8 seats. P48V = local per-seat pour on 16 Conn0 pads after fuse keepout; NOT a 100A flood. P12V2 Unknown/may be NC. Do not tie P48V to D3000E-S1 (12 V). DO NOT ENERGIZE.
Conn1,J55,S4_RX4N,serdes_named_not_routed,,,,,,,,,no,Named SerDes (xGMI/IF candidate). NO NET on any seat. Do not route S1-S7.
Conn1,K55,GND,power_shared,GND,GND,GND,GND,GND,GND,GND,GND,yes,OCP-named power/ground on all 8 seats. P48V = local per-seat pour on 16 Conn0 pads after fuse keepout; NOT a 100A flood. P12V2 Unknown/may be NC. Do not tie P48V to D3000E-S1 (12 V). DO NOT ENERGIZE.
Conn1,L55,S4_RX14N,serdes_named_not_routed,,,,,,,,,no,Named SerDes (xGMI/IF candidate). NO NET on any seat. Do not route S1-S7.
Conn1,A56,S4_TX5P,serdes_named_not_routed,,,,,,,,,no,Named SerDes (xGMI/IF candidate). NO NET on any seat. Do not route S1-S7.
Conn1,B56,GND,power_shared,GND,GND,GND,GND,GND,GND,GND,GND,yes,OCP-named power/ground on all 8 seats. P48V = local per-seat pour on 16 Conn0 pads after fuse keepout; NOT a 100A flood. P12V2 Unknown/may be NC. Do not tie P48V to D3000E-S1 (12 V). DO NOT ENERGIZE.
Conn1,C56,S4_TX14P,serdes_named_not_routed,,,,,,,,,no,Named SerDes (xGMI/IF candidate). NO NET on any seat. Do not route S1-S7.
Conn1,D56,GND,power_shared,GND,GND,GND,GND,GND,GND,GND,GND,yes,OCP-named power/ground on all 8 seats. P48V = local per-seat pour on 16 Conn0 pads after fuse keepout; NOT a 100A flood. P12V2 Unknown/may be NC. Do not tie P48V to D3000E-S1 (12 V). DO NOT ENERGIZE.
Conn1,E56,S4_TX13P,serdes_named_not_routed,,,,,,,,,no,Named SerDes (xGMI/IF candidate). NO NET on any seat. Do not route S1-S7.
Conn1,F56,GND,power_shared,GND,GND,GND,GND,GND,GND,GND,GND,yes,OCP-named power/ground on all 8 seats. P48V = local per-seat pour on 16 Conn0 pads after fuse keepout; NOT a 100A flood. P12V2 Unknown/may be NC. Do not tie P48V to D3000E-S1 (12 V). DO NOT ENERGIZE.
Conn1,G56,DEBUG_PORT_PRSNT#,ocp_sideband,OAM0_DEBUG_PORT_PRSNT#,OAM1_DEBUG_PORT_PRSNT#,OAM2_DEBUG_PORT_PRSNT#,OAM3_DEBUG_PORT_PRSNT#,OAM4_DEBUG_PORT_PRSNT#,OAM5_DEBUG_PORT_PRSNT#,OAM6_DEBUG_PORT_PRSNT#,OAM7_DEBUG_PORT_PRSNT#,yes,
Conn1,H56,GND,power_shared,GND,GND,GND,GND,GND,GND,GND,GND,yes,OCP-named power/ground on all 8 seats. P48V = local per-seat pour on 16 Conn0 pads after fuse keepout; NOT a 100A flood. P12V2 Unknown/may be NC. Do not tie P48V to D3000E-S1 (12 V). DO NOT ENERGIZE.
Conn1,J56,S4_RX4P,serdes_named_not_routed,,,,,,,,,no,Named SerDes (xGMI/IF candidate). NO NET on any seat. Do not route S1-S7.
Conn1,K56,GND,power_shared,GND,GND,GND,GND,GND,GND,GND,GND,yes,OCP-named power/ground on all 8 seats. P48V = local per-seat pour on 16 Conn0 pads after fuse keepout; NOT a 100A flood. P12V2 Unknown/may be NC. Do not tie P48V to D3000E-S1 (12 V). DO NOT ENERGIZE.
Conn1,L56,S4_RX14P,serdes_named_not_routed,,,,,,,,,no,Named SerDes (xGMI/IF candidate). NO NET on any seat. Do not route S1-S7.
Conn1,A57,GND,power_shared,GND,GND,GND,GND,GND,GND,GND,GND,yes,OCP-named power/ground on all 8 seats. P48V = local per-seat pour on 16 Conn0 pads after fuse keepout; NOT a 100A flood. P12V2 Unknown/may be NC. Do not tie P48V to D3000E-S1 (12 V). DO NOT ENERGIZE.
Conn1,B57,S4_TX6N,serdes_named_not_routed,,,,,,,,,no,Named SerDes (xGMI/IF candidate). NO NET on any seat. Do not route S1-S7.
Conn1,C57,GND,power_shared,GND,GND,GND,GND,GND,GND,GND,GND,yes,OCP-named power/ground on all 8 seats. P48V = local per-seat pour on 16 Conn0 pads after fuse keepout; NOT a 100A flood. P12V2 Unknown/may be NC. Do not tie P48V to D3000E-S1 (12 V). DO NOT ENERGIZE.
Conn1,D57,S4_TX15N,serdes_named_not_routed,,,,,,,,,no,Named SerDes (xGMI/IF candidate). NO NET on any seat. Do not route S1-S7.
Conn1,E57,GND,power_shared,GND,GND,GND,GND,GND,GND,GND,GND,yes,OCP-named power/ground on all 8 seats. P48V = local per-seat pour on 16 Conn0 pads after fuse keepout; NOT a 100A flood. P12V2 Unknown/may be NC. Do not tie P48V to D3000E-S1 (12 V). DO NOT ENERGIZE.
Conn1,F57,PLINK_CAP,ocp_sideband,OAM0_PLINK_CAP,OAM1_PLINK_CAP,OAM2_PLINK_CAP,OAM3_PLINK_CAP,OAM4_PLINK_CAP,OAM5_PLINK_CAP,OAM6_PLINK_CAP,OAM7_PLINK_CAP,yes,
Conn1,G57,GND,power_shared,GND,GND,GND,GND,GND,GND,GND,GND,yes,OCP-named power/ground on all 8 seats. P48V = local per-seat pour on 16 Conn0 pads after fuse keepout; NOT a 100A flood. P12V2 Unknown/may be NC. Do not tie P48V to D3000E-S1 (12 V). DO NOT ENERGIZE.
Conn1,H57,S4_RX5N,serdes_named_not_routed,,,,,,,,,no,Named SerDes (xGMI/IF candidate). NO NET on any seat. Do not route S1-S7.
Conn1,J57,GND,power_shared,GND,GND,GND,GND,GND,GND,GND,GND,yes,OCP-named power/ground on all 8 seats. P48V = local per-seat pour on 16 Conn0 pads after fuse keepout; NOT a 100A flood. P12V2 Unknown/may be NC. Do not tie P48V to D3000E-S1 (12 V). DO NOT ENERGIZE.
Conn1,K57,S4_RX15N,serdes_named_not_routed,,,,,,,,,no,Named SerDes (xGMI/IF candidate). NO NET on any seat. Do not route S1-S7.
Conn1,L57,GND,power_shared,GND,GND,GND,GND,GND,GND,GND,GND,yes,OCP-named power/ground on all 8 seats. P48V = local per-seat pour on 16 Conn0 pads after fuse keepout; NOT a 100A flood. P12V2 Unknown/may be NC. Do not tie P48V to D3000E-S1 (12 V). DO NOT ENERGIZE.
Conn1,A58,GND,power_shared,GND,GND,GND,GND,GND,GND,GND,GND,yes,OCP-named power/ground on all 8 seats. P48V = local per-seat pour on 16 Conn0 pads after fuse keepout; NOT a 100A flood. P12V2 Unknown/may be NC. Do not tie P48V to D3000E-S1 (12 V). DO NOT ENERGIZE.
Conn1,B58,S4_TX6P,serdes_named_not_routed,,,,,,,,,no,Named SerDes (xGMI/IF candidate). NO NET on any seat. Do not route S1-S7.
Conn1,C58,GND,power_shared,GND,GND,GND,GND,GND,GND,GND,GND,yes,OCP-named power/ground on all 8 seats. P48V = local per-seat pour on 16 Conn0 pads after fuse keepout; NOT a 100A flood. P12V2 Unknown/may be NC. Do not tie P48V to D3000E-S1 (12 V). DO NOT ENERGIZE.
Conn1,D58,S4_TX15P,serdes_named_not_routed,,,,,,,,,no,Named SerDes (xGMI/IF candidate). NO NET on any seat. Do not route S1-S7.
Conn1,E58,GND,power_shared,GND,GND,GND,GND,GND,GND,GND,GND,yes,OCP-named power/ground on all 8 seats. P48V = local per-seat pour on 16 Conn0 pads after fuse keepout; NOT a 100A flood. P12V2 Unknown/may be NC. Do not tie P48V to D3000E-S1 (12 V). DO NOT ENERGIZE.
Conn1,F58,DWN_PERST#,clock_reset,OAM0_DWN_PERST#,OAM1_DWN_PERST#,OAM2_DWN_PERST#,OAM3_DWN_PERST#,OAM4_DWN_PERST#,OAM5_DWN_PERST#,OAM6_DWN_PERST#,OAM7_DWN_PERST#,yes,
Conn1,G58,GND,power_shared,GND,GND,GND,GND,GND,GND,GND,GND,yes,OCP-named power/ground on all 8 seats. P48V = local per-seat pour on 16 Conn0 pads after fuse keepout; NOT a 100A flood. P12V2 Unknown/may be NC. Do not tie P48V to D3000E-S1 (12 V). DO NOT ENERGIZE.
Conn1,H58,S4_RX5P,serdes_named_not_routed,,,,,,,,,no,Named SerDes (xGMI/IF candidate). NO NET on any seat. Do not route S1-S7.
Conn1,J58,GND,power_shared,GND,GND,GND,GND,GND,GND,GND,GND,yes,OCP-named power/ground on all 8 seats. P48V = local per-seat pour on 16 Conn0 pads after fuse keepout; NOT a 100A flood. P12V2 Unknown/may be NC. Do not tie P48V to D3000E-S1 (12 V). DO NOT ENERGIZE.
Conn1,K58,S4_RX15P,serdes_named_not_routed,,,,,,,,,no,Named SerDes (xGMI/IF candidate). NO NET on any seat. Do not route S1-S7.
Conn1,L58,GND,power_shared,GND,GND,GND,GND,GND,GND,GND,GND,yes,OCP-named power/ground on all 8 seats. P48V = local per-seat pour on 16 Conn0 pads after fuse keepout; NOT a 100A flood. P12V2 Unknown/may be NC. Do not tie P48V to D3000E-S1 (12 V). DO NOT ENERGIZE.
Conn1,A59,S4_TX7N,serdes_named_not_routed,,,,,,,,,no,Named SerDes (xGMI/IF candidate). NO NET on any seat. Do not route S1-S7.
Conn1,B59,GND,power_shared,GND,GND,GND,GND,GND,GND,GND,GND,yes,OCP-named power/ground on all 8 seats. P48V = local per-seat pour on 16 Conn0 pads after fuse keepout; NOT a 100A flood. P12V2 Unknown/may be NC. Do not tie P48V to D3000E-S1 (12 V). DO NOT ENERGIZE.
Conn1,C59,RFU,unmapped_nc,,,,,,,,,no,Named in v1.0 but AMD overlay unknown or reserved; no copper
Conn1,D59,GND,power_shared,GND,GND,GND,GND,GND,GND,GND,GND,yes,OCP-named power/ground on all 8 seats. P48V = local per-seat pour on 16 Conn0 pads after fuse keepout; NOT a 100A flood. P12V2 Unknown/may be NC. Do not tie P48V to D3000E-S1 (12 V). DO NOT ENERGIZE.
Conn1,E59,DWN_REFCLKP,clock_reset,OAM0_DWN_REFCLKP,OAM1_DWN_REFCLKP,OAM2_DWN_REFCLKP,OAM3_DWN_REFCLKP,OAM4_DWN_REFCLKP,OAM5_DWN_REFCLKP,OAM6_DWN_REFCLKP,OAM7_DWN_REFCLKP,yes,
Conn1,F59,GND,power_shared,GND,GND,GND,GND,GND,GND,GND,GND,yes,OCP-named power/ground on all 8 seats. P48V = local per-seat pour on 16 Conn0 pads after fuse keepout; NOT a 100A flood. P12V2 Unknown/may be NC. Do not tie P48V to D3000E-S1 (12 V). DO NOT ENERGIZE.
Conn1,G59,S4_RX7N,serdes_named_not_routed,,,,,,,,,no,Named SerDes (xGMI/IF candidate). NO NET on any seat. Do not route S1-S7.
Conn1,H59,GND,power_shared,GND,GND,GND,GND,GND,GND,GND,GND,yes,OCP-named power/ground on all 8 seats. P48V = local per-seat pour on 16 Conn0 pads after fuse keepout; NOT a 100A flood. P12V2 Unknown/may be NC. Do not tie P48V to D3000E-S1 (12 V). DO NOT ENERGIZE.
Conn1,J59,S4_RX6N,serdes_named_not_routed,,,,,,,,,no,Named SerDes (xGMI/IF candidate). NO NET on any seat. Do not route S1-S7.
Conn1,K59,GND,power_shared,GND,GND,GND,GND,GND,GND,GND,GND,yes,OCP-named power/ground on all 8 seats. P48V = local per-seat pour on 16 Conn0 pads after fuse keepout; NOT a 100A flood. P12V2 Unknown/may be NC. Do not tie P48V to D3000E-S1 (12 V). DO NOT ENERGIZE.
Conn1,L59,JTAG1 _TRST,mgmt_stub,OAM0_JTAG1_TRST,OAM1_JTAG1_TRST,OAM2_JTAG1_TRST,OAM3_JTAG1_TRST,OAM4_JTAG1_TRST,OAM5_JTAG1_TRST,OAM6_JTAG1_TRST,OAM7_JTAG1_TRST,yes,
Conn1,A60,S4_TX7P,serdes_named_not_routed,,,,,,,,,no,Named SerDes (xGMI/IF candidate). NO NET on any seat. Do not route S1-S7.
Conn1,B60,GND,power_shared,GND,GND,GND,GND,GND,GND,GND,GND,yes,OCP-named power/ground on all 8 seats. P48V = local per-seat pour on 16 Conn0 pads after fuse keepout; NOT a 100A flood. P12V2 Unknown/may be NC. Do not tie P48V to D3000E-S1 (12 V). DO NOT ENERGIZE.
Conn1,C60,RFU,unmapped_nc,,,,,,,,,no,Named in v1.0 but AMD overlay unknown or reserved; no copper
Conn1,D60,GND,power_shared,GND,GND,GND,GND,GND,GND,GND,GND,yes,OCP-named power/ground on all 8 seats. P48V = local per-seat pour on 16 Conn0 pads after fuse keepout; NOT a 100A flood. P12V2 Unknown/may be NC. Do not tie P48V to D3000E-S1 (12 V). DO NOT ENERGIZE.
Conn1,E60,DWN_REFCLKN,clock_reset,OAM0_DWN_REFCLKN,OAM1_DWN_REFCLKN,OAM2_DWN_REFCLKN,OAM3_DWN_REFCLKN,OAM4_DWN_REFCLKN,OAM5_DWN_REFCLKN,OAM6_DWN_REFCLKN,OAM7_DWN_REFCLKN,yes,
Conn1,F60,GND,power_shared,GND,GND,GND,GND,GND,GND,GND,GND,yes,OCP-named power/ground on all 8 seats. P48V = local per-seat pour on 16 Conn0 pads after fuse keepout; NOT a 100A flood. P12V2 Unknown/may be NC. Do not tie P48V to D3000E-S1 (12 V). DO NOT ENERGIZE.
Conn1,G60,S4_RX7P,serdes_named_not_routed,,,,,,,,,no,Named SerDes (xGMI/IF candidate). NO NET on any seat. Do not route S1-S7.
Conn1,H60,GND,power_shared,GND,GND,GND,GND,GND,GND,GND,GND,yes,OCP-named power/ground on all 8 seats. P48V = local per-seat pour on 16 Conn0 pads after fuse keepout; NOT a 100A flood. P12V2 Unknown/may be NC. Do not tie P48V to D3000E-S1 (12 V). DO NOT ENERGIZE.
Conn1,J60,S4_RX6P,serdes_named_not_routed,,,,,,,,,no,Named SerDes (xGMI/IF candidate). NO NET on any seat. Do not route S1-S7.
Conn1,K60,GND,power_shared,GND,GND,GND,GND,GND,GND,GND,GND,yes,OCP-named power/ground on all 8 seats. P48V = local per-seat pour on 16 Conn0 pads after fuse keepout; NOT a 100A flood. P12V2 Unknown/may be NC. Do not tie P48V to D3000E-S1 (12 V). DO NOT ENERGIZE.
Conn1,L60,JTAG1 _TMS,mgmt_stub,OAM0_JTAG1_TMS,OAM1_JTAG1_TMS,OAM2_JTAG1_TMS,OAM3_JTAG1_TMS,OAM4_JTAG1_TMS,OAM5_JTAG1_TMS,OAM6_JTAG1_TMS,OAM7_JTAG1_TMS,yes,
Conn1,A61,GND,power_shared,GND,GND,GND,GND,GND,GND,GND,GND,yes,OCP-named power/ground on all 8 seats. P48V = local per-seat pour on 16 Conn0 pads after fuse keepout; NOT a 100A flood. P12V2 Unknown/may be NC. Do not tie P48V to D3000E-S1 (12 V). DO NOT ENERGIZE.
Conn1,B61,PE_BIF[1],ocp_sideband,OAM0_PE_BIF[1],OAM1_PE_BIF[1],OAM2_PE_BIF[1],OAM3_PE_BIF[1],OAM4_PE_BIF[1],OAM5_PE_BIF[1],OAM6_PE_BIF[1],OAM7_PE_BIF[1],yes,
Conn1,C61,GND,power_shared,GND,GND,GND,GND,GND,GND,GND,GND,yes,OCP-named power/ground on all 8 seats. P48V = local per-seat pour on 16 Conn0 pads after fuse keepout; NOT a 100A flood. P12V2 Unknown/may be NC. Do not tie P48V to D3000E-S1 (12 V). DO NOT ENERGIZE.
Conn1,D61,MNGMT_LINK0TN,mgmt_link_named_not_routed,,,,,,,,,no,
Conn1,E61,GND,power_shared,GND,GND,GND,GND,GND,GND,GND,GND,yes,OCP-named power/ground on all 8 seats. P48V = local per-seat pour on 16 Conn0 pads after fuse keepout; NOT a 100A flood. P12V2 Unknown/may be NC. Do not tie P48V to D3000E-S1 (12 V). DO NOT ENERGIZE.
Conn1,F61,AUX_100M_REFCLKP,clock_reset,OAM0_AUX_100M_REFCLKP,OAM1_AUX_100M_REFCLKP,OAM2_AUX_100M_REFCLKP,OAM3_AUX_100M_REFCLKP,OAM4_AUX_100M_REFCLKP,OAM5_AUX_100M_REFCLKP,OAM6_AUX_100M_REFCLKP,OAM7_AUX_100M_REFCLKP,yes,
Conn1,G61,GND,power_shared,GND,GND,GND,GND,GND,GND,GND,GND,yes,OCP-named power/ground on all 8 seats. P48V = local per-seat pour on 16 Conn0 pads after fuse keepout; NOT a 100A flood. P12V2 Unknown/may be NC. Do not tie P48V to D3000E-S1 (12 V). DO NOT ENERGIZE.
Conn1,H61,MNGMT_LINK0RN,mgmt_link_named_not_routed,,,,,,,,,no,
Conn1,J61,GND,power_shared,GND,GND,GND,GND,GND,GND,GND,GND,yes,OCP-named power/ground on all 8 seats. P48V = local per-seat pour on 16 Conn0 pads after fuse keepout; NOT a 100A flood. P12V2 Unknown/may be NC. Do not tie P48V to D3000E-S1 (12 V). DO NOT ENERGIZE.
Conn1,K61,JTAG1 _TCK,mgmt_stub,OAM0_JTAG1_TCK,OAM1_JTAG1_TCK,OAM2_JTAG1_TCK,OAM3_JTAG1_TCK,OAM4_JTAG1_TCK,OAM5_JTAG1_TCK,OAM6_JTAG1_TCK,OAM7_JTAG1_TCK,yes,
Conn1,L61,GND,power_shared,GND,GND,GND,GND,GND,GND,GND,GND,yes,OCP-named power/ground on all 8 seats. P48V = local per-seat pour on 16 Conn0 pads after fuse keepout; NOT a 100A flood. P12V2 Unknown/may be NC. Do not tie P48V to D3000E-S1 (12 V). DO NOT ENERGIZE.
Conn1,A62,GND,power_shared,GND,GND,GND,GND,GND,GND,GND,GND,yes,OCP-named power/ground on all 8 seats. P48V = local per-seat pour on 16 Conn0 pads after fuse keepout; NOT a 100A flood. P12V2 Unknown/may be NC. Do not tie P48V to D3000E-S1 (12 V). DO NOT ENERGIZE.
Conn1,B62,PE_BIF[0],ocp_sideband,OAM0_PE_BIF[0],OAM1_PE_BIF[0],OAM2_PE_BIF[0],OAM3_PE_BIF[0],OAM4_PE_BIF[0],OAM5_PE_BIF[0],OAM6_PE_BIF[0],OAM7_PE_BIF[0],yes,
Conn1,C62,GND,power_shared,GND,GND,GND,GND,GND,GND,GND,GND,yes,OCP-named power/ground on all 8 seats. P48V = local per-seat pour on 16 Conn0 pads after fuse keepout; NOT a 100A flood. P12V2 Unknown/may be NC. Do not tie P48V to D3000E-S1 (12 V). DO NOT ENERGIZE.
Conn1,D62,MNGMT_LINK0TP,mgmt_link_named_not_routed,,,,,,,,,no,
Conn1,E62,GND,power_shared,GND,GND,GND,GND,GND,GND,GND,GND,yes,OCP-named power/ground on all 8 seats. P48V = local per-seat pour on 16 Conn0 pads after fuse keepout; NOT a 100A flood. P12V2 Unknown/may be NC. Do not tie P48V to D3000E-S1 (12 V). DO NOT ENERGIZE.
Conn1,F62,AUX_100M_REFCLKN,clock_reset,OAM0_AUX_100M_REFCLKN,OAM1_AUX_100M_REFCLKN,OAM2_AUX_100M_REFCLKN,OAM3_AUX_100M_REFCLKN,OAM4_AUX_100M_REFCLKN,OAM5_AUX_100M_REFCLKN,OAM6_AUX_100M_REFCLKN,OAM7_AUX_100M_REFCLKN,yes,
Conn1,G62,GND,power_shared,GND,GND,GND,GND,GND,GND,GND,GND,yes,OCP-named power/ground on all 8 seats. P48V = local per-seat pour on 16 Conn0 pads after fuse keepout; NOT a 100A flood. P12V2 Unknown/may be NC. Do not tie P48V to D3000E-S1 (12 V). DO NOT ENERGIZE.
Conn1,H62,MNGMT_LINK0RP,mgmt_link_named_not_routed,,,,,,,,,no,
Conn1,J62,GND,power_shared,GND,GND,GND,GND,GND,GND,GND,GND,yes,OCP-named power/ground on all 8 seats. P48V = local per-seat pour on 16 Conn0 pads after fuse keepout; NOT a 100A flood. P12V2 Unknown/may be NC. Do not tie P48V to D3000E-S1 (12 V). DO NOT ENERGIZE.
Conn1,K62,JTAG1 _TDO,mgmt_stub,OAM0_JTAG1_TDO,OAM1_JTAG1_TDO,OAM2_JTAG1_TDO,OAM3_JTAG1_TDO,OAM4_JTAG1_TDO,OAM5_JTAG1_TDO,OAM6_JTAG1_TDO,OAM7_JTAG1_TDO,yes,
Conn1,L62,GND,power_shared,GND,GND,GND,GND,GND,GND,GND,GND,yes,OCP-named power/ground on all 8 seats. P48V = local per-seat pour on 16 Conn0 pads after fuse keepout; NOT a 100A flood. P12V2 Unknown/may be NC. Do not tie P48V to D3000E-S1 (12 V). DO NOT ENERGIZE.
Conn1,C63,PRSNT1#,clock_reset,OAM0_PRSNT1#,OAM1_PRSNT1#,OAM2_PRSNT1#,OAM3_PRSNT1#,OAM4_PRSNT1#,OAM5_PRSNT1#,OAM6_PRSNT1#,OAM7_PRSNT1#,yes,
Conn1,D63,GND,power_shared,GND,GND,GND,GND,GND,GND,GND,GND,yes,OCP-named power/ground on all 8 seats. P48V = local per-seat pour on 16 Conn0 pads after fuse keepout; NOT a 100A flood. P12V2 Unknown/may be NC. Do not tie P48V to D3000E-S1 (12 V). DO NOT ENERGIZE.
Conn1,E63,MNGMT_LINK1TP,mgmt_link_named_not_routed,,,,,,,,,no,
Conn1,F63,GND,power_shared,GND,GND,GND,GND,GND,GND,GND,GND,yes,OCP-named power/ground on all 8 seats. P48V = local per-seat pour on 16 Conn0 pads after fuse keepout; NOT a 100A flood. P12V2 Unknown/may be NC. Do not tie P48V to D3000E-S1 (12 V). DO NOT ENERGIZE.
Conn1,G63,MNGMT_LINK1RP,mgmt_link_named_not_routed,,,,,,,,,no,
Conn1,H63,GND,power_shared,GND,GND,GND,GND,GND,GND,GND,GND,yes,OCP-named power/ground on all 8 seats. P48V = local per-seat pour on 16 Conn0 pads after fuse keepout; NOT a 100A flood. P12V2 Unknown/may be NC. Do not tie P48V to D3000E-S1 (12 V). DO NOT ENERGIZE.
Conn1,J63,JTAG1 _TDI,mgmt_stub,OAM0_JTAG1_TDI,OAM1_JTAG1_TDI,OAM2_JTAG1_TDI,OAM3_JTAG1_TDI,OAM4_JTAG1_TDI,OAM5_JTAG1_TDI,OAM6_JTAG1_TDI,OAM7_JTAG1_TDI,yes,
Conn1,C64,THERMTRIP#,ocp_sideband,OAM0_THERMTRIP#,OAM1_THERMTRIP#,OAM2_THERMTRIP#,OAM3_THERMTRIP#,OAM4_THERMTRIP#,OAM5_THERMTRIP#,OAM6_THERMTRIP#,OAM7_THERMTRIP#,yes,
Conn1,D64,GND,power_shared,GND,GND,GND,GND,GND,GND,GND,GND,yes,OCP-named power/ground on all 8 seats. P48V = local per-seat pour on 16 Conn0 pads after fuse keepout; NOT a 100A flood. P12V2 Unknown/may be NC. Do not tie P48V to D3000E-S1 (12 V). DO NOT ENERGIZE.
Conn1,E64,MNGMT_LINK1TN,mgmt_link_named_not_routed,,,,,,,,,no,
Conn1,F64,GND,power_shared,GND,GND,GND,GND,GND,GND,GND,GND,yes,OCP-named power/ground on all 8 seats. P48V = local per-seat pour on 16 Conn0 pads after fuse keepout; NOT a 100A flood. P12V2 Unknown/may be NC. Do not tie P48V to D3000E-S1 (12 V). DO NOT ENERGIZE.
Conn1,G64,MNGMT_LINK1RN,mgmt_link_named_not_routed,,,,,,,,,no,
Conn1,H64,GND,power_shared,GND,GND,GND,GND,GND,GND,GND,GND,yes,OCP-named power/ground on all 8 seats. P48V = local per-seat pour on 16 Conn0 pads after fuse keepout; NOT a 100A flood. P12V2 Unknown/may be NC. Do not tie P48V to D3000E-S1 (12 V). DO NOT ENERGIZE.
Conn1,J64,RFU,unmapped_nc,,,,,,,,,no,Named in v1.0 but AMD overlay unknown or reserved; no copper
